기초영어,김효선,24,Spring,5.0,교수님이 학생 한명한명 엄청 신경써서 배려해주십니다ㅎㅎ
기초영어,김효선,23,Spring,4.0,"일단 과제도 많고 로드 좀 많아요. 교수님은 좋으세요 친절하셨고 매번 조를 바꾼 적도 있고 일단 그냥 이 강의 20명과 한번씩은 말을 하게될거고 친구도 만들어지더라구요  나쁘지않아요 과제가 많고 녹음도 해야하고 읽는 것도 많고 발표 매우 많아요 매우 생각보다 매우  네 좋아요 모든 분들 화이팅"
기초영어,김효선,23,Spring,5.0,교수님.. 정말 천사심. 일단 정말 천사시고 너무 착하시고 너무 잘 봐주시고 시험문제도 친절함.. ㅠㅡㅠㅜㅠㅜㅠㅜㅠㅜㅜㅜㅠ 로드가 좀 있지만 그래도 일단 교수님이 너무 좋으셔서 문제없삼.
기초영어,김효선,22,Fall,5.0,교수님 진짜 짱짱!!!! 좋으십니다!!!!!! 강의를 학생들이 즐길 수 있게 재미있게 구성하시고 무엇보다 엄청 친철하십니다!! 그리고 다른 기영 수업에 비해서 과제가 많이 적은 편입니다 꼭 들으세요!!!
기초영어,방미혜,23,Spring,5.0,교수님도 재밌으시고 성적도 출석만 하면 통과할 수 있는 수준이었어요
기초영어,방미혜,23,Fall,5.0,친절하시고 학생들을 배려하려는 모습이 두드러집니다. 후회 없는 기초영어였습니다.
기초영어,방미혜,23,Fall,5.0,"시험도 쉽고 교수님도 너무 좋으시고 랩 조교님 너무 좋으세요.. 출석만 따박따박 잘 하면 어떻게든 통과할 수 있게 도와주세요 시험도 어렵지 않고 정말 기초영어에 어울리는 강의였어요 특히 영어 따라가기 힘든 음대생 분들한테 추천해요"
기초영어,방미혜,23,Spring,5.0,교수님 정말정말 좋아요!! 성격도 좋으시고 학생들 한명한명 많이 생각해주시고 수업도 잘 하십니다! 기영 처음 갈때 영어강의라 무서워하며 갔었는데 교수님 발음도 좋으시고 쉽게 천천히 말해주셔서 한학기 내내 마음 편히 듣는 수업이었습니다. 방미혜 교수님 감사합니다!!
기초영어,방미혜,23,Spring,5.0,"교수님 정말 좋은 분이세요~ 하나라도 더 알려 주시려고 하셔서 많이 배워갈 수 있었어요."
기초영어,방미혜,23,Spring,5.0,"선생님 진짜 너무 좋으시고 쿨하세요! 수업 내용도 귀에 잘 들어오고 최대한 학생들이 점수 가져갈 수 있게 해주세요 s/u 부담도 적고 선생님 너무 멋지고 좋으세요ㅜㅜ기영은 무조건 방미혜 교수님!! 다만 출석이 깐깐한것 같습니다.코로나,예비군 외엔 증빙서류 내도 출석인정로 쳐주시지 않아서 최대한 안빠지려고 노력했던것같아요.그래도 빠진 그날그날 과제포인트 받아갈수 있는 시스템이라 빠져도 포인트  조금이라도 가져갈 수 있게 해주셔요!"
기초영어,방미혜,23,Summer,5.0,교수님 유쾌하고 재밌습니다 과제도 수업시간에 할 시간을 주셔서 따로 시간 낼 필요는 없었습니다
기초영어,방미혜,23,Spring,5.0,"진짜최고..ㅠㅠ......... 너무 얻어가는게 많았어요"
기초영어,방미혜,23,Spring,5.0,교수님이 유쾌하시고 수업을 잘하십니다 기영을 들어야 하는 학생이라면 모두 방미혜 교수님강의를 듣길!
기초영어,방미혜,23,Spring,5.0,"“기초영어는 방미혜 교수님께”  출결은 매번 직접 부르십니다.  강의력 너무 좋으시고 항상 저희에게 많은 것을 알려주시려고 노력하십니다. 매 수업 끝날 때마다 간단한 주제로 4~5문장 etl에 쓰고 재출하는 활동이 있습니다. 가끔 이거보다 조금 더 길게 써야 되는 writing assignment가 있는데 수업시간에 작성할 시간 주시고 첨삭도 해주십니다.  Writing lab 중간기말은 30분씩 공부해 가면 거의 다 맞을 수준으로 내십니다. 수업 시간 외에 할 건 시험공부밖에 없습니다.  Speaking lab 조교님도 너무 좋으시고 간단하게 기말에 시험 두 번정도 봤는데 수업시간에 준비할 시간 주십니다.  끝으로 etl 기말고사 성적란에 학생별로 코멘트를 달아주시는 세심함까지! 한국인인데 탭스 못봤다면 방미혜 교수님의 기초영어 들읍시다."
기초영어,방미혜,23,Spring,5.0,"교수님 정말 좋으십니다. 기초영어 들어야 한다면 꼭 방미혜 교수님 수업 들으세요! 우선 S/U인 만큼 최대한 학생들 부담을 덜어주려고 노력하시고, 오히려 교수님이 수강생들 U 뜰까봐 걱정하시며 항상 챙겨주십니다.  성적 평가는 출석&Participation(20%) + 중간고사(20%) + 기말고사(25%) + Writing Assignments(15%) + 발표(10%) + Speaking Lap(10%)로 총 80점이 넘으면 S를 받을 수 있습니다.  Participation은 수업 끝나기 전에 주제를 주시고, 그것에 대해 4-5문장 정도 영어로 작문하면 됩니다. 교수님이 수업 끝나기 전에 쓴 것을 일일이 다 확인해주십니다.  시험은 크게 단어랑 문법으로 나뉘는데 수업을 들었다면 난이도는 그리 어렵지 않습니다.   Writing Assignments는 두 번 정도 간단한 에세이를 쓰는 것이고, 이것도 수업 시간에 쓰고 교수님께서 바로 확인해주셔서 부담이 없었습니다.  발표는 Elevator Pitch로 파트너와 대화하는 식으로 진행됐습니다. 발표 대본도 수업 시간에 쓰고 교수님께서 바로 확인해주십니다.  Speaking Lap 조교님도 너무 좋으셨고, 간단한 랩 시험을 두 번 봤습니다. 랩 시험 준비하는 시간도 따로 주셔서 편하게 준비할 수 있었습니다.  그래서 수업시간 외의 로드는 아예 없었다고 보면 됩니다! 교수님 강의도 잘 가르치시고, 성격도 너무 좋으세요 강추"
기초영어,방미혜,23,Spring,4.0,"친절하십니다. S/U이고 기영인만큼 최대한 한번에 대부분의 학생들이 S를 받을수있도록 점수를 후하게 주시려고 노력하시고 시험힌트도 주십니다. 수업 최대 4번까지 빠져도 S받을수있습니다. 아무리 영어 못하더라도 시험 적당한 수준 내에서만 못보고 출결 열심히 하고 하라는것만 하면 S 받을수있습니다. 참고로 매주수업마다 글쓰기 간단하게 몇문장 쓰는거 시키십니다."
기초영어,김진,23,Fall,2.0,"교수님은 착하고 좋으십니다 동물로 비유하자면 양 같으세요 그러나 기초영어 수업치고 굉장히 요구하는 점이 많으시고 목소리가 작으시고 말끝을 흐리십니다 나중엔 그냥 흘려 듣고 눈치로 잘 알아들었습니다 텝스 보기 싫으신 분들 그냥 텝스 보세요 기영을 듣는 순간 시간표가 엉망이 됩니다 가성비 최악의 강의 ^0^"
기초영어,김진,23,Spring,5.0,당일에 교과서 범위 한 번 읽고 문제 풀고가면 S는 여유롭게 가능..교수님 착하시고 좋아요
기초영어,김진,23,Spring,5.0,기영답게 큰 무리는 없는 수업입니다. 당일 공부했는데 큰 무리 없이 S 나왔습니다. 교수님하고 친해지면 은근히 재밌더라고요. 물론 이번 학기 학생들도 너무 좋고 재밌었습니다. 개인적으로 이번 학기에 가장 괜찮은 수업이었던 거 같네요.
기초영어,김진,22,Fall,5.0,부담 없는 강의. 교수님도 정말 친절하고 좋으신 분이심
기초영어,김진,22,Summer,5.0,"교수님 좋은 분이셨어서 만족함  기영은 어차피 대충해도 S"
기초영어,이영화,23,Spring,5.0,"출석 랜덤시간에 etl에서 진행하심 교수님이 좀 커여우셧다 시험문제 영어로 되어있음"
기초영어,이영화,23,Spring,5.0,"기초영어 GOAT 친절하고 열심히 가르쳐주시는 교수님."
기초영어,이영화,22,Fall,5.0,"교수님 정말정말 친절하시고, 학생 개개인의 수준을 고려해, 잘 따라올 수 있도록 배려해주십니다. 기초영어만 강의하시는 것 같은데 대학영어도 담당하신다면 꼭 듣고 싶을 정도입니다. 기초영어는 이영화 교수님과 함께!"
기초영어,이미정,22,Spring,4.0,영어를 못해도 아무 문제 없다. 교수님도 매우 친절하시다. 단 수업 내용이 좀 지루하다...
기초영어,김선재,22,Spring,5.0,처음 수신할 때 신청한 사람이 별로 없길래 걱정했는데 그런 걱정을 할 필요가 없었습니다. 기영 들어야하면 그냥 무조건 갓선재! 교수님 강의 들으세요
기초영어,김선재,22,Spring,5.0,너무 착하세요 ㅜㅜ 학생들이 영어에 흥미를 느꼈으면 하는 열정이 고대로 전해집니다. 그리고 호응도 잘 해주셔서 우리 기영이들에게 자신감을 심어주는 그저 천사같으신 분.
기초영어,김선재,22,Spring,5.0,본 수업의 교수님이 수업에 열정이 있으셔서 학생들의 열정 있는 수업 태도를  중요시하시는듯합니다. 랩 수업의 교수님도 너무 착하시고 좋았습니다.
기초영어,김선재,22,Spring,5.0,사랑합니다 선생님.. 그저 빛만 보입니다 기영둥이들의 희망!
기초영어,김선재,22,Spring,5.0,"기영은 무조건 이 수업들으세요 과제도 별로없고 시험 ,발표도 부담 하나도 없습니다 오픈북이여서 더더욱이요"
기초영어,김선재,21,Fall,5.0,"제가 느끼기에 과제 다른 기영에 비해 정말 적은 것 같아요! 준비할 것도 많이 없어서 제일 부담 적은 수업이었습니다. 다만 수업이 좀 느젝 끝날 때가 몇 번 있었어요!ㅎㅎ 하지만 교수님, 조교님 다 너무 친절해서 엄청 수월하게 재밌게 잘 들었습니다!!"
기초영어,김선재,22,Spring,5.0,"교수님도 랩수업 조교님?도 넘 착하셔요... 로드 거의 없고 쪽지시험 한 두번에 중간, 기말 시험 이렇게 봤었던 것 같네용! 교수님이 키우시는 고양이 보여주셨는데 진짜 넘 졸귀........."
기초영어,김선재,21,Fall,5.0,"갓선재와 갓브라이언.. 정말 찐 힐링과목이었고 학우분들 다 귀여우심 브라이언 내가 본 원어민(?) 중에 정말 정말 착하신 분 같다ㅠㅠ 교수님 정말 친절하시고, 마음이 따뜻해졌음 고양이 귀여움 ㅎㅎㅎ"
기초영어,김선재,21,Fall,5.0,수강신청 때 노네임이었던 거 같은데 좋은 선택이었던 거 같아요~ 과제도 별로 없고 거의 수업 시간에 해결 가능하고 교수님도 정말 친절하시고 좋았어요!! 랩 수업도 부담 심하지 않고 시험기간에는 빨리 끝내주시기도 해서 편했습니다~
기초영어,김선재,21,Fall,5.0,"일단  강사님께서 정말 정말 친절하시고 착하십니다!! 학생들 편의도 많이 봐주시고 정말 최고입니다!! 과제도 별로 없고, 시험도 오픈북 형식에 문장 만들기여서 매우 쉽게 푸실 수 있으세요! 랩수업 강사님도 매우 친절하시고 점수 엄청 후하게 주십니다! 잘 못해도 기분 좋게 웃으시면서 들어주세요 ㅎㅎ 그래서 자신감 얻고 말하게 됩니다!! 저는 발표도 많이 하고 참여도 많이 해서 그런지 참 재밌게 들었던 수업입니다! 강사님 두분 다 완전 좋아요♡♡"
기초영어,김선재,21,Fall,5.0,"교수님 랩조교님 모두 부담을 하나도 안 주셔서 좋았어요 과제도 거의 강의 중에 하는 거였고 전 재밌게 들었습니다"
기초영어,한희승,23,Spring,5.0,교수님이 조금 바쁘신 편. 강의를 잘하심. 발음이 좋음… 너그러우시고 학생들 많이 생각해 주시는 분
기초영어,한희승,23,Spring,5.0,"말이 필요없는 GOAT 이거밖에 듣진 않았는데 기초영어 듣게 된다면 꼭 선택하자"
기초영어,한희승,22,Spring,5.0,교수님 발음이 정말 좋고 뚜렷합니다. 주마다 자잘한 과제 나가는데 양이 정말 적어서 할 만합니다. 안하는 사람도 있는 듯 한데 그렇다고 U 받진 않고 성적은 시험에서 갈림. 큰 과제 피드백이나 상담할 때 진심으로 조언해주셔서 좋았습니다.
기초영어,한희승,22,Spring,5.0,시험 문제 수나 그런건 좀 많을지 몰라도 교수님도 좋으시고 다른 과 사람들이랑 친해질 수 있어서 좋았음.
기초영어,한희승,22,Spring,5.0,"교수님이 열정적이세요! 얻어가는 게 많은 강의였습니다 시험은 중간 기말 두 번 다 있습니다 공부하면 충분히 풀어낼 수 있는 수준의 시험이었어요 수강하는 학생들 다 올려보내려고 최대한 점수를 퍼주세요 ㅠ 너무 감사했던... 시험 점수가 부족하다 싶으면 보너스 과제나 문제를 열심히 풀면 됩니다! 스피킹 랩 선생님도 너무 좋으신 분이었어요~   기영 특성상 로드 많고 과제도 많고 조별 모임도 매 수업마다 있지만 얻어가는 것 많고 딱 기초를 다지고 간 것 같아서 기분이 좋습니다"
기초영어,한희승,22,Spring,5.0,"생각보다 안 귀찮고 좋았어요. 과제도 매주 자잘하게 있지만 금방금방 해결할 정도라 ㄱㅊ"
기초영어,한희승,22,Spring,5.0,정말 좋습니다 꿀강 쉬엄쉬엄 편안하게 할 수 있는 수업인거 같아요
기초영어,한희승,21,Fall,5.0,"좋아요! 어짜피 치워야 하는 강의면 이거 들어요!"
기초영어,한희승,21,Fall,5.0,"다른 기영강의 안들어봐서 모르겠지만 과제 많고 귀찮은건 다 동일할 듯 합니다. 교수님께서 열정도 있으시고 상냥하시며 학생 생각을 많이 해주십니다. 수업중 in class activity과제와 매주 listening과제, grammer과제가 있으며 매 수업 출결 부를때 주어진 주제 관련 한줄정도 답 하는걸 합니다.(가장 좋아하는 영화가 뭔가요? 등등) 발음, 강세, 속도 다 좋아서 정말 잘들립니다. 강의력도 좋으십니다 어차피 들으셔야 한다면 나쁘지 않은 선택 같습니다."
기초영어,윤수진,23,Fall,5.0,1학점 치고 챙겨야 할 게 많긴 하지만 s/u여서 큰 부담은 없었습니다 교수님 강의력도 좋으시고 유쾌해서 한 학기동안 재미있게 수업 들었어요!!
기초영어,윤수진,22,Spring,5.0,과제가 많긴하지만 한시간 내로 뚝딱 가능이고 시험 공부도 전날 한시간이면 충분 교수님 너무 좋으신 분인게 느껴짐
기초영어,윤수진,22,Spring,5.0,윤수진교수님 너무 좋으시고 친절하시고.. 대부분의 영어수업이 그렇듯 스스로의 참여가 정말 중요하다. 시험도 어렵지 않고 내용도 고등학교때 비해서 정말 쉽지만 그래도 공부한다면 교과서 지문을 유심히 보는게 좋을것! 중간고사를 유일하게 만점받은(에센유라서 70점 이상이면 통과이긴 하지만.. 어쩌다보니)학생으로서 즐거웠던 수업이었다! 영어 스피킹과 발표에 대한 부담감도 점점 줄고 내 나름의 꿀팁은 수업 듣기 전에 팝송들으면서 학교가면 수업에서 입이 더 잘 털린다는 사실! 참고로 조교님도 친절하시고 밝으셔서 나도 웃게되는 힐링 강의:3
기초영어,윤수진,22,Spring,5.0,"기영이라 애초에 부담이 없었음. 중간때는 과제가 거의 없는데 기말때 발표, 랩수업 발표, 시험, 대본 제출까지 해야해서 1학점치고 로드가 많다는게 이거구나.. 를 느끼긴 했음. 근데 퀄리티는 중요하지 않고 제출만 잘 해도 좋은 점수 주셔서 거의 부담 제로. 무엇보다 교수님이 종종 학생들을 귀여워해주시는 모먼트가 있어서 수업분위기도 좋고 1학기 동안 제일 편했던 수업!! 시험은 진짜 수업 가기전 교재랑 피피티 한번만 훑어보고 가도 됨. 수업시간에 필기 할 필요없음"
기초영어,윤수진,21,Fall,4.0,교수님은 되게 착하고 좋으시고 유쾌하심 근데 다만 좀 수업 매시간마다 끝나고 과제가 있어서 힘들었음 ㅠㅠ 그래도 에쎈유니까..! 낫배드
기초영어,최석영,22,Spring,4.0,아침 9시 수업이 빡세긴 했지만 그걸 제외하곤 괜찮았습니다~ 어차피 에쎈유니까요!
기초영어,최석영,22,Spring,5.0,그냥 기초영어들을거면 이 교수님 강의 들어도 크게 문제 없어요. 무난하게 패스 받을 수 있는 것 같습니다. 기영둥이들 파이팅!
기초영어,최석영,21,Fall,1.0,음....기영인데 해야할것도 넘 많고 수업시간도 항상 초과하셨습니다. 막 강의력이 뛰어난것도 아니고..여러모로 아쉬움이 많은 수업이었습니다. 기영은 수신 쉬운거 듣지마시고 수신 빡센거 들으세요 제발.
기초영어,최석영,21,Fall,4.0,1학점 기영 치고 fm으로 빡세게 진행되고 로드 많은 건 인정. 다만 개인적으로 교수님께서 수업 준비도 열심히 하시는 것 같았고 교수님이 착하시고 친절하셔서 좋은 말도 많이 남겨주셨던 것 같은데 생각보다 강의평이 너무 안 좋아서 놀랐네요...교수님이 스피킹도 빠르지 않아서 리스닝이 어려우신 분들께 도움이 될 거 같아요..
기초영어,최석영,21,Fall,2.0,기영임에도 불구하고 교수님께서 원하시는게 많으심. 무조건 기영 해치워야 하는거 아니면 비추천. 누구도 즐겁지 않은 수업이었음. 교수님이 한명 지명해서 뭐라하실때마다 불편했음.
기초영어,최석영,21,Fall,3.0,모범생 코스프레 하면 무난하게 패스합니다. 근데 메인 교수님이 스피킹은 좀 안좋으세요.
기초영어,최석영,21,Fall,3.0,저는 시험 뭐 잘 봣지만 정말 깐깐해요.. 하.. 그래도 픽이 안 빡세서 전 그냥 노네임드로 하고 치웠습니다 영어 대충 할줄 알면 그냥 대충 듣고 패스할 수는 있어요
기초영어,최석영,21,Fall,1.0,단 한번도 수강평 남겨본 적 없는데 이렇게 융통성 없는 교수 처음 봄  아무리 노네임이어도 듣지 마시길 ㅠ 진짜 진짜 너무 별로입니다 여러분...로드도 굉장히 많아요
기초영어,최석영,21,Fall,3.0,"수업에서 요구하시는 게 많긴 합니다 학점 공개도 조금 느린것 같아요 종강을 12월 9일에 했는데 12월 28인 지금도 성적이 안나오네요 기영 어차피 s/u니까 부담가지지 말고 아무거나 들으셔도 될 듯 합니다"
기초영어,최석영,21,Fall,5.0,"확실히 수업에서 요구하시는게 많긴 합니다 항상 수업시간을 꽉 채워서 활동을 하셨어요 그런데 시험이나 수업 때 요구하는 수준이 높지 않아요 수업 시간 외에 과제도 시간을 많이 필요로 하지 않습니다 애초에 몇 개 없었어요 무난하게 다들 s 받으실 수 있습니다 수업이 끝나고 아직 학점은 안 나왔지만 돌이켜 생각하면 좋았습니다 학생의 발전을 위해서 이런 저런 생각을 많이 해주시고 담임 선생님같은 느낌으로 신경 써주십니다 착하시고 따숩고.. 좀 귀여우심"
기초영어,최석영,21,Fall,1.0,"이 강의가 수강인원이 25명으로 꽉 찬 강의였는데 마지막 수업에 17인가 18명이 남은 수업이었음ㅋㅋ 기영을 일곱여덟명을 드랍하게 한 수업 영어를 잘하시는 편은 아님 랩 조교님에 비해 말도 많이 저는 편이고 단어와 단어 사이에 음..엄.. 이게 너무 심하셔서 수업 들을 때 많이 거슬리는 정도임 매주 자잘한 과제부터 시작해서 5시 50분에 끝나는 수업인데 매주 6시 넘겨서 끝냄 그리고 교수가 매우 깐깐함 그리고 카페에서 듣는 학생은 콕 찝어서 항상 지적하심  보면서 참.. 융통성 없으신 분이라 생각함"
기초영어,최석영,21,Fall,5.0,"다 좋은데... 진짜 기영치고는 평가라든지 수업방식이라든지 하는 부분이 굉장히 빡셉니다. 이 점 참고하시길.. 교수님이 그래도 친절하시고 착하시긴 합니다"
기초영어,전보미,22,Spring,5.0,기영을 들어야 한다면 무조건 추천 학생들 편의 많이 봐주시고 쉬는 시간 주시고 수업도 재밌어요!! 해야 하는 것만 다 하면 무난히 s 받을 수 있습니다
기초영어,전보미,21,Fall,5.0,수업시간은 꽉 채워서 진행하시지만 재밌고 부담도 적습니다. 영어에 대한 두려움을 없애주려고 노력하시고 그래서 문법보다는 스피킹 수업을 많이 했습니다. 부담 안 가게 노력 많이 해주세요! 무조건 S 가능 완전 가능
기초영어,전보미,21,Fall,5.0,기영 들으실 분은 무조건 ㄱ ㄱ 할 거만 다 하면 S 나와용
기초영어,전보미,21,Fall,5.0,걍 엄청 착하시고 부담도 줄어주려고 노력하신다 지금 안유명할때 빨리 꿀빠는것이 좋아보임!
기초영어,임지원,23,Fall,5.0,"한 학기 동안 임지원 교수님을 볼 수 있어서 행복했습니다! 기영 듣는 분들 중에 교수님 고민하고 계신다면 무조건 고민말고 이 수업을 듣는걸 추천드려요~ 내용도 형식적인 것보다 실전적인 부분을 많이 배우고 학생들의 편의를 정말 많이 생각해주십니다"
기초영어,임지원,22,Fall,5.0,"강의는 교재 내용 그대로 따라가기 보다는 실생활이랑 연관지은 내용들 위주로 설명해주십니다! 시험도 비대면 오픈북이라 전혀 부담없고, 과제는 기한만 잘 지키면 됩니다. 수업 중간중간에 게임하면서 친구 만들기 좋은 강의라고 생각합니다ㅎㅎ 교수님도 엄청 귀여우세요 강추"
기초영어,임지원,22,Fall,5.0,자잘자잘한 과제들(매우간단하고 어렵지않음) 성실히 제출하고 시험문제도 수업내용 거의 그대로 나와요
기초영어,임지원,22,Spring,5.0,"텝스 다시 치기는 귀찮아서 기영 치우려고 한건데 수업은 서울대생이라면 못따라갈 수가 없고 교수님 너무 좋으심 시험은 구글 폼으로 오픈북"
기초영어,임지원,21,Fall,5.0,영어 싫어해서 참고 넘기자는 마인드로 수강했는데 생각보다 수업이 재밌어서 듣게 됐음 ㅋㅋㅋ 꿀잼 bb 과제도 안 부담스럽고 시험도 쉽고 좋아요~
기초영어,임지원,21,Fall,5.0,"정말 좋으신 교수님입니다! 수업이 잼써요 ㅎㅎ 교수님이 엄청 귀여우시기도 하구요... ㅎㅎ 시험 같은 경우에도 어렵게 안내셔요! 이번에 처음 하신 교수님이라서 이것 저것 시도하시는 것 같던데 어떻게 보니까 좀 편했습니다 ㅎㅎ 간단하게 치우기엔 좋아요 ㅎㅎ 강추"
기초영어,최현빈,23,Spring,5.0,"진심 레전드… 교수님 사랑합니다🫶🏻 물론 S/U 지만 당연히 S 받았고 시험이 몇번 있는데 정말 안어려워요. 교수님이 정말 천사같아요… 들어보시면 압니다… 과 특성상 앞에 수업이 밀리곤 해서 10분정도 늦을 때가 있었는데 항상 이해해주시고… 갑자기 너무 감동적이네요 정말 눈물나오는 교수님이에요……"
기초영어,최현빈,23,Spring,5.0,"교수님 목소리 톤이 나근나근하시긴하지만, 정말 한학기 동안 편하게 수업듣고 왔습니다. 채점도 후하시고, 기영을 꼭 들어야한다면 들으시길 바래요."
기초영어,한솔지,23,Fall,5.0,"과목 특성상 수업을 잘 따라가도 잘 따라가지 못해도 현타가 오는 구조라 웬만하면 텝스 한번 더 치시는걸 추천합니다 다만 그냥 기영을 듣고 치우시겠다면 한솔지 교수님 정말 추천드립니다 시험도 교재 그대로 나오고 교수님도 다정하세요 물론… 과제는 다른 기영이 그렇듯 꽤나 많습니다 그래도 수업도 30분 일찍 끝내주시고 꽤 편했던 것 같습니다"
기초영어,한솔지,22,Spring,5.0,정말 천사🥹✨ 정말 너무 친절하시고 영어와 정말 안친한 저에게는 정말 빛같은 존재셨습니당 ㅠㅠ
기초영어,한솔지,22,Fall,5.0,학생 이름 모두 기억하실정도로 학생에 대한 애정이 많으세요. 시험문제도 교과서 그대로 나와서 부담이 없었네요. 감사했습니다.👍👍
기초영어,한솔지,22,Fall,5.0,"교수님은 천사 과제나 시험 모두 다 자세하게 하는 법 알려주시고 수업 때도 학생들이 잘 이해하지 못하는 부분은 자세히 설명해주십니다. 너무 친절하십니다"
기초영어,한솔지,22,Fall,5.0,"로드는 후반부에 랩수업과 합쳐져 빡세지만 수업도 활동 중심이고 기본적인 문법 정도 수업해서 편하게 들었습니다"
기초영어,한솔지,22,Spring,5.0,교수님깨서 학생들을 생각해주시는게 느껴져서 영어수업임에도 부담없이 들을 수 있었어요!
기초영어,한솔지,21,Fall,5.0,"교수님 사랑해요 그냥 이거 들으시면 교수님께서 모자란 부분(점수)은 추가로 채울수 있는 기회도 드리고 최고입니더... 한학기동안 정말 감사했습니다!!"
기초영어,최유정,21,Spring,5.0,"교수님, 조교님 모두 친절하시고 점수도 잘 주세요. 친구들이랑 친해지라고 조별로 줌 방 파서 해야하는게 많았지만 나름 재미있었습니다."
기초영어,최유정,21,Spring,5.0,"교수님, 조교님 둘다 천사. 조별모임은 친해지라고 많이 하게끔 하심. 시험은 오픈북에  1시간동안 30문제 정도. 수업만 열심히 들었으면 어렵지 않음. 어차피 s/u라 열심히 출석 + 시키는 것만 잘 하면 됨."
기초영어,최유정,21,Spring,5.0,교수님/랩 교수님 두분 다 정말 천사이시고 학점도 꽤 후하게 주시는 것 같아요 시험은 수업만 제대로 들었다면 그 전날에 준비해도 될 정도로 나옵니다
기초영어,최유정,20,Fall,3.0,팀으로 하는게 엄청 많음...조금 덜 빡센 기영 들으시는 것 추천..교수님은 친절하심..! 음대쪽 사람들 꽤 있었는데 아예 캠 꺼놓고 수업 자체를 안 듣는 사람들이 많아서 조금 불편했음ㅜㅜ
기초영어,최유정,20,Fall,5.0,교수님 천사.... 기영은 무적권 천사교수님으로~
기초영어,최유정,20,Fall,3.0,"시험 2번 온라인 과제, 장문단문(문단수준임) 글쓰기, 스피치 2번... 강사님 좋다. 근데 1학점 강의치고 너무... 요구수준은 낮지만 힘들다. 그리고 음미대 양아치 수강생 너무 많은데 개념좀챙겨라"
기초영어,정소하,21,Spring,3.0,U받았네요 ㅠㅠㅠㅠ 수업은 좋았는데 시험이 넘 어려웠어요.(물론 제 기준)
기초영어,정소하,20,Fall,5.0,"정소하 선생님 정말 좋아요..❤️ 진짜 밑에 분처럼 학생들 입장 고려 잘 해주시고 모두가 수업에 잘 참여하게끔 해주세요 시험은 문법이랑 단어 뜻 잘 이해하면 꽤 잘 나오는 것 같아요 목소리도 정말 예쁘셔서 수업듣는데 행복했답니당..  친구들도 좋았는데 한번도 못 본 게 너무 아쉬워요ㅠ   스피킹 랩 선생님도 진짜 좋으셨습니당 50분밖에 안되는 랩수업이었지만 수업 참여 즐겁게 할 수 있었어요!"
기초영어,정소하,20,Fall,5.0,부담 없이 재밌게 들을 수 있었어요 교수님 너무 좋으세요 강의도 잘 하시고.. 과제도 수업 끝나자마자 해치울 수 있는 정도여서 부담 없었고 퀴즈나 시험 난이도도 어렵지 않았어요.. 전체적으로 쉽게쉽게 잘 들었습니다
기초영어,정소하,20,Fall,5.0,"처음에 강의평이 하나도 없으셔서  들을까말까 고민했지만 듣길 정말 잘한 수업이었습니다! 교수님 정말 친절하시고 어떻게든 더 잘 가르쳐주려고 노력하시는 모습이셨어요. 과제는 온라인으로 퀴즈형식처럼 푸는 것이 주마다 있긴 하지만,  10-15분이면 다 풀 수 있어요. 그것만 잘 풀어놔도 중간, 기말은 따로 공부안해도 무난히 S 받을 수 있습니다! 편하게 잘 들은 수업이었어요~"
기초영어,정소하,20,Fall,5.0,교수님 너무 좋으시고 수업도 재밌습니다 ! 학생들 입장에서 최대한 생각해주려고 하시는게 눈에 보여요 ㅠㅠ 다른 기초 영어 수업이 어떤진 모르겠지만 전 너무 만족한 수업이었습니다
기초영어,임현량,23,Spring,5.0,"교수님께서 항상 웃고 계시고 친절하십니다!! 성적, 수업, 퀴즈 전부 너그러워요..... ❤️"
기초영어,임현량,23,Spring,5.0,교수님 너무 친절하세요. 숙제가 매주 있기는 하지만 10분이면 해요.
기초영어,임현량,22,Fall,5.0,"교수님 너무너무 천사처럼 따듯하시구 친절하십니다 매주 간단한 과제가 있어 번거롭긴 하지만 과제라고 하기도 뭐할 만큼 쉬운 문제 풀이라서 절대 부담되는 정도는 아닙니다 간단한 발표 과제가 있구 시험도 수업시간에 배운 교과서 본문, 단어 시험 전에 몇 번씩만 훑으셔도 되는 정도입니다 저는 출석은 다 했고 시험은 중간 기말 둘 다 80%정도 맞고 매주 하는 과제는 두 번 까먹고 제출 못 했는데 s 떴어요!"
기초영어,임현량,22,Fall,4.0,교수님이 학생에게 많은 관심을 주시고 되게 착하시다. 다만 다른 기영을 듣는 친구들과 비교해 봤을때 과제나 로드가 좀 더 많다.
기초영어,임현량,21,Spring,5.0,"교수님께서 친절하시고 실력이 조금 부족해도 잘 따라올 수 있도록 이끌어주십니다. 과제도 기본적인 것들만 하면 되고, 수업만 잘 따라 간다면 부담없이 s 받을 수 있는 수업입니다!"
기초영어,임현량,21,Spring,4.0,매주 Oxford 숙제를 내주는 등 자잘한 숙제가 있으나 20분이면 다 할 수 있고 시키는거만 하면 무난하게 S받을 수 있습니다.
기초영어,임현량,21,Spring,4.0,자잘한 과제가 있긴 하지만 교수님께서 친절하시고 학생들 배려 많이 해주십니다. 시험 잘 못 봐도 시키는것만 하면 S 받을 수 있어요
기초영어,임현량,21,Spring,4.0,"기영 로드가 좀 많지만, 고냥 할 일만 다 하면 S 떠요~~~ 시험 잘 못 봐도 괜찮은듯합니다!!!"
기초영어,김희진,21,Spring,5.0,딱히 시험이라 할수 없는 중간 기말. 기영 쉽고 간단하게 보내줄 수 있어서 좋았음.
기초영어,김희진,21,Spring,5.0,"기영 쉽게 패스하고 싶다? 과제는 하기 부담스럽다? 시험도 치르고 싶지는 않다?  그냥 다른거 볼 필요도 없이 당장 수강하십쇼"
기초영어,김희진,20,Fall,3.0,"교수님 굉장히 친절하시고 좋아용! 질문했었는데 제가 굳이 물어보지 않은 것 중에서도 고쳐야 하는 것들 다 알려주셨어요ㅎㅎ 수업 그렇게 안 빡빡하고 시험 두 번 있는데 중간은 speaking, 기말은 writing이었어요. 다만 수업 중 프로그램이나 웹 사용하는 게 많아서 그런게 조금 어렵긴 했는데 다른 건 다 만족스러웠어요!"
기초영어,김희진,20,Fall,5.0,교수님 온화하심. 크게 빡빡하시지도 않고 친절하심. 강의력 등이 엄청 특출나다! 는 아닌데 뭐 하나 빠지는 부분 없이 다 준수하게 해주셔서 좋았음. 기영이라 s/u긴 하지만 평가에 있어서도 너그러우신 듯 함
기초영어,서주희,23,Spring,5.0,"교수님 최고입니다 조교님 최고입니다 그냥 대체불가  퀴즈를 격주로 봄(쉬움) 중간 기말 없음 기말은 짧은 발표 하나, 간단한 글쓰기 하나, 말하기 둘"
기초영어,서주희,23,Spring,5.0,정말 좋으시다.. 격주로 퀴즈를 내주시는데 퀴즈 피드백도 한 명 한 명 정성스럽게 다 해주신다. 그냥 서주희 교수님 듣는 게 답이다. 학생들한테 친절하셔서 정말 좋았다. 말이 필요 없는 선택. 말이 필요 없는 강의.
기초영어,서주희,23,Spring,5.0,"중간 기말 없어서 좋았던 강의예요. 대신 2주에 한 번씩 퀴즈를 봐야 했는데 이 퀴즈 비중이 40%나 됐어요. 근데 퀴즈 난도가 쉬운 편이었어서 30분 전에 공부했는데도 좋은 점수 받았어요. 그리고 15% 비중 차지하는 발표 과제도 대본 보고 할 수 있게 해주셔서 좋았어요. 특히 랩 수업은 더할 나위 없이 최고였어요. 랩 교수님이 정말 재치 있고 유쾌하셨거든요. 그리고 시험 or 축제 기간이면 대부분 5분에서 10분 정도 일찍 끝내주셨어요. 그래서 기초영어 재미있고 편안히 들으면서 S 받고 싶으신 분들께 적극 추천해요~!"
기초영어,서주희,23,Spring,5.0,이거 들으세용~ 교수님이 어떻게든 떠먹여주시려는게 느껴져요 ㅠㅠㅠ 기영 들을거면 이걸 들으세요
기초영어,서주희,22,Spring,5.0,"기영은 무조건 서주희 교수님이십니다 시험 부담없고 내용도 편합니다 다른 말이 필요없어요!"
기초영어,서주희,22,Spring,5.0,시험도 없고 쪽지시험이나 발표도 학생들의 편의를 많이 봐주셨습니다! 교수님 완전 착하시고 추천합니다.
기초영어,서주희,22,Spring,5.0,교수님께서 친절하게 설명을 해주십니다. 수업 시간에 의사소통할 수 있는 시간을 마련해주셔서 딱딱하지 않았던 수업인 것 같습니다.
기초영어,서주희,22,Spring,5.0,"기영은 서주희 교수님....! 외쳐요 갓주희....!!!  요약: 교수님께서 학생들 생각 많이 해 주시고 수업은 부담스럽지 않고 재밌다. 수업 시간에 조별 활동이 많지만 자유로운 분위기라 영어로 말하기, 쓰기릉 그냥 즐겨보자. 시험대신 퀴즈를 본다. 이외에도 성적에 반영되는 발표, 교수님과의 인터뷰, 글쓰기 등이 있지만 다 부담없이 할 수 있다. 매우 추천한다.   교수님 : 교수님께서는 굉장히 착하시고 학생들응 생각하는게 느껴집니다. 수업 중간중간에 필요한 어휘라던가 학생들이 자주 틀리는 것들을 언급해주시는데 학생들 모두 대학영어를 듣기 전 영어에 대한 자신감과 실력을 얻어갔으면 하는 바램이 느껴졌습니다.  수업: 활동 수업이 많습니다. 기본적인 수업은 교과서를 보고 합니다. 단어, 문법, 독해, 듣기를 총괄적으로 다 배우는데 교과서로 수업하는건 내용 자체도 엄청나게 어려운 것은 아니라서 열심히 하면 무조건 잘 따라갈 수 있습니다. 무엇보다 수업 활동을 다양하게 해서 좋았는데 그러다보니 수업시간에 조를 만들어서 하는 활동이 많았습니다. 활동은 주로 챕터의 주제에 맞는 토의를 하고 간단하게 손을 들어 발표를 하는 식입니다. 자유로운 분위기라 부담스럽지 않고 오히려 수업 같이 듣는 사람들이랑 자연스럽게 친해질 수 있어서 좋았습니다. 특히 기억에 남는건 영어로 설명하는 대로 그림 그리기 활동이었는데 영어를 말하는데에 자신감이 별로 없었음에도 불구하고 재밌어서 아는 단어 다 끄집어 내면서 말했던 기억이 나네요. 그런 활동들이 짜잘하게 많으니 영어를 말하거나 사용하는데에 자신감이 자연스럽게 붙습니다.  과제 및 시험: 중간 기말고사는 없습니다. 대신 챕터 3개 정도가 끝나면 배운 내용을 기반으로 퀴즈를 보는데 수업시간에 집중만 하면 전혀 어렵지 않습니다. 문법, 단어 위주로 퀴즈 문제를 내시고 객관식 및 서술형 문제입니다. 영작하는 문제도 있는데 대부분 써야하는 단어를 다 제시해 주셔서 순서를 나열하거나 동사의 형태 및 시제를 잘 맞춰 적기만 하면 됩니다. 퀴즈 말고도 성적에 반영이 되는 것들은 스피킹 랩수업, 자잘한 과제, 영어 인터뷰, 영상보고 영어로 줄거리 및 감상 쓰기, 기말 발표 등입니다. 랩 수업은 출석 꼭!!! 챙기시고 마지막 말하기 테스트 잘 준비하면 문제없고 과제도 자잘하게 몇 개 없어서 걱정안하셔도 됩니다. 영어 인터뷰는 10분(?)동안 영어로 준비해온 주제에 대한 이야기를 교수님과 나누면 되는데 주제는 교수님께서 제시해 주십니다. (주제로 몇시간을 고민하는 제게는 정말 천사같은 교수님...♡) 교수님께서 영어인터뷰는 영어로 말하려는 노력만 보이면 된다고 하셔서 이 또한 부담 말고 무슨 말을 할지 조금 준비해가기만 하면 됩니다. 크게 중요한 건 수업종강이 다가올 때 쯤 하는 영상보고 감상문 쓰기랑 발표입니다. 영상보고 감상문은 10분(?)짜리 영상을 수업시간에 보고 감상문 15줄 이상을 쓰는 것입니다. 사전을 찾아볼 수 있도록 해 주셔 열심히 하면 됩니다. 시간이 생각보다 촉박해서 영상보는 동안 어떻게 내용을 쓸지 생각하면서 보는게 좋습니다. 마지막으로 영어 발표인데 3분동안 발표를 하면 됩니다. 마찬가지로 주제는 2개 제시해 주십니다. 살면서 이렇게 부담없이 발표 준비한 적이 얼마 없는 것 같은데 생각보다 3분이 짧고 영어를 열심히 말하고 표현할 수 있으면 되기에 성심성의껏  준비해 가면 문제 없습니다."
기초영어,서주희,21,Spring,5.0,교수님 너무 착하셔요ㅠㅠ 학생들 이해 잘 못하거나 놓칠까봐 천천히 말씀하시면서 여러 번 반복해주시기도 하고 그냥 너무 친절한 수업이었습니다. 기영은 이거 들으세요…! 과제와 시험 모두 쉽고 부담없이 할 수 있습니다.
기초영어,서주희,21,Spring,4.0,"자잘한 과제 꽤 있으나 부담 1도 없어요. 너무 사소한 것들이라서 까먹지만 않고, 금방해서 제출하면 됩니다. 교수님도 엄청 친절하시니까 기영 수업으로 아주 좋고, 추천할 만 합니다."
기초영어,서주희,21,Spring,5.0,교수님이 학생들을 많이 배려해주시려는게 보이는 수업이었습니다. 기영 해치우는데 좋은 수업입니다.
기초영어,서주희,21,Spring,5.0,"기영은 얼른하고 해치우자 해치우기에 편한 수업인듯"
기초영어,서주희,20,Fall,5.0,자잘하게 수업시간에 하는 게 많은데 숙제는 없어요... 시험도 퀴즈 대체인데 쉬워서 공부 안해도 될 정도! 기말 발표도 크게 부담되진 않아요. 소그룹으로 말하는 게 진짜 많았는데 교수님 안 볼 때는 조원들끼리 한국어 쓰고 그랬습니다ㅋㅋㅋㅋ그냥 전반적으로 무난무난 괜찮았어요
기초영어,서주희,20,Fall,3.0,움.. 그냥 기초영어 치운 느낌 ㅋㅋㅋㅋ 애초에 기초영어 과목 자체가 너무 비효율적인 것 같아요 1학점이고 필순데 시간은 애매하고 은근 시키는 거 많구.. 플러스 배우는 건 별로 없는 느낌..ㅎㅎ 교수님의 문제라기보단 커리큘럼 자체의 문제라고 생각합니다. 어쨌든 기초영어 치우고 싶으시다면 추천해요 그냥 전체적으로 무난무난합니다.
기초영어,서주희,20,Fall,3.0,"쌤은 착한데 시키는게 넘 많음 특히 랩수업,, 넘 귀찮아"
기초영어,최정은,21,Spring,2.0,기영치고 너무너무 빡셌습니다.. 매 시간 과제를 최소 3개씩은 주세요ㅠㅠ
기초영어,최정은,21,Spring,4.0,"비대면이었는데 나름 들을 만 함 과제가 많은 듯 해도 몇 분 투자해서 한 척만 하면 되는거라 부담 없음"
기초영어,최정은,20,Spring,2.0,열심히 하시려는 마음만은 느껴졌습니다만.. 굳이 줌 다 켜져있는데 학우분과 일대일로 대화 하시는 이유는...? 시험이나 설명등에선 크게 불편하지 않았습니다. 쏘쏘인데 약간 찝찝할뿐
기초영어,최정은,20,Spring,1.0,너무 깐깐하십니다..수업 시간 넘어서까지 붙잡고 계심
기초영어,안현아,20,Spring,3.0,하 랩수업교수님이나 교수님이나 기영인데 엄청 번거로웠음 사람은 좋으신분들인듯
기초영어,이지영,21,Spring,5.0,"교수님이 친절하십니다 모두의 패스를 원하세요 ㅎㅎ 과제 중간중간에 좀 있지만 할만해요 수업 분위기 되게 좋아요"
기초영어,이지영,21,Spring,5.0,"교수님 정말 친절하시고 과제도 적어요 추천합니다."
기초영어,이지영,20,Spring,5.0,"20학년도 여름학기 수강자입니다. 정말 좋은 교수님이십니다. 아래도 써있지만, 모두가 패스하길 원하신다고 하시는데 그게 진짜 잘 느껴집니다 ㅋㅋㅋ 되게 중학교때 친했던 선생님 느낌이에요 완전.. 부담스럽지 않은 선에서 먼저 자연스럽게 말 걸어주시고, 참여하는게 어색하지 않도록 분위기도 엄청 풀어주세요!  무엇보다 인간미돋는 교수님이 좋았어요 로드는 퀴즈 2번, 중간고사(5분 인터뷰), 기말고사에요. 퀴즈는 한 이틀정도 기간 내에 메일로 제출하면 되는데, 빈칸에 들어갈 말 고르는 거에요. 엄청 쉬워요 진짜. 중간고사도 말이 인터뷰지 그냥 교수님하고 이런저런 잠깐 얘기하는거고요. 기말고사도 정~말 부담 없습니다. 중고등학교때 영어 배웠다면 그냥 사실 공부 안하고 봐도 돼요. 저는 교수님의 에너지가 너무 좋았어서 다음에도 이지영 교수님 들을거에요 ㅎㅎ"
기초영어,이지영,20,Spring,5.0,로드는 전 분이 말씀해주셨으니까 넘어가면 교수님께서 항상 하시는 말씀이 당신 강의에서 패스 못하는 사람이 없기를 바라신다는데 정말 그 말씀을 실현하시려고 최선을 다하십니다 너무 너그러우세요
기초영어,이지영,19,Fall,5.0,"과제도 아주 간단, 발표 한 번, 시험 매우 쉬움. 무조건 들으세여"
기초영어,김승현,21,Spring,5.0,"교수님 너무 친절하셔서 좋아용!!!! 수업도 교재가 쉬워서 괜찮습니다!! 영어 진짜 못하는데 따라가기 벅차지않았어용 그렇다고 공부를 아예 안할 순 없고 퀴즈보기전에 잠깐 공부하고 과제 제때내면 무난하게 S 받을 수 있을 거 같습니다~"
기초영어,김승현,21,Spring,5.0,ㄹㅇ 아무것도 안하고 기본지식으로 패스하는 수업
기초영어,권수현,21,Fall,5.0,"다른 분들이 말씀하신 대로, 정말 기본만 지키면 S를 받을 수 있는 수업입니다. 교수님께서 정말 친절하시고 학생들을 위하며 수업도 잘 하십니다. 다만 당부 드리고 싶은 점은, 출결에 꼭 신경 쓰시길 바랍니다. 4번 이상 결석하면 시험을 정말 잘 봤더라도 U를 받습니다. LAB 수업도 마찬가지입니다. 교수님께서 최대한 학생들을 생각해주시려 하지만, 출결을 채우지 못하는 경우는 본인이 어쩔 수 없다며 슬퍼하십니다."
기초영어,권수현,21,Fall,5.0,어차피 합격인 거 알기에 강의평 작성합니다. 정말 천사라는 말이 가장 어울리는 교수님입니다. 학생들 편의사항 질문사항 다 들어주시고 문법 부분 이해 어려울 수 있으니 한국말로 설명해주신다 하시고 영어로 말하는 거 어려우면 한국말로 말해도 된다 하시고 정말 다 도와주시는 천사 그자체입니다 시험도 쉽고요 최고입니다 잡을 수 있으면 그냥 들으세요 여러분
기초영어,권수현,21,Fall,5.0,"기영 수업에서 한국말이 들리는 유일한 수업이 아닐까요.. 무조건 권수현 교수님 수업 들으세요 무조건 입니다. 과제도 전혀 어렵지 않고 시험도 배운 내용만 제대로 알고 있다면 만점도 가능인 시험 입니다 ㅠㅠ 영어 실력이 너무 부족해서 걱정 많이 했었는데 이해 못하는 부분은 한국말로 설명해주시고, 문법도 한국말로 설명해주십니다. 정말 교수님 최고세요.. 잊지 못 할 수업입니다."
기초영어,권수현,21,Spring,5.0,기영 듣는 학생들의 영어수준 고려해서 알아듣기 쉽게 말하시는 것이 눈에 보였습니다. 영어에서 듣기를 가장 어려워 하는 저도 수업 내용을 잘 이해할 수 있었어요. 시험은 당일에 일찍 일어나서 본문 내용이랑 단어/숙어만 몇 개 숙지하면 괜찮을 정도로 부담을 주지 않으셨어요. 글쓰기가 2번 있었는데 주제가 비교적 가벼운 걸 다루다보니 이것도 별 부담되지 않았습니다. 모든 부분에서 매우 좋았던 강의였습니다.
기초영어,권수현,21,Spring,5.0,교수님 정말 정말 친절하시고 최대한 이해가 쉽게 가르쳐주십니다! 학생들 요구도 잘 반영해주시고… 너무 따뜻하셔서 대면으로 직접 수업 듣지 못한 것이 아쉬울 정도였습니다 ㅠㅠ 시험도 쉬워용 무조건 권수현 교수님 들으세용
기초영어,권수현,21,Spring,5.0,그냥 들으세요 묻지 말고 들으셔도 됩니다 강의력과 시험 난이도 학점 모든 것이 좋아요
기초영어,권수현,21,Spring,5.0,교수님 너무너무 천사세요 시험당일 1시간전에 교과서 읽으면 끝
기초영어,권수현,21,Spring,5.0,"과제는 1학점 치고는 좀 있다고 느낄 수 있어요 하지만 전혀 부담되지 않고 어렵지 않아요 교수님 사랑합니다 학생들을 위한 마음이 느껴지고 학생들이 이해될때까지 설명해주시는 열정적인 모습에 감동했습니다. 정말 감사합니다. 기본만 지키면 s"
기초영어,권수현,21,Spring,5.0,"대부분 S주시고, 심지어 나는 발표 ppt 자료 잃어버려서 5점 감점 당했었는데도 S나옴. 그냥 할말이 없다.. 너무 완벽한 강의임"
기초영어,권수현,21,Spring,5.0,"교수님 진짜 너무 친절하시고 이해하기 쉽게 설명잘해주셔서 너무 좋았어요!! 영어 잘하는 팁도 많이 알려주시고 너무너무 감사하고 최고의 수업이었어요! 기초영어 수업은 무조건 권수현 교수님!!  다만,, 수업 참여 잘 안하는 학우들있었는데 반성하세요"
기초영어,권수현,21,Spring,5.0,"일단 교수님께 감사하다는 인사부터 드리고 싶어요! 감사합니다 교수님❤️ 교수님 정말 친절하시고, 화도 한번 내시지 않으셨습니다. 저희 분반에 음대생들이 많아서 이것저것 이유 때문에 결석자들이 많았었는데 화를 내시기는커녕 수업 빠져서 모르는 것들은 이해될 때까지 설명해주셨어요. 정말 교수님 천사이십니다. 양심고백을 하자면 저는 수업을 잘 안듣는 편이었는데, 딴짓하다가 이름이 호명되서 대답 못해도 이해 못한 거라고 느끼셨는지 그냥 넘어가주신적이 많았어요ㅠ 교수님께는 죄송할 따름입니다… 영어가 어렵다는 말에 공부팁들도 많이 말씀해주셨어요.  스피킹랩은 계속 말을 해야 하는데, 이것도 50분밖에 안되서 그냥 시간 때워도 무난무난 합니다.   결론: 기영은 무조건 권수현 교수님!"
기초영어,권수현,21,Spring,5.0,"기영이가 다 그런지는 모르겠지만 출석은 맨 처음에 하면 끝나고 중간에 한번 대답하는거 말고는 딱히 대답하는것도 없어서 좋아요 ㅎㅎ 시험은 삼심분 전에 봐도 되고 스피킹랩은 뭐 그냥 좀만 시간 때우면 되니까 괜찮아용  결론: 히얼~~ 만 외치고 시간 버티기만 하면 S받는 개꿀강"
기초영어,권수현,21,Spring,5.0,사랑합니다 교수님💜 짧은 글쓰기 과제 2번이랑 시험 2번인데 부담 하나도 없어요!! 범위도 부담 안되게 많이 빼주시고ㅎㅎㅎ 꼭 들으세요
기초영어,권수현,20,Fall,5.0,교수님이 이보다 더 착하실 수 있을까요? 이런 교수님 수업에서 수업 분위기 흐린 학생은 반성 좀 했으면 좋겠습니다. 교수님이 열심히 설명해도 자기들끼리 말하기 바쁘고 솔직히 고등학생도 이러진 않을 것 같네요...
기초영어,권수현,20,Fall,5.0,교수님 너무너무 착하시고ㅠㅠ 이번 학기 특히 고생많이하신듯..ㅠㅠ 첨엔 재밌는 학생이 있어 즐거웠지만 살짝 선을 넘을 때가 있어서 힘드셨을 것 같았다.. 그럴때마다 마음이 아팠음ㅠㅠ못알아들은 것 같으면 한국어로 설명해주시고 s/u라 부담없고 아 그냥 기영은 이 교수님이 짱..교수님 사랑해요❣
기초영어,권수현,20,Fall,5.0,교수님 정말 천사 그 자체세요!! 학생들이 어려워하는 것 같으면 한국말 약간 섞어가시면서 편하게 설명도 해주십니다. 그런데 수강생분들 중에 유별난 분들이 있어서 교수님이 힘들어보이셔서 속상했습니다. 교수님 정말 최고세요!
기초영어,권수현,20,Fall,5.0,교수님이 너무너무 천사... 다들 이해 못하는 눈치면 한국말로 다시 설명해주십니다. 그런데 이번 학기 수강생 중에 고딩 마인드로 철이 덜 든 학우분들이 계셔서^^; 조금 괴롭기는 했는데 교수님은 너무 천사세요. 랩수업 강사님두 천사셨음!
기초영어,권수현,20,Fall,5.0,"진짜 그저 빛,,,❤️ 진짜 후회하지 않습니다 꼭 들으세요!!!̆̈!̆̈ 학생들 편의 진짜 잘 봐주시고 저 포함 대부분 스피킹도 어려워하는 영린이었는데 하나하나 다 신경써주십니다 ㅜ 진짜 최고 기영은 권수현 교수님  ◡̈"
기초영어,권수현,20,Spring,5.0,"그저... 빛 기영은 꼭 권수현 교수님 수업 들으세요 과제 거의 없습니다. 발표1번 짧은 글쓰기2번인데 글쓰기는 수업시간에 준비할시간 약간주셨습니다. 비대면 시험 오픈북 오픈인터넷이었고 거의 교재 그대로 나왔습니다."
기초영어,권수현,20,Spring,5.0,그냥 교수님이 너무 너무 따뜻하고 친절하세요 진심 어린 조언도 많이 해 주시고 학생들 생각 많이 해 주시는 게 화면 너머로 느껴짐
기초영어,권수현,20,Spring,5.0,"교수님이 너무 착하십니다... 부담없었고 힐링이었던수업"
기초영어,권수현,20,Spring,5.0,"그냥  1학기 유일한 힐링 수업이었습니다. 과제, 시험 모두 전혀 부담없고  교수님이 정말 친절하셔서  대면시험을 봐서라도 꼭 만나뵙고 싶었을 정도입니다."
기초영어,권수현,20,Spring,5.0,"교수님이 친절하시고 과제도 거의 없는데다 쉽습니다. 조모임 있긴 한데 쉬워요 . 저는 영포자인데도 들을 수 있었습니다. 수강신청 성공하셔서 들을 수만 있다면 이 수업 추천합니다!"
기초영어,권수현,19,Fall,5.0,교수님 학생들한테 사소한 것까지 신경 써주시고 배려해주시는 그저 천사.. 넘 따뜻하게 대해주셔서 좀 눈물날 뻔 ㅋㅋ 10분짜리 발표 하나랑 단문 글쓰기 2개가 로드 끝이라 부담없이 들을 수 있음. 기영이라 시험도 쉽고 성적은 당연히 후함.
기초영어,권수현,19,Fall,5.0,"로드도 거의 없고 완전 부담 없어요 (간단한 발표, 간단한 퀴즈, 분량과 주제 모두 간단한 글쓰기) 교수님도 세상 친절하시고 스윗 .. 최고"
기초영어,박지혜,22,Spring,4.0,기초영어는 참힘들다 모두 텝스를 잘보도록하자. 하지만 기초영어를 듣는다면 이 수업도 좋다. 무난무난하다 막 매주 단어시험보고 최소한 이러지는 않는다. 하지만 기영둥이는 슬프다.
기초영어,박지혜,22,Spring,5.0,정말 좋은 수업이었습니다. 교수님이 기본적으로 깔끔하신 강의 스타일을 갖고 계셔서 저는 정말 좋았습니다. 그냥 출석 잘 하시고 수업시간에 하는 활동에 열심히도 아니고 그냥 참여만하시면 패스는 충분히 하실 수 있는 수업입니다.
기초영어,박지혜,22,Spring,5.0,다른 기초영어 강의가 어떤지는 모르겠지만 저는 정말 한 학기 잘 다녔습니다. 교재대로 수업 나가시고 시험도 문제 잘 내주셨습니다.
기초영어,박지혜,21,Fall,5.0,밑에분은 대체 어떤 잘못을 하셨길래 그러시는지... 수업에 집중만 열심히 하고 하라는거 열심히 하면 충분히 패스 가능한 수업입니다. 친절하시고 질문에도 자세히 답변해주셔서 좋았습니다.
기초영어,박지혜,21,Fall,1.0,다른 기초영어 수업 들으세요!! 정말 진심입니다ㅎㅎ!!
기초영어,박지혜,21,Fall,5.0,"기초영어 수업이 비대면이라 편하게 보냈네요 교수님 매우 열정적이십니다"
기초영어,박지혜,21,Fall,4.0,이론 수업의 경우 줌 수업 전에 50분 정도 분량의 녹강을 보며 과제를 해 와야 합니다. 이 점이 살짝 힘들 순 있는데 교수님께서 강의를 줌 수업 하기 훨씬 전에 올려 주시니 미리 듣고 과제 해 두면 할 만합니다. 친절하시고 학생이 성장하기를 바라는 게 눈에 보여서 좋았습니다.
기초영어,박지혜,21,Fall,5.0,"40-50분 길이의 강의를 사전에 듣고 50분 정도 줌 수업을 합니다! 하루 수업 동안 과제가 2개인데, 하나는 개인 과제이고, 나머지 하나는 줌에서 2인 1조로 실시하는 과제입니다. 줌에서 두번째 과제를 할 시간을 주시기 때문에 시간이 부족하지 않습니다. 출석 확인은 늘 호명으로 하셨습니다. 꼼꼼하시고 열정적으로 가르쳐주셔서 저는 너무 좋았습니다. 과제가 매번 있기 때문에 시험은 어렵지 않고 부담이 매우 적습니다."
기초영어,박지혜,21,Spring,5.0,비대면일때는 밑에 자세히 설명해주신 강의평 보시면 될거같고..교수님 친절하시구요! 시험 오픈북이라 전혀 부담없어요!! 필기만 하면 걍 공부 안해도 되는...대신 자잘하게 수업때 하는게 많습니다..그냥 무난했던것 같아요!
기초영어,박지혜,20,Fall,5.0,"1. 본 수업은 녹강 1시간+실시간 강의 1시간으로 구성됩니다. 녹강에서 교재를 주로 다루며 책에 없는 부분들 설명하시는데 단어나 표현 등 모두 필기 해두세요. 녹강의 내용과 연결지어 실시간 강의에서는 2인 1조로 대화문을 만드는 것을 매주 합니다. 대부분 시간 내에 끝낼 수 있습니다. 랩 수업은 특이사항 없습니다. 2. 수업 외로 과제라 하면 기말고사 절반을 차지하는 발표를 준비하는 부분이 있었습니다. 이것도 2인 1조로 주제 발표하는 것인데 수업시간에 준비할 수 있는 시간 주셔서 따로 시간 많이 소요되지 않았어요. 구성요소 알려주시는 대로 잘 작성하면 첨삭도 해주시니 쉽게 준비하실 수 있습니다.  3. 시험은 비대면 오픈북이었는데 정말 쉬워요. 1.에서 언급한 대로 필기만 잘해두시면 공부 안해도 점수 받을 수 있을 겁니다. 4. 성적은 80점 이상이면 S를 주십니다. 매주 실시간 수업에서 한 수시과제만 빠지지 않고 잘 하고, 시험도 어느정도 보면 S 받을 수 있을 것 같습니다."
기초영어,박지혜,20,Spring,5.0,"교수님께서 많은 걸 알려주려 하시고 열정적으로 가르쳐 주십니다. 학생들 의견도 잘 반영해 주시고 수업 스타일도 깔끔하십니다. 비대면 이라 그런지는 모르겠는데 이번 학기엔 매 수업 끝나고 퀴즈 제출 과제가 있어 로드가 좀 있긴 했지만 그날 배운 부분에서 간략하게 출제되기 때문에 크게 부담되진 않았습니다. 교수님 친절하시고 너무 좋으세요!"
기초영어,박지혜,20,Spring,5.0,교수님이 상냥하시고 학생들 의견을 잘 반영해주십니다.  시험도 수업만 성실히 들어도 다 풀 수 있게 나옵니다.
기초영어,박지혜,19,Fall,5.0,교수님이 친절하십니다. 많은 내용 알려주려 노력하시고 수업도 정말 깔끔했어요~
기초영어,손현주,22,Spring,5.0,로드가 쪼금 많지만 시험이 헌 번이고 굉장히 쉽습니다~ 교수님이 성격도 유쾌하셔서 재미있게 따라갈 수 있었습니다. 근데 질문 많이하셔서 살짝 부담스러움도 았다는점…ㅎㅎ
기초영어,손현주,22,Spring,5.0,교수님 너무 좋아요~~~~ 로드는 보통 수준이지만 난이도 낮습니다! 조금 대충 하셔도 될 것 같아요
기초영어,손현주,22,Spring,5.0,여름학기 수강! 교수님 일정이 있으셔서 중간에 쉬기도 하고 좋았어용~~!!
기초영어,손현주,22,Spring,5.0,교수님이 넘무 친절하심 그리고 과제가 거의 없다시피 함
기초영어,손현주,22,Spring,5.0,교수님이 엄청 너그러우시고 좋으세요 ! 학생들에게 관심도 많으세요 성적도 잘 주십니다
기초영어,손현주,22,Spring,5.0,"객관적으로 영어 잘 못하는 편인데 수업 따라가는데 별로 어려움 없었습니다!! 기영이라 자잘자잘한 과제가 좀 많긴한데, 시간 많이 안걸리는 것들이라 괜찮았어요 oral test도 2번 보는데 그냥 책에서 교수님이 지정해준 대화문 외워서 파트너랑 주고받으면 돼요 시험은 본문 그 자체로 나오는게 아니라, 본문 안에 쓰인 표현들이 나와서 이런거랑 문법만 쪼금 공부하고 가면 S 나옵니당 교수님도 그렇고, 조교님도 그렇고 다 너무 친절하시고 좋았어요ㅠㅜㅠ"
기초영어,손현주,22,Spring,5.0,본수업 교수님이나 랩 조교님이나 너무나도 친절하고 너그러우셔서 편하게 들었네요. 1학기의 모든 강의 중 최고의 선택이였다고 생각이 들 정도였습니다 강력 추천합니다!
기초영어,손현주,22,Spring,5.0,"잘 가르쳐주시고 로드 부담 적습니다.!기영 특성상 스피킹 꽤 있고 학점 대비 투입 시간은 좀 든다는점... 전체 기영에서 보자면 좋은 건 맞습니다."
기초영어,손현주,21,Fall,5.0,"교수님이 정말 좋으십니다! 스피킹 테스트 2번+기말시험에 자잘한 과제들, 발표, 글쓰기 등이 있었고 큰 부담은 아니었습니다! 기영 특성상 조별로 모여서 하는게 많긴 해요ㅠ  그래도 가볍게 넘길 수 있는 활동들이었습니다!"
기초영어,손현주,21,Fall,5.0,교수님 엄청 친절하시고 잘 가르쳐주십니다! 과제가 좀 많긴한데 어렵지 않고 간단한 것 들로만 내주세요! 쪽지 시험은 없고 기말시험만 있었은데 딱 배운만큼만 내주셨습니다 저는 개인적으로 이번학기에 두명씩 짝지어서 하는 조별과제가 좀 많아서 힘들었습니다...조별과제 팀원만 잘 만나면 이 강의는 완전 꿀강입니다!
기초영어,손현주,21,Spring,5.0,자잘자잘한 과제들은 다소 있는 편이지만 교수님이 너무 친절하심 ㅜㅜ
기초영어,손현주,20,Fall,5.0,교수님 친절하세요! 학생들과 소통하고 싶어하세요. 로드 거의 없어요. 저는 무척 편하게 들었습니다!!
기초영어,손현주,20,Spring,5.0,"(여름학기) 로드 적은 편이고, 교수님 좋으십니다"
기초영어,손현주,20,Spring,5.0,기초영어 로드 많다고 하던데 이 수업은 별로 없는 편인 것 같아요 대부분 다 수업시간에 했어요 교수님도 친절하시고 좋았어요
기초영어,손현주,19,Fall,5.0,교수님이 학생들 편의 많이 봐주려고 하셔서 좋았어요. 면담 시간이 한 번 있는데 과제나 발표에 대한 내용 아니어도 영어 공부를 앞으로 해나가기 위해서 도움을 주시려는게 느껴졌습니다.
기초영어,박상희,20,Fall,5.0,이 수업을 듣게 되신다면 수업에 적극적으로 참여해주세요! 왜냐하면 수업에 참여하는 사람 많을수록 일찍 끝내주십니다 ㅎㅎ.. 교수님께서도 되게 친절하십니다. 좋아요
기초영어,박상희,20,Spring,5.0,"학생 편의를 최대한 봐주려 하시는 게 아주 인상적이었음. 한 학기에 짤막한 글쓰기 과제 두 번, 발표 한 번, 시험 두 번으로 로드도 거의 없고 과제나 발표, 시험이 기초영어인 만큼 뛰어난 영어 수준을 요구하지 않기 때문에 부담스럽지 않게 할 수 있음. 기초영어 반이 걸려서 어쩔 수 없이 기초영어를 들어야 했지만, 상당히 만족스러웠던 수업이었음."
기초영어,박상희,20,Spring,5.0,"교수님 진짜 날개없는 천사가 아닐까..... 과제도 진짜 성적 반영에 필요한 최소한만 내주시고 모든 학생이 통과했으면 좋겠다고 말하실때 진짜 감동받음ㅠㅠ  학생 한명한명 섬세하게 챙겨주시고 배려심도 너무 깊었음ㅠㅠㅠㅠ 대영1도 교수님 강의 들을게요^^"
기초영어,박상희,20,Spring,5.0,"모든 학생이 패스하시길 바라는 천사같은 마음씨로 학생들 편의를 엄청 봐주셨음. 과제도 얼마 안내주시고 수업도 일찍끝내주셨던 박상희선생님.. 비록 직접 만나뵙진 못했지만 너무 좋았습니다."
기초영어,박상희,20,Spring,5.0,"천사 그자체222.... 자기 수업 듣는 학생은 다 통과했으면 좋겠다면서 기간 지난 과제까지 다 받아주시는 모습에 감동했습니다.. 과제도 많지 않고 열심히 가르쳐 주시는데  너무 좋습니다"
기초영어,박상희,19,Fall,5.0,"박상희 교수님 천사 그 자체.. 되게 착하시고 세심하시고 학생 하나하나 신경써주심 물론 수업이나 로드도 개꿀"
기초영어,김다산,23,Fall,5.0,그저 갓다산... 중요한 건 한국말로 해주시고 어떻게든 s를 주시려고 노력하셔요..
기초영어,김다산,20,Fall,5.0,그녀는 에인젤 에인젤 시험망했는데 에스나왔다 외쳐 김다산
기초영어,김다산,20,Fall,5.0,"장점 : 교수님이 진짜 open mind이심. 과제 같은 것도 원래는 팀플인데 온라인강의 듣는 학생들 사정 다 고려해서 팀플 말고 그냥 개인발표로 대체해도 되게 하셨음. 기초영어인 만큼 강의 자체는 굉장히 쉬움. 처음에 배우는 게 시제이니 뭐 말 다 했음. 중간중간 실제 영어회화에서 사용되는 것들이랑 미국의 문화 같은 것들도 재밌게 풀어내시는 편이라 지루하진 않음. 강의력도 좋으심. 문법 굉장히 쉽게 설명하시고, 영강이지만 중요한 부분은 우리말로 되짚어 주심. 시험 굉장히 쉬움. 퀴즈랑 비슷한데 퀴즈도 엄청 쉬움 ㅋㅋㅋ 빈칸 채우기, 문단 순서배열하기 등등의 문제가 나오는데 빈칸은 그냥 제시된 동사를 문장을 딱 보고 시제와 형태에 맞춰 변형해서 채우면 됨. 문단은 그냥 기초영어 교재에 수록된 내용들이라 책 한두번 보면 무조건 맞춤.  단점 : 공지사항을 따로 올려주시질 않음. 수업시간에 말씀해주시는 게 전부임. 일정 같은 게 헷갈릴 때가 많은데, 따로 공지가 없는 게 매우 아쉬움. 그래도 메일 보내면 굉장히 빠르게 답신을 해주시기 때문에 모르겠으면 메일 보내기 ㄱㄱ(한국어로 보내도 됨.)"
기초영어,김다산,20,Fall,5.0,어떻게든 S를 주시기 위한 교수님의 의지 보입니다..
기초영어,김다산,19,Fall,3.0,"교수님 착하신데 처음 강의를 맡으셨는지 조금 강의력이 부족하셨다ㅜㅜ 발음도 그리 좋은 건 아니셨다. 하지만 중요한 공지는 한글로 다시 말씀해주시는 등 학생들을 배려하고, 잘 이해했는지 확인하면서 가신다"
기초영어,이하람,21,Spring,4.0,교수님께서 매우 착하시고 무난하게 듣기 좋은 강의 같아요!
기초영어,이하람,21,Spring,5.0,교수님 성격 좋으시고 궁금한것도 잘 알려주십니다
기초영어,이하람,21,Spring,5.0,"s/u라서 결석하지 말고 수업 들으면 돼요 시험도 기본실력으로 보면 됩니다"
기초영어,이하람,21,Spring,5.0,교수님 착하시고 과제 적고 부담없이 들을 수 있습니다
기초영어,이하람,19,Fall,5.0,S/U라 부담없이 들을 수 있고 교수님께서 매우 친절하십니다.
기초영어,이하람,20,Spring,5.0,교수님이 착하셔서 기분 좋게 수업 들을 수 있었습니다. 퀴즈도 없애주시고 해서 부담감도 없었고요. 기영 듣는거라면 이하람 교수님 강의 나쁘지 않고 괜첞은 것 같습니다.
기초영어,이하람,20,Spring,4.0,"교수님이 재미는 없으시지만... 싸강이라 딴짓하면서 들을 수 있어서 다행이었습니다. 과제도 많이 줄여주셨습니다. 퀴즈 1번, 글쓰기 과제 2번 있었는데 퀴즈 폐지하고 글쓰기도 1번으로 줄여주셨어요. S/U니까 편한 마음으로 들으시길..."
기초영어,정유미,22,Fall,5.0,"개인적으로 너무 즐겼던 수업이었습니다 기초영어 수업자체가 난이도도 어렵지 않아서 더 그렇게 느껴졌던 것 같습니다 과제도 없습니다! 간단하게 스피킹으로 발표한번하고 다른분들 발표에 질문하는 형식과 중간 기말 시험으로 이루어집니다 랩선생님께서도 너무 재밌으셔서 다들 부담없이 재밌게 충분히 들을 수 있습니다! 랩 시험도 혼자 하는 스피킹이랑 조모임으로 다같이 하는 스피킹 시험 있었습니다. 영어가 재밌어서 좋았어요"
기초영어,정유미,21,Spring,5.0,"여름학기에 수강했습니다. 다른 분들이 수강평에 남겨주신 말씀처럼, 교수님께서 ‘패논패 수업에 많은 공을 들이지 말자’라는 주의셔서, class journal 작성 및 한 번의 발표 외에는 수업 외적으로 준비할 것이 거의 없습니다. 기초영어 특성 상 기말 시험도 매우 쉽습니다. 다만 수업 시간 내 참여를 중요시하는 편이셔서 이따금씩 질문에 답을 해야하고, 타 학우님들이 발표하실 때 세번 정도 질문을 꼭 해야 한다는 점에 있어서 내향적인분들은 다소 힘드실수도 있겠다는 생각이 들어요. (저도 영어로 말하기가 익숙하지 않아서 꽤 애 먹었습니다 ^_^;;)"
기초영어,정유미,21,Spring,5.0,"여름 계절학기에 수강했습니다. 과제가 있긴한데, 교수님께서 과제는 수업시간내에 끝내자주의셔서 거의 없는거나 마찬가지입니다. 클래스 저널(수업시간에 배운 내용 필기), 발표 한 번(자신이 좋아하는 노래/유튜버/게임 등 5분 소개)과 시험 한 번 칩니다."
기초영어,정유미,20,Fall,5.0,"과제 있긴한데 거의 없는거나 마찬가지. 수업시간에 필기한게 과제임. 발표 1번인데 5분 이내.  주제는 아무거나. 자신이 원하는거하면되고 발표자에게 질문도 몇번해야함. 남앞에서 말하는거 질색하는 사람인데 진짜 부담 없음. 수업자체도 진짜 도움이 많이 됐고 교수님이 학생배려도 진짜 많이 하심. 심지어 LAB 선생님도 배려많이 해주시고 진짜 좋으셨음. 기영이지만 꿀강이었다"
기초영어,정유미,20,Fall,5.0,코로나라 그런지 두 번 시험 다 비대면 오픈북이었고 너무 편했음. 과제도 없는 수준이고 이 정도에 치울 수 있어서 그냥 매우 만족
기초영어,정유미,20,Spring,4.0,"이번학기는 비대면으로 진행되어 추후 대면으로 진행될 강의와는 차이가 있을수 있는점 유념하시고 읽어주세요  부담없이 편하게 들을 수 있었던 강의입니다.  마지막 기말과제처럼 class journal 을 내는게 있긴한데, 매 수업 끝날때마다 그날 수업 뭐했는지 10분정도 적으면 되는 정도입니다. 이걸 제외하고는 교수님 모토가 할것은 수업 안에서 끝내자 이셔서 과제가 거의 없습니다. 교수님께서 기초영어를 듣는 학생의 특성에 맞게 p/f과목에 너무 많은 시간투자를 하지 않아도 되게끔 배려해주십니다. 시험은 중간 기말 두번쳤는데 두번 다 수업때 한것만 기억하면 충분히 풀 수 있을정도고요, 시험 직전에 벼락치기할 시간 15분정도 주십니다. 오픈북 시험이거나 수업을 열심히 들었다면 그때만 공부해도 어느정도 괜찮은 결과 얻을 수 있습니다.  강의는 만족스러웠지만 제가 게으른 탓으로 앞서 언급했던 class journal이 밀려 최종제출 직전까지 와서 이거 쓰는데 힘듦을 느끼고 있기때문에 5점을 주려다 게으른 사람들은 힘들수도 있겠다는 생각에 별점 4점 줘요"
기초영어,황세희,22,Spring,5.0,교수님께서 수업 자세히 진행해주셔서 좋았고 기초영어 수준에 맞게 잘 해주심. 과제도 적어서 좋았음.
기초영어,황세희,22,Spring,5.0,교수님께서 친절하시고 강의력도 좋으셔서 수업 재밌게 들었습니다! 그리고 발표 과제가 있었는데 학생들의 관심 분야를 알게 되는 시간이어서 흥미로웠습니다. 교재 공부하고 교수님 피드백대로 과제한다면 s 충분히 가능합니다!
기초영어,황세희,22,Spring,5.0,"아직 성적이 나오기 전 정말 강의에 대한 평가만 하자면 매우 만족합니다! 일단 교수님이 엄청 친절하시고 강의도 잘 해주셔서 수업에 대한 부담감이 없다는게 큰 장점입니다. 발표 1번, 말하기 활동, 퀴즈 등 로드가 적은 편은 아니지만 뭐 영어강의는 다 이정도 하기 때문에 로드는 보통인 듯 해요! 교수님이 좋아서 추천합니다."
기초영어,황세희,22,Spring,4.0,"중간기말 치고 퀴즈 한 세번정도침 퀴즈는 한 다섯문제정도로 기본실력으로 쳐도 쉬움 근데 글쓰기과제나 스피킹랩이 조금 귀찮긴 한데 s/u라는거 생각하고 대충해도 괜찮은정도! 꽤 괜찮았음"
기초영어,황세희,21,Spring,5.0,"솔직히 본인 집중력이 딸려서 수업 때 맨날 안듣고 과제도 뭐해야되는지 몰라서 늦게 제출하기도 했음. 시험도 잘 본것도 아니고 처참한 영어실력을 뽐내고 왔으나 역시나 S를 주셨음. 기영이라서 최대한 U는 안뜨게 해주시는게 보이는 교수님인듯."
기초영어,황세희,20,Spring,1.0,"생각보단 깐깐한 느낌이 든다... 별점 5점이라서 들었는데 조금 아쉽네요"
기초영어,황세희,20,Spring,5.0,좋았어요! 본 수업 교수님과 Speaking Lab 교수님 두 분 다 열정적이시고 착하십니다 이번 학기에 제가 한 선택들 중 황세희 교수님 수업 을 신청한 게 가장 잘 한 선택 같네요
기초영어,황세희,20,Spring,5.0,영어 시험 결과가 기영인가? 걱정하지 마라. 이 교수님은 네가 기를 쓰고 결석하는 것이 아니라면 무조건 S다. 그냥 들어라.
기초영어,황세희,19,Spring,5.0,"그냥 믿고 들으시면 됩니다. 본 수업도 랩 수업도 너무 좋았습니다. 어떻게든 U는 안뜨게 만들겠다는 교수님의 의지가 보임."
기초영어,황세희,19,Spring,5.0,"스피킹랩은 마지막 시험빼고는 준비할것도 없고(심지어 그 준비도 5분컷)  본 수업은 글쓰기 1번에 고쳐쓰기 1번 발표 1번 시험 2번(퀴즈는 시험이랑 합쳐서 봄)  으로 기초영어중에서는 로드도 안빡세고 무엇보다도 교수님이 천사...! 조교님(?)도 엄청 친절하심 교수님 마인드가 절대 fail은 안시키겠다는 마인드셔서 부담감없이 수업을 들을 수 있음. 교수님 감사합니다 ㅠㅠ"
기초영어,장미정,22,Spring,5.0,"교수님이 매우매우 너그러우시고 관대하시다 수업 내용이 어렵지 않고 과제도 적어 새내기가 편하게 듣기 매우 좋은 강의라고 생각함"
기초영어,장미정,22,Spring,5.0,"기영 들을거면 무조건 장미정 교수님으로. S/U라 모든 기영 과목이 크게 깐깐하진 않지만 일주일에 2시간 넘게 하는데 1학점밖에 안 주는 거 기왕 들으려면 즐겁게 들어야죠. 교수님 정말 친절하시고 수업이 전혀 부담스럽지 않습니다. 시험범위도 적음 시험 당일에 공부해도 충분함다"
기초영어,장미정,21,Fall,5.0,"교수님 너무 착하시고, 수업도 별로 부담은 없었어요! 과제가 자잘한게 좀 있긴 했지만 5분이면 끝나는게 대부분이었고 다른 친구들 보니 로드는 적은 편인 것 같습니다"
기초영어,장미정,21,Fall,4.0,"다른 기영은 어떤지 모르겠지만, 기영을 처리하기 매우 좋은 수업이라고 생각합니다. 과제는 짜잘짜잘한거 업로드하는게 좀 많긴 했지만. 전혀 어렵거나 오래 걸리는 건 아니고, 또 과제 미체줄시 교수님이 다시 한번 말씀해주셔서 까먹었던 분들도 다 제출하게 해주십니다. 영어 잘 못하는 사람들에게도 천천히 설명해주시고, 수업이 기영이여서 그런지는 모르겠지만 전혀 부담되지 않는 수업입니다."
기초영어,장미정,20,Spring,5.0,"기영이 다 그럴수도 있지만 로드도 부담적고 시험도 쉬워서 편했어요!로드는 에이포 반페이지정도 에세이한번이랑5분이내 발표인데 ㅂㄹ부담없고, 퀴즈를 종종 보는데 중딩영어만 알면되고 시험도 쉬워요. 교수님 친절하시고 모두s주실려는게 눈에 보입니다!"
기초영어,오세인,19,Spring,5.0,"교수님이 되게 열정적이고 착하시다고 느꼈어요. 근데 말씀을 좀 길게 하시는 편이라 지루할 때가 있었습니다.  로드는 짧은 글쓰기 3번, 파이널에세이, 발표, 중간기말이었던 것 같아요. 짧은 글쓰기 하나는 책에 있는 단어 4개 골라서 문장 4개 만드는 거였고, 나머지 두개는 한 문단 쓰는 거였어요(리뷰 형식, 제안하는 글). 이 두개중에 하나를 발전시켜서 파이널에세이로 쓰면 되고 남은 하나 주제로 발표하면 돼요. 강의계획서에는 퀴즈도 있는데 퀴즈 없애주시고 글쓰기 비중을 좀 더 늘리셨어요. 중간기말은 수업 내용 공부하면 더 잘 보실 수 있는데 공부 안하고 보셔도 되는 정도입니다.  발표랑 파이널에세이가 끝에 몰려있어서 조금 힘들었지만 대체로 무난했다고 생각합니다."
기초영어,조충환,20,Spring,4.0,"자잘한 로드 많지만(거의 매주 1-2개씩정도..?)  중간고사 없고!!!!!!!!!!!!! 교수님은 친절하고 활기차고 좋으세요 그냥 사소하게 하라는거 하고 수업 그때그때 듣고 하면 돼요 저는 좋았어요!"
기초영어,조충환,20,Spring,1.0,도망쳐...... 한주에 과제가 3-4개씩 나와....
기초영어,조충환,19,Spring,5.0,"그냥 금공강 만들고 싶어서 선택한 강의였는데 좋았어요. 로드도 많은 편이라고는 하는데 그냥 주마다 작은 과제 있는 정도? 기사 요약하는 건 좀 힘들었는데 그건 그냥 제 영어 실력이 부족해서인 거 같고 ㅠㅠ 시험도 크게 준비 안 했는데 괜찮은 난이도로 내주시고, 과제만 다 제출하면 S 주시는 거 같아요"
기초영어,조충환,19,Spring,1.0,"로드 너무 많음 심각함.. 지금도 과제 하는 중 .. 피피티2번 과제 거의 매주, 그냥 시험도 많고.. 스피킹랩은 좋음"
기초영어,조충환,18,Fall,4.0,로드가 많음 기영주제에 로드가 많아서 너무 힘들었음 하지만 그냥 대충 하는척만해도 점수를 잘 주셨기에 기한을 넘었지만 무난하게 s를 받아갔다! 영어권나라에서 유용하게 쓸 수 있는 회화도 알려주셔서 좋고 기영 종강파티가 젤 재밌었음 시험도 개쉬움 그냥 수능수준... 인문대 멀어서 수업가는게 귀찮았지만 랩수업도 재밌었움!
기초영어,조충환,18,Fall,4.0,"교재 위주로 수업하지 않고 동영상, 프린트 등을 갖고 수업해서 얻어가는 건 많음. 하지만 그만큼 시험 범위도 많은 편.  시험은 중간, 기말, 스피킹 시험이 있음. 중간, 기말은 수업에서 다룬 프린트, 동영상, 교재 위주로 나오며 미리 범위를 알려줌(etl에 영상링크도 올려줌) 간단한 회화, 문법, 독해(한 지문당 4, 5문제) 듣기 2개(2번씩 들려주며 하나당 2문제 이상), 글쓰기 등 다양하게 나오며 정확히 기억은 안 나지만 문제수가 많음.(50문제 정도?) 그래도 문제 자체는 어렵지 않아서 1시간 전에 공부해도 점수 괜찮았음. 걍 수능이라고 생각하고 풀면 됨. 스피킹시험은 프린트에 있는 회화 외우면 됨(커피, 패스트푸드, 서브웨이 주문 등)  과제는 단어 100개 사용해서 100문장 만들기(1단어당 1문장), 동사 삼단변형 쓰기(단어 100개에 있던 동사), 글쓰기 과제 2번(하나는 5문장 정도 짧은 글, 하나는 3장 쓰는 건데 3장 쓴 사람은 별로 없었음)으로  기영치고는 많은 편. 과제 기한이 있긴 한데 1달 뒤에 해도 하기만 하면 점수 잘 주심.  ppt 발표 한 번 있음. 영어문화권과 관련된 것 중 자기가 좋아하는 것 7분 이내로 발표 발표전에 대본과 ppt를 보내면 피드백 해주심(다만 피드백이 조금 늦음) 발표후에는 셀프 평가해서 내야함."
기초영어,조충환,18,Fall,4.0,"공포의 숫자뽑기만 피하면 개꿀... 저는 마지막에 한 번만 걸려서 괜찮았습니다. 기영치고는 로드가 많은 편이었는 것 같은데, 다 제출만하면 S 주시는 것 같습니다. 괜찮은 수업이에요."
기초영어,조충환,18,Fall,3.0,"나는 음대학생이라 맨날 과제 적은 수업만 들었어서 이 수업이 과제가 많은 지는 잘 모르겠음 조별과제는 없었으나 PPT발표 한명씩 다 해야했고, 영어 단어 3단변화 써오기, 자기 발표 영상보고 피드백 보내기, PPT랑 발표개요 eTL에 올리기, 다른 사람이 eTL에 올린 발표자료 게시글에 피드백하고 질문하기, 영어로 레포트 3~4장 써서 제출하기 등등 짜잘한 과제가 많았고 시험은 중간 기말 스피킹 2번(본수업에서1번+랩수업에서1번) 총 네번 봤음. 기영은 뭐 s/u니깐 거의 모든 수업이 s 받을듯..?? 다들 알다시피 원래 기영은 출석만 3번 넘게 빠지지만 않으면 s 받음. 점수가 모자라서 s 못받으면 선생님들이 따로 과제 더 줘서 점수 채워서 s주심 출석만 잘하길...☆ 일단 나는 과제 거의 안하고 결국 끝까지 피드백안하고 PPT자료 안올리고 개요도 안올리고 레포트도 기간 넘겨서 내고 레포트 초안도 제출하라고 했는데 안내고 걍 파파고 돌려서 2장정도 채워서 냄. 시험도 음대학생이라 공부 못하고 공부 안하기 때문에 중간 100점만점에 40점대 맞았고 기말 잘 모르겠지만 중간보다 공부 더 안해서 더 못봤을 가능성 높음. 스피킹은 걍 임기응변으로 자신있게만 하면 오케이 나는 듯. 아침 수업이라 지각 많이 걸려서 출석으로 u받을까 걱정했지만 선생님도 자주 늦어서 괜찮았음ㅋㅋㅋㅋ 그리고 특이한 점은 우리 기영은 같이 듣는 애들끼리 친해져서 기영 종강파티 함ㅋㅋㅋㅋㅋ 선생님이 파티할때 쓰라고 돈도 줌 개이득! 솔직히 짜잘한 과제 많아서 귀찮았지만 안해도 괜찮 대충 열심히 하는 척만 해도 s받음 기영둥이들 다들 힘내자ㅠㅠ"
기초영어,윤지혜,19,Spring,3.0,"천사님 과제 까먹었는데 친절하게 알려주심 진짜 멋있고 아름다우심"
기초영어,윤지혜,19,Spring,5.0,대충 살면서 S 받기 좋은 수업. 과제 적고 시험도 완전 쉬워요 교수님 짱짱
기초영어,윤지혜,19,Spring,5.0,"시험이 아주 널널하고 (전날 한 번만 읽으면 됨, 안 읽어도 됨) 학생들에게 부담가지 않도록 잘 배려해주십니다. 추천합니다."
기초영어,윤지혜,19,Spring,5.0,"본수업은 글쓰기 2번 개인발표 1번 조별발표 1번이고, 스피킹랩은 기말 1번이었습니다  본수업 시험은 중간 기말 있었는데 20분만 공부해도 될 정도로 쉬웠습니다  첫수업에서 과제 적었으면 좋겠다고 말씀드렸더니 퀴즈 없애주셨습니다. 착하셔요"
기초영어,조철원,17,Fall,3.0,"본업이 아니신게 딱 느껴지는 교수님.. 사실 기초영어는 무언갈 배운다는 느낌 보다는 해치우는 느낌이라 수업에 큰 불만은 없었음. 되려 다른 기영에 비해 로드가 매우 널널한 편이라고 생각함."
기초영어,조철원,17,Fall,5.0,"시험은 중간, 기말에 교수님이 질문하면 영어로 답변하는 면접 시험 보고요. 랩 시험이라고 4개의 section을 주고 2개가 랜덤으로 선택되어 그 물음에 영어로 답변하는 시험 쳤습니다. 시험 공부를 따로 할 건 거의 없고, 영어로 성의 있게 자신감 넣어서 답변하는 거 교수님이 되게 좋아하십니다. 과제도 거의 없고, 편하게 들을 수 있는 것 같습니다."
기초영어,조철원,17,Fall,3.0,매 수업 시간마다 영단어 퀴즈랑 주제에 맞게 간단하게 5~6문장 정도 쓰는 게 있음. 교수님은 ㅂㄹ...강의력도 그냥 그렇고 영어 발음도 그냥저냥... 중간 기말 시험은 면접 보듯이 말하기 시험인데 주제가 기영치고 상당히 난해함. 그래서 오죽하면 시험 보고 나서 아 본인이 그냥 궁금한 거 다 물어놓고 S주려는 건가 했음.
기초영어,박여선,21,Spring,5.0,교수님 친절하시고 피드백도 친절하게 잘 해주십니다! 수업도 열정적으로 해주시고요!! 약간 자잘한 과제가 있지만 부담 될 정도는 아닙니다!!
기초영어,박여선,20,Fall,5.0,좋습니다. 그냥 할 말 필요 없이 좋습니다. 정말 2학기 수강했는데 진짜 수업만 잘 듣고 과제도 그냥 몇 십 분 전에 시작해서 제출했는데 너무 못 써서 혼나긴 했지만 피드백 이후 고쳐서 잘 내니까 S 주시더라구요 ㅎㅎ 교수님 굉장히 친절하시고 학생 생각을 많이 해주십니다. 너무 재밌어용 적극 추천
기초영어,박여선,20,Spring,5.0,"교수님 친절하시고 피드백 잘해주십니다!! 자잘한 과제가 많기는 하지만 부담될 정도는 아니구요"
기초영어,박여선,20,Spring,5.0,교수님 너무 좋습니다! 항상 과제 어려웠냐고 물어봐주시고 발표할 때나 글쓰기 과제 첨삭해 주실때 너무 친절하셨어요! 기영 특성상 조모임이 많긴 하지만 나름 유익한 시간이었던 것 같네요. 이번 학기에는 코로나로 인해 줌으로 실시간 강의를 했고 시험은 테이크 홈으로 바뀌었습니다!
기초영어,박여선,19,Fall,5.0,기영 좋아요. 수업 듣는 애들끼리 많이 친해짐. 기영은 원래 쉽지만 다른 교수님과 비교했을 때도 더 로드가 적은 듯
기초영어,박여선,19,Spring,5.0,숙제 없던데. 공부 ㄹㅇ 0분하고 패스함. 좋은 수업이에요
기초영어,박여선,18,Spring,4.0,"수업 빡빡하고 매일 숙제있는데 시험이 진짜 대박 쉬워요 그냥 아침에 1시간 정도 보면 됩니당 강추"
기초영어,김재희,18,Spring,5.0,갓재희 기영을 들어야한다면 무조건 갓재희들으세요 기영치고 로드도 진짜 없고 시험도 진짜 쉽게 내세요 진짜 갓갓갓
기초영어,이은경,20,Spring,5.0,"처음에 강의평이 없어서 조금 불안하기도 했지만, 금공강을 위해 선택한 강의임. 일단 교수님은 매우매우 좋음. 진짜 최고임. 매주 옥스포드 사이트에 들어가서 하는 과제가 있는데 금방할 수 있고, 쉬워서 부담 안됨. 시험은 수업 내용물어보는게 있고, conversation외워서 하는게 있음. 수업 열심히 들었다면 conversation만 열심히 외우면 시험은 무난하게 볼 수 있음. 중간에 글쓰기도 한번 했는데 수업시간에 하는거여서 부담없이 하면 됨. 기영은 적당히하면 s받으니 그렇게 열심히할 필요까지는 없는듯."
기초영어,이은경,20,Spring,5.0,"이은경 교수님 너무 좋습니다! 스피킹랩 교수님도 너무 좋으신분이였구요. 실시간 화상강의 2시간에 스피킹랩 1시간이었는데, 첨엔 부담스러웠지만 교수님들의 배려로 부담없이 즐길 수 있게되었습니다. 시험도 정말 쉽습니다. 교수님짱짱"
기초영어,이은경,20,Spring,5.0,진짜 교수님 너무 달달하시다. 교수님이 호탕하게 웃으시고 유머감각도 뛰어나셔서 하루하루가 즐거웠다. 부족한 점 있으면 면담시간에 다 알려주시고  진짜 너무 친절하시다. 영어를 들어야 한다면 무조건 이은경교수님 들었으면 좋겠다
기초영어,송미경,20,Spring,5.0,"겨수님 천사심  퀴즈2번 시험 2번 발표1번 에세이 2번 정도 엿던거같네요 다 쉬워요"
기초영어,송미경,19,Fall,4.0,"퀴즈 2번, 중간 기말 있음. 교수님 착하셔요!"
기초영어,송미경,19,Spring,5.0,"퀴즈 2번과 중간/기말 고사 각각 교재랑 수업내용만 잘 외우면 되요 교수님께서 주신 주제로 1~2분 ppt발표 한 번 글쓰기 과제 2번 개인적으로 교수님께서 글쓰기를 매우 중요하게 여기시는듯 해요 제출한 글쓰기 초안도 학생 한 명 한 명 불러서 피드백해주시고 수정해서 다시 2차로 제출해요 또 수업시간에도 글쓰기 요령이나 기법 위주로 많이 설명하시고 말이 빠르셔서 간혹 말씀을 못 알아듣는 경우가 있어요 그래도 정말 학생들을 잘 케어해주고 열정 넘치세요"
기초영어,송미경,19,Spring,5.0,교수님이 학생을 사랑하시는 마음이 느껴져서 너무 좋았어요
기초영어,송미경,19,Spring,4.0,"기영 writing 2번 있었고 퀴즈 2번보고 중간고사 기말고사 봅니다. 교수님 간식도 사주시고 너무 좋으신 분이셨습니다. 퀴즈나 중간 기말 준비할 때 책에 있는 내용 암기만 하면 되는거라서 크게.어려움 없었습니다."
기초영어,박채윤,20,Spring,5.0,좀 귀찮았습니다...기초영어 출결문제로 재수강해서 어찌어찌 잡고 들었는데  리포트를 쓰고 막 상호 보완하고... 스피킹랩 기말고사에서도 준비할게 좀 있어요. 로드가 살짝 빡쎈편이라 생각합니다. 비대면이라 그런지 왠지 대면보다 더 번거로웠던거 같아요. But 교수님은 굉장히 천사십니다. 그래도 신입생은 다른거 잡아요..
기초영어,박채윤,20,Spring,5.0,"비대면이라 그런지 로드 정말 적고 교수님께서 정말 친절하셨어요!! 시험도 오픈북이어서 어렵지않았던것 같네요! 조별과제도 있긴 있었지만, 금방 끝낼 수 있는 양이었어요!"
기초영어,박채윤,20,Spring,4.0,"싸강으로 해서인지는 모르겠지만 로드 진짜 적었고 만족했습니다 교수님 친절하세요ㅎㅎ 로드는 일단 글 쓴 거 한번 내고 피드백 받고 다시 내는 거 하나였고, 시험은 오픈북으로 봐서 어렵지 않았습니다"
기초영어,박채윤,19,Spring,1.0,"기초영어를 편하게 듣고 싶다면 피해야하는 강의. 일단 과제가 writing  과제가 2번인데 한번 내고 끝이아니라 피드백하고 고쳐오고 복잡함.  speaking도 무슨 이력서를 써서 면접보듯이 하는건데 외우는 것도 많음. 시험도 정말 기본적인 영어가 아니라 책에 있는 단어만 인정하시고, 문제도 책에 있는 본문(?)의 내용을 그대로 외워서 베껴쓰는 게 있음. 말씀도 부드럽게 해주시고, 좋은데 깐깐하십니다. 편하게 넘기고 싶으면 다른 강의 추천.."
기초영어,박채윤,18,Fall,5.0,교수님 너무 좋으시고 내용이야 뭐 기초영어가 다 그렇듯이 쉽고 재미있어요ㅋㅋㅋ발표도 있긴했는데 준비할 건 많이 없어서 진짜 부담은 안가져도 되고 출결이 거의 다인듯함. 전 다 좋았어요 유일하게 편한 마음으로 간 수업!
기초영어,강의혁,17,Spring,3.0,발표가 너무 많아요... 힘들었음.... 꿀은 아닌데 픽은 안빡세서 나름 괜찮았어요!
기초영어,백혜정,19,Spring,5.0,교수님이 정말 좋으셔요..! 학생들 배려도 많이 해주시고 과제도 기영답게 정말 쉬운 것들만 내주셔서 과제가 많아도 시간을 잡아먹진 않아요.  그리고 대부분 다 패스 주시는 것 같고 시험을 잘 못쳐도 따로 주시는 간단한 과제하면 패스인거 같아요! 시험도 별로 안어려워서 시험치는 당일에 시험범위만 좀 읽고 갔는데 충분히 통과 나옵니당
기초영어,백혜정,18,Spring,5.0,저는 18-1 기초영어로 백혜정 교수님 수업을 들었습니다 굉장히 친절하시고요 기영에선 아무도 영어를 못 알아 듣기 때문에 한국어로 다시 설명을 해주시기도 합니다 해야할 과제도 여러개 있고 팀플도 있어서 조금 많다고 느낄 수도 있겠지만 에쎈유니까 그렇게 부담가질 필요는 없다고 생각합니다.. 그렇다고 또 에쎈유라서 그런지 출석이나 과제 시험 등을 거의 드랍하듯 수업듣는 사람도 한둘 있는데 그런 학생들까지 함께 S 받자고 챙겨주시는 좋은 분이십니다
기초영어,백혜정,19,Spring,5.0,제가 영어를 거의 안했다 했을정도인데 수업내내 못하는 사람들을 위해서 배려해주시고 끝까지 끌고가주시려 노력하시는 좋은 분입니다ㅠㅠㅛㅠㅠㅠㅠㅠㅠ태어나서 이런 선생님 처음이에요 과제가 많지만 정말 좋아요
기초영어,백혜정,18,Fall,5.0,"수업을 100% 영어로만 진행하려고 하시지만, 학생들의 수준을 많이 배려해주십니다. 어떻게든 모든 학생들에게 S를 주시고자 노력하시고, 진도를 잘 못따라 오는 학생에게는 개별 과제를 내주어 과제 완료시 S를 주셨습니다. 조금 귀찮을 수는 있지만 서울대생이라면 이정도는 성실히 해내야한다고 봅니다."
기초영어,백혜정,18,Fall,4.0,과제는 많지만 마음편히 딜레이도 하고 대충해도 상관은 없습니다
기초영어,백혜정,18,Spring,5.0,"기영 수업 중에서는 과제가 많습니다. 교수님도 마지막 날에 과제 많았다고 언급하셨구요. 랩시간의 과제는 빼고 말씀드리자면 퀴즈 2번, 시험 2번, 저널 2번(etl에 주어진 주제로 글 작성하고, 다른 친구 글에 댓글 달아줌) 작성했고, 팀플 1번 있었습니다.  매시간 출석 부르고 처음에는 교수님이 던져주시는 주제로 팀별로 이야기를 나눕니다. 교수님이 일단 매우 친절하십니다. 영어를 잘못해도 다 이해해주시고 늘 웃으시면서 질문에 답해주십니다. 과제가 적은 편은 아니지만 개인적으로 만족스러웠던 수업이었고  기초영어 제대로 해볼려면 이 수업을 추천합니다."
기초영어,노동욱,17,Spring,5.0,"믿고 듣는 노동욱 교수님입니다. 밑의 분과 동일하게 17년도 여름학기에 수강하였으며, 과제 없고 시험도 쉽고 교수님 매너도 최고입니다."
기초영어,노동욱,17,Spring,4.0,"2017 여름학기에 들은 기초영어 강의입니다. 로드는 출석, 중간, 기말, 기말 개인 발표, LAB(출석, 기말 팀별 oral exam)이 있습니다. 중간, 기말은 수업 중 교재에서 배운 내용에서 다 출제되고, 객관식 + 빈칸 넣기 + 서술형 + 듣기 문제 이렇게 있고요. 절대 절대 어렵지 않습니다. 중간고사 치고 너무 쉬워서 기말은 어렵게 나올 거라고 생각했는데 기말은 더 쉬웠습니다. 기본적으로 교수님이 학생들에게 부담 주기 정말 싫어하시고 학생들을 최대한 배려해주려고 하셔서 정말 로드가 0에 수렴한다고 해도 될정도. 계절이라 그랬는지는 몰라도 정말 부담이 없었습니다.과제도 없습니다. 그날 수업에서 다룰 Conversation 지문 외워오는 게 다인데 이것도 달달달 토씨하나 안틀리고 외우는 게 아니라 안보고 적당히 말할 수 있는 정도면 끝이고요. 분량도 적어서 엄청 금방 외웁니다. 이것조차도 수업 때 10분정도 외우고 연습할 수 있는 시간 줍니다. 지문 외워온 건 옆자리 앉은 분이랑 함께 발표하는 데 생각 안나면 생각할 수 있게 도움 주시고 기다려주시고요. 교수님 최고 친절하십니다...기말 개인 발표도 부담된다고 생각할 수도 있는데 전혀 아닙니다. 기말고사를 보는 당일 날에 개인 발표도 같이 하는데, 주제도 자유인데다가 시간도 2~3분 정도로 짧고 높은 수준의 스피킹을 요구하지 않으십니다. PPT도 의무가 아니고 (없이 한 학생들 많았습니다), 스크립트를 미리 메일로 보내라고 하시긴 하는데 이것도 의무가 아닙니다.시험 공부도 수업 시간에 교수님이 시키시는 것 하고, 다른 학생들 발표하는 동안 다음 과 Conversation 외우고 Reading 파트 읽으면 (계절이라 그런지 수업시간에 독해 파트는 따로 안하시고 각자 읽어오라고 하셨습니다. 물론 검사는 안 했고요. 시험에 지문 중 하나가 출제되기는 해서 한번씩 읽기는 했습니다.) 시험 전에 간단하게 복습 한번만 하면 정말 충분히 90점 이상 맞을 수 있는 정도입니다.교수님이 정말 좋은 분이셔서, 기말 시험 보는 날에는 다들 수고했다고 아이스크림 하나씩 돌리셨고요. 수업 중간에 영화도 보여주셨습니다. 학점도 어차피 80점 이상인가만 되면 다 S주시고 교수님이 모든 학생을 S받게 하겠다는 의지가 충만하신 따스한 분이십니다. 교수님이 시키시는대로만 적당히 따라가면 S받고도 남습니다.다만 (모두가 알듯이) 얻어가는 것은 많이 없습니다. 왠만하면 텝스 점수를 올려서.. 패스하시기를 추천합니다.. 저처럼 방학을 희생하시지 마시고..LAB 수업은 유주연 교수님이셨는데, 교수님이 유머러스하신 분이셨습니다. 강의력도 괜찮으셨고요. 다만 기말 랩 시험을 조별로 하신 건 좀 아쉬웠습니다. 물론 다른 수업에서 하는 조별 발표처럼 거창한 것은 아니라 준비 시간이 그렇게 많이 걸리진 않았고, LAB시험의 비중이 크지 않았긴 했지만 개인 과제보다 조별 과제는 훨씬 귀찮으니까요..."
기초영어,모윤숙,16,Fall,3.0,"2019-여름계절 수강생입니도  기초영어 절대 윤숙하세요 학생들한테 관심도 많으시고 이름도 1주만에 외우셨어요 수준도 적당하고 말하시는 속도도 기영 배려 엄청 해주세요 수업 정말 재밌게 나간 거같아요 글쓰기는 제출에 의의가 있는거같고 양도 엄청 적고 시험도 기영이라 스무스하게 S가능"
기초영어,이정진,17,Fall,4.0,졸려 디질 것 같아요 근데 웬만하면 s 주세요 발표할 때도 떨리고 ppt만드는 것도 귀찮지만 크게 부담되는 부분은 아니에요 그냥 재밌어요 새로운 사람들도 만나고
기초영어,이정진,19,Spring,4.0,"으음..일단 교수님 저보다 영어못하시는거같음(본인 기초영어 실력은 아니고 텝스못봐서 그냥 들었던거긴한데...) 암튼 못하심.. 근데 광장히 착하시고 이해력넘치시긴함. 과제는 부담스럽진 않았고(뭐 쉬우니까..) 시험도 한번읽고가면 다맞을수있었다. 근데 이 모든게 여름학기를 끝으로 교수님이 서울대를 떠나시기 때문에 의미가없다"
기초영어,이정진,19,Spring,4.0,가서 맨날 폰하고 잤습니다 그런데도 s주시더라고요 근데 교수님 영어가 매우 답답합니다.. 말씀하시는 방식도 답답 .. ㅠㅠㅠㅠㅠㅠㅠ 로드는 발표3번입니다 전혀 부담되지 않고 그냥 전날에 20분 정도만 들여서 발표문 쓰고 읽으면 돼요. 시험도 기말 한번 보는데 엄~~~~청 못봐도 다 S 주시는듯 ? 밑에 분 말처럼 뭔가를 배우고 싶다면 비추인데 기영 편하게 치우고 싶다면 추천드려요. 아 그리고 출석도 널널해서 저는 2번정도 빠지고 S 받았습니다. 근데 진짜 재미는 없어서 한 학기 수업들 중에 제일 가기 싫은 수업이기는 했습니다.. ㅋㅋㅋㅋㅋ
기초영어,이정진,19,Spring,3.0,기영을 넘기기 위한 분들은 들으시고 뭔가를 배우고싶다면 듣지 마세요. 졸리고 의미없는듯하나 3번의 발표만 하면 되는 수업입니다.
기초영어,이정진,18,Spring,4.0,"기영 패스하고 싶으면 듣기 좋은 수업입니다. 뭔가 배워가는 느낌은 안들었지만 과제 3번 내주시는데 별로 안힘들고 시험 없는거 생각하면 로드 거의 없다고 생각함.  출결 한번도 안빠졌는데 두번정도 빠져도 괜찮아 보임."
기초영어,이정진,18,Spring,5.0,"꿀강. 원래 시험이 있었으나 교수님의 사정 등등으로 없어졌어요. 수업시간에 계속 졸다 와서 뭘 배웠나 싶긴 하지만... 원고 세 번 보내고 첨삭받고 발표하고 원고 ETL에 올리면 되는데, 늦게 올려도 지장 없었던 것 같아요.. 편하게 기영 수업 들으려면 이정진 교수님 수업을 듣길 바랍니다."
기초영어,이정진,18,Spring,4.0,그냥 개꿀강 기영패스가 필요하다면 무조건 들으세요 시험따위 없음 과제도 없음 그냥 발표 세번인데 그 발표주제도 고등학교 생기부용 발표보다 개쉬워요 교수님께 죄송하지만 강의력은 떨어지셔서 매수업 잠자다가 왔어요.. 수업도 가끔 째고.. 근데 출결뭐 따로 안부르십니다 그냥 천사세요 인자하세요 랩수업 교수님도 존잘이라 행복했습니다
기초영어,이정진,18,Spring,5.0,"중간 기말 없음. 단 3번의 개인발표. 원고 미리 보내고 정말 정성을 다해서 첨삭 봐주시고.  살면서 이렇게 정감 넘치고 인정 느껴지는 수업은 또 오랜만.  최고의 기영 선생님이시니 기영은 이정진 선생님 수업을 선택하시길. 꼭. ㅠ 후회안하실겁니다!"
기초영어,장은영,19,Spring,5.0,교수님 너무 인자하고 좋으셔요 ... 엄마같이 푸근하심 !
기초영어,장은영,19,Spring,5.0,"교수님 정말 짱이심.. 처음엔 싫었는데 들을 수록 잘 들었다고 생각되는 과목! 일단 출결만 잘하면 무조건 s 주심! 밑에 분 말처럼 점수 모자르는 사람한테는 따로 연락해서 모두다 s주시려고 최선을 다하심 ㅠㅠ  말투가 가끔 세긴 하시지만 나중에 생각해보니 정말 엄마같은 마음이라는게 느껴지는 말투였음.. 적응 되면 친근한... 과제는 매주 일기를 써야하고, 발표는 개인발표 조별발표 한번씩 해야하고 시험은 배운데에서 나옴  중간에 미래일기쓰는 글쓰기 과제 있었는데 이때는 일기 빼주시고, 첨삭도 해주심.. 시험은 하루전 공부로 충분했고 발표는 외워서 해야하지만 더듬거린다고 점수를 깍지는 않으심! 그리고 기영 수업 내내 다른 사람들이랑 친해질 수 있어서 넘 좋았음 ㅠㅠㅠ + 랩 이상훈 선생님이셨는데 정말 너무 좋으시뮤ㅠㅠ 다시 수업 듣고 싶을 정도 ㅠㅠㅠㅠ"
기초영어,장은영,19,Spring,5.0,교수님 넘모좋아요 짱짱 패스점수 안되면 막 이과제 해오라고 챙겨주시고.. 천사심
기초영어,노근영,20,Spring,5.0,하라는거만 하고 어렵지 않으니 빨리 치워버립시다
기초영어,노근영,20,Spring,5.0,"하라는거 그대로 하면 S입니다 하라는 것도 별로 없습니다"
기초영어,노근영,20,Spring,5.0,"그냥 완벽하십니다 성적도 무조건 패스로 주려고 노력하시고 학생들 잘 챙겨주시려고 하는게 눈에 보여요 중간 기말시험, 발표, 작문, 퀴즈 등등 활동 많이 하는데 전부 다 간단하게 준비할 수 있는 것들이라서 부담없이 영어에 자신감 붙일 수 있는 수업입니당 추천추천!!"
기초영어,노근영,18,Spring,5.0,중간에 퀴즈 두번 작문과제 한번 그리고 시험두번에 발표가 두번있다. 많은 것 같지만 모두 쉽고 간단해서 시간을 퀴즈나 작문과제는 삽십분정도 투자하면되고 나머지도 한두시간 정도만 쓰면 된다.  교수님이 너무 친절하셔서  기초영어 수업중에 가장 추천한다
기초영어,노근영,17,Fall,5.0,"쌤 최고입니다ㅜㅜㅜㅠ 배려가 넘치십니당  영어에 자신 없으신 분들은 노근영선생님꺼 들으셨으면 좋겠습니다"
기초영어,박은정,19,Spring,5.0,"여름학기 들었습니다. 선생님이 정말 따뜻하세요.. 배려심도 넘치시고! 수업하실 때마다 눈 마주쳐주시는 거도 너무 좋고 이름도 다 외워주세요! 계절학기라 짧은 시간 수업 들은 게 아쉬울 정도로 너무 좋았습니다..🥰"
기초영어,박은정,19,Spring,5.0,교수님 평 좋은 이유는 따로 있어요ㅠㅠㅠㅠ엄마같으시고 너무 좋으세요🥰🥰🥰
기초영어,박은정,19,Spring,5.0,"19 여름 1학년의 여름을 빛내주신 빛은정선생님...사랑합니다 ㅜㅜ"
기초영어,박은정,19,Spring,5.0,"19여름수강  교수님이 친절하신가? Yes 과제가 없는 수준인가? Yes 시험을 조져도 패스할수 있는가? Yes Why not?"
기초영어,박은정,19,Spring,5.0,시험점수가 조금 불안해서 걱정했는데 패스네요💕 꼭꼭 들으세요!
기초영어,박은정,19,Spring,5.0,박은정쌤 좋아용 ~~~ 기영은 그냥 다 앵간한듯 !!
기초영어,박은정,19,Spring,5.0,"들으세요 5점인 이유가 있습니다 여러분 성격이정말 좋으시고, 학생들과 소통하려는 그저 빛은정입니다"
기초영어,박은정,18,Fall,5.0,진짜 따뜻한 교수님 ㅠㅠ 최고입니다! 여러분 박은정 교수님꺼 들으세요 다들
기초영어,박은정,18,Fall,5.0,교수님 짱🥰 말이 필요없음요ㅎㅎㅎㅎㅎㅎㅎㅎ
기초영어,박은정,18,Fall,3.0,제일 좋아요..진짜 기영은 박은정선생님😍😍
기초영어,박은정,18,Fall,5.0,"관악에 들어와 처음으로 본 따스한 교수님 기초영어를 힐링하며 들을 수 있습니다"
기초영어,박은정,18,Fall,5.0,교수님이 너무 좋으세요 ㅠㅠ 진짜로... 기영 들으실거면 무조건 박은정 교수님💕
기초영어,박은정,18,Fall,5.0,교수님 정말 좋으세요~ 일단 성품도 좋으시고 정말 에너지가 좋으신것 같아요. 그리고 스피킹 쌤도 정말 좋았어요!!
기초영어,박은정,18,Fall,5.0,과제랑 조모임 둘다 거의 없어용! 과제도 엄청 적고 조모임은 우리조가 좀 열심히 해서 수업 30분 전에 만난 정도?!(스피킹랩) 교수님 진짜 너무너무 좋으세요..💗💗시험 너무 못봐서 U각이었는데  교수님이 응원해주시고 조언해주셔서 기말땐 중간보다 많이 올렸어요!! 교수님 사랑합니다💗
기초영어,박은정,18,Spring,5.0,"박은정 교수님 최고에요!!!  친절하시고 잘 가르쳐주시궇ㅎㅎㅎㅎ 기영들었는데, 거의 다 s 주세요!"
기초영어,한예림,20,Spring,5.0,과제 중학교레벨 이번학기 들은 수업중 2번째로 적고 (첫번째는 과제2개 시험1번였음) 가장 쉬움 시험 중학교보다 쉬움 교수님 친절하고 착하심  출석은 반영함 어차피 S/U라 S만하면 됨
기초영어,한예림,20,Spring,5.0,이번 학기 최대 꿀강이었습니다. 정말 꿀강은 이런거구나 싶어요ㅎㅎ 그냥 과제가 0에 가깝습니다. 기영인 만큼 많은걸 배웠다고 할 수는 없지만 교수님도 배려심 깊고 친절하셔서 좋았습니다.
기초영어,한예림,19,Fall,4.0,"교수님 친절하시고 좋아요 원래 기초영어가 그렇듯 영양가가 있진 않지만 적당히 괜찮습니다. 시험은 쉬워요"
기초영어,한예림,19,Spring,3.0,"그냥..  나쁘지않음 괜찮은편 단 기초영어수업이 원래 이런 것인지 재미랑 영양가는 적습니다.. 말 그대로 대학영어 전 형식적으로 거치는 느낌!"
기초영어,유이나,18,Fall,5.0,그녀와 함께라면 기영러도 즐겁게 영어를 할 수 있다?! 기영은 꼭 유이나와 함께... 강의실 분위기가 참 훈훈합니다. 혹시라도 기영을 듣는다면 반드시 이 강의를 들으세요........
기초영어,유이나,18,Spring,5.0,전공 특성상 수업을 몇 번 빠졌지만 넓은 마음으로 이해해주셨어요. 편하고 재미있는 영어를 배우게해주셔서 감사합니다.
기초영어,유이나,17,Spring,5.0,"교수님이 매우 좋으심. 기영을 어쩔수 없이 들어야한다면 유이나 교수님꺼 추천함"
기초영어,여미영,19,Spring,2.0,"1. 로드 : 3월말~4월초 개인발표, 4월 중순 중간발표(파트너or그룹. 개인x) 4월 중순 퀴즈. 5월 초 개인발표 및 작문. 6월 기말시험.  2. 첫 발표는 자신에 관련된 자유주제, 두번째 개인발표는 완전 자유주제. 중간발표는 미드 스크립트 외워서 연극하듯이 발표. 퀴즈는 단어퀴즈? 기말은 전체적인 공부내용 관련해서.  3. 첫 주 수업하시고 종강 1주일 일찍해주심. 수업은 좀 빡센거 같음. 발표 준비 같은거랑 별개로 대부분 풀로 영어로만 진행하심. 발표할 때도 상호평가 하라고 하시고. 다른 기영 수업은 모르겠는데 개인적으로 추천하지는 않음"
기초영어,여미영,19,Spring,2.0,"아 힘들다.. 발표 두번 연극 한번 기말 한번에 퀴즈 글쓰기 네 힘드네요"
기초영어,여미영,18,Spring,3.0,"교수님 성품은 정말 좋으시나,  정말 처음부터 끝까지 영어만 사용하시고 강의력은 좋지도 나쁘지도 않은거 같고..근데 뭔가 수업을 듣고나면 굉장히 지치는... 중간기말시험 정말 망쳤는데 S 떠서 당황 ;;; 걍 출결만 잘하면 다S 뜨는 듯"
기초영어,여미영,18,Fall,5.0,"왜 다들 빡세다 그런지는 모르겠는데.. 중간 시험은 걍 세네명 정도 인원이 연극(이라기에는 걍 대본 외우면 됨+못고르겠어서 이메일하면 걍 스크립트 주심)하고, 기말시험은 그동안 배웠던 것 전부가 범위인데 공부 거의 안해도 풀만 함.. 출결 빼면 1도 안빡셈"
기초영어,여미영,18,Spring,3.0,과제많고 출결 짤없지만 시험 준비 하나도 안하고 봐서 망했는데도 S나왔어요 !! 수업은 빡세고 약간 스트레스이지만 U나올 일은 거의 없을듯 해요
기초영어,여미영,18,Spring,1.0,"기영중에 제일빡셈 듣지마세요 중간기말 연극에다가 피피티 발표 두번에 그냥 상대적으로 개빡세요"
