논리와 비판적 사고,임성진,23,Spring,5.0,"수업도 무난히 좋았고 연습문제 푸는게 개인적으로는 재미있었음. 수업시간에 잘 듣고 교수님께서 여러번 강조하시는 부분에만 주의해서 연습문제 두 번 딱 풀고(수업을 하나도 안듣지 않은 이상 오래 안걸림) 시험 쳤더니 에쁠,,, 투자 대비 결과가 좋다고 느꼈음. 아래 강의평처럼 뭔가 드랍을 유도하시는…?느낌이 들긴 함."
논리와 비판적 사고,임성진,23,Fall,5.0,강의력은 아쉽지만 성적은 잘 주십니다. 솔직히 수업 안들어도 시험 잘 볼 수 있다고 생각합니다
논리와 비판적 사고,임성진,23,Fall,4.0,시험 두번에 성적이 결정됩니다. 나름 열심히 수업 들었습니다.
논리와 비판적 사고,임성진,23,Fall,5.0,"처음 공지때는 절평 기준 올린다 하셨는데 학기말에 자연스럽게 원래대로 낮추심(그저 빛) 일단 과제가 없는 데에서 매우 좋고 정말 성실히 공부만 하시면 A+ 쌉가능 물론 본인은 기말 조져서 아니지만.. 교재 연습문제 성실히 복습하면 진짜진짜 쉬운 편 무엇보다도 수업이 안 지루함 시간 아까운 교양도 있는데 이 논비사는 그냥 신이다"
논리와 비판적 사고,임성진,23,Fall,5.0,허공을 가르는 성진님의 팔짓에 집중하다보면 어느새 성적표에 에이쁠이..
논리와 비판적 사고,임성진,23,Fall,5.0,"과제 단한개도 없고 중간기말이 끝입니다. 내용 어렵지 않고 학점도 잘주십니다 수업시간에 집중만 하면 A+가능 진짜 개꿀교양 교수님 존경함니다"
논리와 비판적 사고,임성진,23,Fall,5.0,그냥 들어라 학점잘주고 재밌고 시간도 거의 안뺏긴다
논리와 비판적 사고,임성진,23,Summer,5.0,"너무너무 재밌게 들었던 수업이었습니다! 계절학기 수업으로 들어서 진도가 빡빡하게 느껴지긴 했는데, 교수님께서 설명을 잘 해주셔서 따라가는 데 큰 어려움은 없었습니다. 수업 듣고 문제 푸는 거 자체가 저는 되게 재밌었어서 추천하는 수업! 논리학을 처음 접할 때 듣기 좋은 거 같아요."
논리와 비판적 사고,임성진,23,Spring,5.0,내용도 유익하고 성적도 잘 주십니다. 로드도 없어서 가히 꿀강이라고 할 수 있습니다! 그렇다고 배워가는게 없는것도 아니고 도움이 많이 되니 관심있는 분이라면 추천합니다.
논리와 비판적 사고,임성진,23,Summer,5.0,"본인은 A+ 받았고 객관적으로 말하자면 에제까지는 널널한것 맞는데 평소에 교수님께서 말씀하신 뉘앙스에 비해서는 에쁠 받기 쉽지 않은것은 사실임 어려워서, 공부를 안해서 틀리기보다는 문제가 애매하게 출제되는 경향이 있어서 그래도 일단 성적 잘 주시는편인 것은 확실하고 과제도 전혀 없으며 공부할게 많지도 않음"
논리와 비판적 사고,임성진,23,Summer,5.0,"3/4/3보다 조금 잘준다는 밑글 보고 어이없어서 씁니다 일단 성적? 절대평가고 엄청 후하게 주십니다. 에이쁠 기준이 95인데 출석만 잘하고 수업시간에 교수님이 출석부 순으로 돌아가면서 질문하시는거 대답만해도(어려운거 없습니다) 가점이 3점 기본으로 들어가기에 중간 기말 평균이 92점만 나와도 a+, 87점만 나와도 a0입니다. 시험마다 헷갈리는게 한두문제씩 있는데, 이거 다 틀려도 여유롭게 에이쁠은 받는다는 말입니다. 나머지는 쉽고 명료한 문제만 있습니다. 설마 중간 기말을 평균 3문제 이상 틀려놓고 a+못받았다고 별 한개만 준거면 양심에 문제가 있는거 아닐까 싶네요. 그리고 이 수업에 로스쿨 생각하는 분 많다고 들었는데 열심히 수강했음에도 원하는 성적을 받지 못했다면, 리트가 자신에게 맞는 길인지 재고가 필요하다고 생각합니다."
논리와 비판적 사고,임성진,23,Summer,5.0,"밑에 몇몇 테러들, 이 정도 떠먹여주는데 성적 잘 안 나왔으면 그냥 불성실한 거다. 출석만 해도 가산점 2점은 주는구만"
논리와 비판적 사고,임성진,23,Summer,5.0,"수업을 제대로 안들어서 강의평 안남기려고 했는데 밑에분 글보고 남깁니다. '몇명이상 드랍하면 c이하를 부여할 사람을 걸러낼 필요가 없어져서 시험을 쉽게 내 남든 모두에게 최대한 성적을 잘 줄 수 있다'는 취지의 말이 드랍을 종용했다는건 너무 억까같고(드랍을 한 사람이 이득을 보거나 드랍을 안할 시 불이익이 있을 때나 드랍 종용이죠) 시험보면서 힌트준게 맞다면 그건 좀 문제가 있어보이긴 하네요 원하는 학점 안나와서 화나신거 같은데 수업에서 다루는 범위 자체도 적고, 시험 범위도 정해서 심지어 문제 유형까지 다 공지해주시는데 평균 93도 안나온거면(발표 수업 중에 호명하는 것만 답해도 추가점수 최소 2점은 받는거 같고 시험 평균과 합산해서 95이상이면 A+) 그냥 공부를 안하신거에요 이 정도로 떠멱여줘도 징징대는거면 대체 어떤 꿀통에서 살아오신겁니까.."
논리와 비판적 사고,임성진,23,Summer,1.0,"교수님 중간고사 전날까지 드랍자 30% 넘으면 기말고사 쉽게 내신다고 학생들에게 자꾸 드랍을 종용하시던데 너무 별로였어요. 학생들 혼란만 가중되고, 공부 의욕도 꺾이고, 수강취소는 학생들의 자율적인 권한인만큼 그런 이야기는 교수자가 안 하시는게 좋을 것 같아요  중간고사 도중에도 누구 답안지 보면서 몇번이고 자꾸 힌트를 주시는데 과연 형평성에 맞는건가 싶기도 하고요. 가점에 상한이 있다는 것도 기말고사 다 끝나고서 공지해주시고, 질문에 대한 답변도 원론적인 수준에서만 해주셔서 문제해결에 도움이 거의 안 됐어요.  학점 후하시다는 평이 많았는데 이번만 심경의 변화가 있으셨는지는 모르겠지만 3/4/3보다 아주 약간 후한 정도입니다."
논리와 비판적 사고,임성진,23,Summer,5.0,"교수님 착하시고 성적도 잘 주십니다. 다만 에제까지는 뿌리시지만 에쁠은 셤 잘 봐야 나옵니다. (중간+기말)/2에다가 가감점 더해서 95점 이상이면 에쁠 90이상이면 에제 이런식으로 5점씩 점수구간 내려가는 식인데 가점은 발표점수, 감점은 결석이나 지각 반영합니다. 발표점수 만점은 3점인데 수업시간 중간에 교수님이 돌아가면서 연습문제 발표를 시키기에 본인이 노력만 하면 무조건 받을 수 있습니다. 발표점수 만점일 때 중간, 기말 평균이 92점 이상이면 에쁠이지만 이게 엄청 쉽지는 않습니다. 중간 max가 97이고 평균 86점인데 함정 문제가 있어서 90초반까지는 쉬운데 90중반 점수는 노력하셔야 나올꺼 같네요. 그리고 중간에 출튀하시는 분 가끔 있던데 앞에 말했다시피 교수님이 수업시간 도중에 발표를 시키기 때문에 출튀한 사람 다 잡히고 감점 들어갑니다. 아마 이번에 본인도 모르게 감점당하신 분 많으실 겁니다."
논리와 비판적 사고,임성진,23,Summer,5.0,"계절학기로 듣기 정말 좋은 수업인 것 같아요~!!  <비판적 사고를 위한 논리> 책을 교재로 명제랑 논증 등등을 배우고 교재에 있는 연습문제를 풀 때 출석부 순서로 학생들한테 질문해서 풀도록 시키십니다. 문제에 대답을 하면 가점을 주시기 때문에 답지를 구하시거나 미리 문제를 풀어가면 좋을 것 같습니다.   시험은 중간, 기말 모두 어렵지 않고 교재 연습문제랑 비슷하게 나왔습니다. 중간고사 범위는 전혀 어렵지 않았습니다. 그런데 솔직히 수업을 완전 딱 집중해서 듣지 않아서 기말 부분에서 증명하는 파트가 좀 어려웠습니다ㅠㅠ 그치만 하루정도 공부해도 시험 어렵지 않게 풀 수 있었습니다. 다만 평가기준이 (중간+기말) / 2 + (출석감점+가점) 기준으로 95점 이상이 에쁠이기 때문에 안정적으로 에쁠을 받으려면 시험을 한 94-95점대로 받는거랑 출석이 중요한 것 같습니다. 저는 출석은 감점 없고 중간은 94점 기말 점수는 모르지만 에쁠 나왔습니다. 아마 연습문제 풀 때도 제 순서가 많이 오지 않았고 제가 질문을 아예 안해서 가점이 크지 않을테니 기말고사 점수가 중간보다 높거나 비슷하지 않을까 싶습니다!"
논리와 비판적 사고,임성진,23,Summer,4.0,"일단 교수님 정말 착하십니다. 지각도 3시간 수업 중 전반부 안에 오면 다 출석으로 해 주셔요.. 이런 교양 교수님 없습니다 진짜. 그리고 성적은 음 30프로 C+이하 제외하고는, 절평으로 점수가 나갑니다. 컷은 미리 알려주시는 건 아닌데 이번 여름 계절도 95라서, 95점 생각하시면 되구요. 성적처리도 빠르셔서 중간점수가 드랍기간 전에 나오고, 기말치고 하루 지났는데 최종학점 다 떴습니다.  다만 4점인 이유는.. 이 95가 막 되게 만만해 보이는데, 그건 또 아닙니다. 일단 대다수 감점이 되는 이유가, 사실 논리적으로 틀려서 감점이 아니라 ‘책’에서 알려주는 방식이 아니면 감점입니다. 쉽게 말해 A&B&C라는게 답일때, 책에서는 3개 이상을 연언할 때는  (A&B)&C 로 한다는 이유에서, 괄호를 안 치면 감점입니다. 설사 다른 책에서는 괄호를 치지 않았어도, 수업 교재에서 그게 아니면 감점인 구조입니다. 그렇다고 그게 책에 쓰여있냐? 그건 아닙니다. 교수님께서 수업시간에 이 책에서는 이렇게 하면 안돼요~라고 하시는데, 그걸 못 들으면 틀립니다.. 즉, 솔직히 수업 내용이 거의 책을 그대로 따라가는데 아 쉽네 하고 아예 안들으시면… 저처럼 돼요 ㅜㅜ  그래도 전반적으로 쉬워서 평균이 거의 80점대 중반인데, 본인이 에쁠만을 필요로 하면 드랍을 추천드릴게요. 보시다시피 절평컷이 완전 만만하다고 보기는 힘들고, 기말을 100을 받아야 턱걸이로 에쁠인데 위에 언급한 사유들+꼭 실수하기 쉽거나 애매한 한두문제+부분점수 없음으로 인해 100점이 은근 쉽지는 않아요.. 이번 여름계절은 중간고사 평균 86, 만점은 없었으니까요.  그래도 A자체는 아예 떠먹여주시니까, 전반적으로 좋습니다!"
논리와 비판적 사고,임성진,23,Spring,5.0,수업만 집중해도 충분히 얻어갈거 다 얻어가고 시험도 낭낭하게 볼 수 있음. 다만 시험이 생각보다 좀 쉬우니까 실수하지 않는 것이 중요함. 성적은 총점기준 95점 에쁠부터 해서 5점단계로 딱딱 잘라주셨는데 원래 이렇게 절평을 하시는건지는 모르겠음. 암튼 논비사 들어보고싶으면 강추
논리와 비판적 사고,임성진,23,Spring,5.0,"임성진 그는 신인가?! 별점 5점 드립니다 출석 기준도 후하시고, 과제도 없고, 학점이 정말 엄청나게 너그러우십니다 그저 갓…"
논리와 비판적 사고,임성진,23,Spring,5.0,"평범한 논비사 강의입니다. 사실 시험준비 목적으로 들었던 과목이라, 타교수님 개설 강의에 비해 난이도가 생각보다 높지는 않은 것 같아 아쉬움도 남았는데요. 끝나고 보니 오히려 핵심만 배워가서 좋았던 것 같기도 합니다! 또, 참여 가산점이 있긴 하지만 제 성적으로 봤을 때 교수님께서 수업시간에 지목하셔서 연습문제 등등 답변하게 하신 횟수도 자동으로 포함된 것 같아, 특별히 따로 질문을 안해도 되는 것 같기도 합니다. 편안하게 압축적으로 수업 들으면서 좋은 학점 챙겨가고 싶다면 강추 드립니다!"
논리와 비판적 사고,임성진,23,Spring,5.0,"로드 X, 출석 너그러움, 수업참여 어렵지 않음(손들고 질문하는 정도) 시험 범위도 정확하게 다시 한번 정리해서 메일로 공지해주고 난이도도 크게 어렵지 않음. 성적 고지도 빨리 해줘서 드랍 여부를 결정하는 것도 도와주심.. 정말 매우 학생 편의를 많이 봐주는 강의 다만 다소 자주 교수님이 수업 내용을 저시거나 헷갈려하시는 경우가 있음. 시간이 지나면 꼭 정정해주신 하지만 아쉬움이 많이 남았음. 뭔가 논쟁이 될 만하거나 어려운 주제를 다룰 때 수강생으로 괜히 긴장되는 느낌이 있었음. 이것만 빼면 정말 흠이 없는 강의임. 추천하겠냐고 묻는다면 정말 120% 추천"
논리와 비판적 사고,임성진,23,Spring,5.0,"우선 킹갓진 교수님 사랑합니다…  과제, 토론 일절 없음. 오직 시험. 수업참여도도 평가하시는데 난 수업참여도 0점이라 에제나온듯. 수업참여도는 손들고 발표하능거..  어지간한 지각 아니면 다 출석처리  논리적으로 글쓰기 이딴거 할 줄 알았는데 그낭 논리학 문제 푸는 수업이었음.. 어렵지도 않음 ㄹㅇ 굿..  강의 듣고 연습문제 혼자 몇 번만 더 풀어보면 시험도 쉬움  시험 채점 개빠름. 중간 성적 보고 드랍 여부 결정할 수 있어 좋음  학점 진짜 잘 주심  강의 이름보고 뛰쳐나가지 마시고 츄라이 해보세요 임성진 교수님이 떠먹여주십니다..👍  정규도 이 정도인데 계절은 얼마나 좋은거야!!"
논리와 비판적 사고,임성진,23,Spring,5.0,"임성진 교수님의 논비사는 신이다... 과제 없고, 지각도 다 출석 처리 해주시고, 질문도 엄청 친절하게 답변해주시고, 시험 난이도도 높지 않으면서 학점도 퍼주시는... 빛빛빛."
논리와 비판적 사고,임성진,22,Winter,4.0,학점은 최대한 잘 줍니다. A70퍼도 줄 생각인 것 같습니다. 시험은 누구나 100점 맞을 수 있게 나왔습니다. 계절이라 그런 것 같기도 합니다.
논리와 비판적 사고,임성진,22,Winter,5.0,"라틴어 수강평에서 계절 라틴어는 신이다 를 본 것 같은데 계절 논비사도 신입니다. 들으십시오"
논리와 비판적 사고,임성진,22,Winter,5.0,"강의: 군더더기 없고 깔끔하십니다. 더 어려운 내용은 어떻게 강의하실지 궁금합니다. 다른 강의 찾아 듣고 싶어요.  시험: 드랍자가 알맞게 되어서 공부하는 모두가 좋은 성적 받아갈 수 있게끔 무난하게 내주십니다. 정규 학기에는 드랍자가 충분하지 않으니 변별력 있게 내실 수도 있을 것 같습니다.  출결: 결석 제외 늦게 와도 출석처리 해주십니다! 하지만 이미 알고 있는 내용이 아니라면 이런 강의 안 듣는 게 손해.    라틴어 강의평 보고 강의평 하나 없는 이번 강의 도전했는데 넘 만족스러워요. 소문 더 나기 전에 들으시길."
논리와 비판적 사고,임성진,22,Winter,5.0,"교수님이 너무 천사신것이 문제점 너무 무례하고 개념없는 애들이 많다 답안을 맞다고 우기고 지각을 안잡으니 물흐르듯 한다  강의력 훌륭하시고 사족없이 깔끔하게 강의하시며, 학점은 절평으로 나간다"
논리와 비판적 사고,이현우,22,Fall,3.0,"교수님이 너무 사람 많은거 싫다고 하셔서 별점 좀 낮춰 드려요..ㅎㅎ 원래는 5점입니다. 너무 재밌게 잘 들었습니다. 개인적으로 꿀강이었구, 과제도 흥미로운 형식이라 좋았습니다."
논리와 비판적 사고,이현우,22,Fall,5.0,"박사과정 끝내시고 처음 맡으신 수업이라 그런가 드랍자가 많아서 그런가 성적 걱정 말라고 하셨는데 진짜 잘 주심.. 수업 참여 가산점 없이 A+ 받았음. 근데 참여기회가 정말 많아서 참여하는 게 좋을듯?  과제는 두 번 있었는데 그냥 제출만 하면 되는 거라 부담 1도 없었고(그리고 재밌음) 시험은 중간 기말 둘 다 교수님 말만 잘 들으면 거기서 다 나왔음. 기본 개념정의 잘 외워두기! 중간 때 1번 문제가 제시된 문장(대부분 개념설명) 참거짓 고르고 거짓인 문장 참이 되도록 고치는 거였는데 문장이 한 30개 정도 있었음.. 기말때는 그보단 적었지만 암튼 많았음.. 정확한 성적은 모르지만 중간 때 교수님이 많이들 틀렸다고 했던 문항 대부분이 책에 없거나, 책이 틀렸거나 해서 교수님이 강의할 때 따로 언급했던 내용이었고, 그 문제들 거의 다 맞췄더니 좋은 점수 받은 듯 함. 교수님 강의력이 은근 좋으심. 목소리가 작아서 집중하게 되고, 약간 재밌으심. 논비사 교재 연습문제 풀 때마다 문제 왜 이렇게 냈는지 모르겠다고 하시는 게 넘 웃겼음..  수업도 결석 세 번까지 허용, 보강도 학생 투표로 원하는 방식(줌 or 녹강) 고르게 해주셨고, 시험 때는 시간 거의 무제한으로 주심ㅋㅋ 암튼 학생 입장을 최대한으로 고려해주시는 분이었음.. 강추드림!!"
논리와 비판적 사고,이현우,22,Fall,5.0,"교수님이 학생들의 편의를 많이 봐주시고 강의력도 좋으시고 농담도 재밌게 해주십니다. 수업도 매번 빨리 끝나고 좋아요 수업 내용도 수학에서 크게 안벗어나서 공부하기 아주 수월했습니다. 그리고 드랍이 많다고 성적 잘 받을거라고 간간히 얘기해주셨는데 아마 드랍자 포함해서 성적 주신것 같습니다. 저는 가산점 1-2번 받았는데 무조건 받으세용  중간 기말 성적은 모르겠는데 틀린거 어느정도 있었는데 A+입니다. (성적 진짜 잘주시는듯)  과제도 채점은 안하시는데 상당히 도움되는 내용이에요 논비사는 무조건 이 교수님 들으세요~"
논리와 비판적 사고,이현우,22,Fall,4.0,"강의는 기존에 있던 강의지만, 교수님이 올해 박사과정을 끝내시고 처음으로 강의를 맡은 분입니다. 개인적으로 강의력은 좋았던 것 같습니다. 시험은 중간 기말 두 번에, 과제는 성적에 반영되지 않습니다. 사실상 시험 두 번과 수업 중 문제 풀이로 주어지는 가산점을 합산하여 학점이 결정됩니다. 이번 학기에는 드랍이 많아서 성적을 깐깐하게 주시는진 모르겠습니다.  시험은 교재 내용과 예제에서 대부분 출제되고, 교수님께서 지적하시는 부연 설명 또는 중요한 풀이법 등이 변별에 사용됩니다. 중간 기말 성적은 잘 모르겠지만 각각 70점, 80~90점 정도 되는 것 같습니다. 가산점은 없었고, 최종 A0받았습니다. 수학을 좋아하시는 분들은 재밌게 수강하실 수 있을 것 같습니다."
논리와 비판적 사고,권희진,23,Fall,5.0,"로드 : 시험 2번 퀴즈 1번(1분이면 다  풀 수 있고 아무나 데려와도 풀   수 있는)이 끝입니다. 성적 : 중간은 q2 살짝 넘겼고 기말은 잘 모르겠는데 꽤 잘 본 느낌이었고 A0 받았습니다. 예전에 시험 좀 빡세게 내고 학점 좀 칼같이 주셨다가 이번 학기 수강생 수 보고 충격을 받으셨는지 이제는 좀 잘 주자고 생각했다고 직접 말씀하셨는데 진짜로 그렇게 주시지 않았나 싶네요 강의 : 교수님께서 귀여우시고 강의도 들을 만 합니다.   ."
논리와 비판적 사고,권희진,23,Fall,5.0,"진짜 수업 하나도 안듣고 책만 보면서 시험 하루전에 독학해서 중간은 중간값 아래, 기말은 마지막 증명문제 어떻게 푸는지 몰라서 두개통째로 날렸는데 (중간 기말 모두 책에는 없고 수업 안들으면 못푸는 증명 문제가 나옴) 이성적에 A- 주시네요… 진짜 성적 잘라주신다는 강의평 때문에 B나 심하면 C까지 각오까지 하고 있었는데 성적보자마자 너무 놀라서 소리질렀습니다.. 한학기동안 너무 고통스럽겠지만 그냥 오지게버티면 교수님이 구원해주십니다… 많이들 들으세요"
논리와 비판적 사고,권희진,23,Spring,4.0,교수님께서 친절하시고 강의력도 좋으신 편입니다. 논리학에 관심이 있다면 한 번쯤 들어봐도 괜찮다고 생각합니다. 다만 중간고사 때 타임어택이 매우 심했고 학점도 딱딱 잘라주시는 듯하니 학점 챙기시는 분들은 유의하시길...
논리와 비판적 사고,권희진,23,Spring,5.0,교수님이 유머러스하시고 매우 친절하시다. 시험 당일에도 한시간 가량 일찍 오셔서 학생들의 질문을 받아주심. 강의력도 괜찮으신 편이다. 그치만 수업 내용이 책 내용과 거의 일치하기 때문에 교재만 보아도 무관하다. 시험은 문제풀이 100%이다. 중간고사 대비할 때 개념 외우는 데 꽤나 시간을 썼는데 개념 관련 문제는 하나 나오고 모조리 자연연역 증명 문제였다. 10문제 가량 나왔지만 3문제밖에 풀지 못했다. 그만큼 타임어택이 심한 시험. 과정에서 하나라도 틀리면  부분점수 없이 오답처리이기 때문에 꼼꼼함이 필요하다. 기말시험은 중간시험에 비하면 타임어택이 심하진 않다. 난이도도 적당해진다. 성적은 잘라서 주시는 듯 하다. 중간고사 평균보다 10점인가 높았고 기말은 점수를 알 순 없지만 다 풀었는데 최종 A0가 나왔다. 교재로 독학하고 시험 두방으로 성적 받고싶으시면 강추
논리와 비판적 사고,권희진,23,Spring,5.0,시험도 망하고 학점도 잘 못 받았지만 추천하고 싶습니다. 우선 교수님 인품이 너무 좋으세요. 학생들을 최대한 배려해주시고자 하시는 게 느껴지고 강의력도 정말 좋습니다. 논리학에 관심 있으시다면 한번쯤 들어보시는 거 추천합니다. 학점은 망했지만 다시 한 번 듣고싶은 강의예요. 매주 논비사 시간만 기다렸던 것 같네요. 교수님 감사합니다 ㅎㅎ
논리와 비판적 사고,권희진,23,Spring,4.0,"교수님께서 학생들에게 정도 많으시고 수업 준비도 잘 해오시는게 느껴집니다. 배워가는 것도 많았고, 논리학을 다루는 수업 특성상 문제를 풀어보는 시간이 필요한데, 수업시간의 일부를 활용해 같이 풀이하는 시간을 갖는게 좋았습니다. 중간은 타임어택이 심하지만 다같이 못 봐서 크게 의미 없고 기말은 술어논리 자체가 어렵기에 문항을 어렵게 구성하거나 시간을 촉박하게 주시지 않습니다 성적은 그냥 잘라서 주시는 것 같아요"
논리와 비판적 사고,권희진,23,Spring,4.0,"수업은 재밌었지만,,,제 학점은 무사하지 못했습니다"
논리와 비판적 사고,권희진,23,Spring,3.0,시험 문제가 특정 단원에 과하게 편중되어 있는 점이 불만이었습니다. 성적도 딱딱 343 나눠서 부여하시는 것 같습니다. 교수님의 유머 덕분에 수업은 지루하지 않게 들었습니다. 장단점이 있는 수업인 것 같습니다.
논리와 비판적 사고,권희진,23,Spring,2.0,정말 별로입니다. 중간은 타임어택 때문에 힘들고 기말은 실수하면 망합니다.
논리와 비판적 사고,권희진,23,Spring,5.0,"과제는 없고 퀴즈 한번 보시는데 점수 주시는 용도입니다. 중간이 정말 미친듯이 어렵고 기말이 쉬웠는데 중간에서 다 변별되는 것 같습니다. 다른 논비사에 비해 진도가 좀 빨라중간부터 명제논리가 나오는데 중간 40점 만점에 17점 받아서 망한줄 알았는데 중간 평균 7점이었고 드랍자도 꽤 많아서 기말 다풀고 A0 받았습니다. A+은 아마 중간을 더 잘본 사람들이 받아갈 것 같습니다. 교수님도 위트있게 재미있으시고 과제도 없고 명제논리가 약간 수학문제 푸는 것같은 재미가 있으니 퍼즐같은거 좋아하시는 분들이나 수학 잘하시는 분들에게 추천드립니다."
논리와 비판적 사고,권희진,22,Fall,4.0,중간고사는 정말 어려웠는데 기말고사는 쉬워서 다들 빨리 나가더라구요. 과제는 처음에 계획되어 있다가 아주 간단한 퀴즈 1번으로 변경되었습니다. 다만 시험 점수는 아무것도 공개되지 않고 성적이 공개되었어요
논리와 비판적 사고,권희진,22,Fall,4.0,"재수강하게 되었지만 강의는 좋았습니다. 교재 바탕으로 정석대로 설명해주시고, 강의력도 출중하셔서 깔끔했습니다. 시험도 깔끔합니다. 제게는 중간고사가 많이 어려웠고 기말고사는 평이했습니다. 학기가 힘들고 중간고사를 개같이 쳐서 재수강하기로 결심했는데, 한번 다시 들어도 괜찮을 만한 강의라 생각이 들었습니다."
논리와 비판적 사고,권희진,22,Fall,5.0,교수님 강의력도 좋으시고 엄청 친절하세요! 그리고 성적도 잘 주십니다 시험 망친 줄 알고 우울했는ㄷ 이 학점이라니...... 정말 감사합니다 교수님
논리와 비판적 사고,박지영,21,Winter,5.0,"교수님 친절하십니다  틀린 문제들 클레임 엄청 자세히 이유 설명해주시고요 시험은 두 번입니다. 교재 문제 열심히 푸시면 돼요"
논리와 비판적 사고,박지영,22,Spring,5.0,"드랍자가 많으니 잘버티면 b+은 쉽게 나와요 중간끝나고 거의바로 성적 공지해주시니 본인 위치도 알기 편합니다"
논리와 비판적 사고,박지영,22,Spring,5.0,로드가 적고 학점이 후합니다. 매 수업시간 연습문제를 푸는 것이 있고 시험고 여기서 나옵니다. 교수님께서도 친절하십니다.
논리와 비판적 사고,박지영,22,Spring,5.0,"로드 0이고 수업 무난하고 학점 후하게 주십니다! 시험은 교재 연습문제 기반으로 거의 다 나오고, 반에서 딱 중간 등수 정도했는데 에제 받았습니다. 이번 학기부터 상평이라 작년만큼 학점 후하게 못 준다고 첫 수업때 공지하셔서 드랍할까 고민했는데 드랍 안하고 쭉 듣길 잘했습니다"
논리와 비판적 사고,박지영,22,Spring,5.0,"올해 다시 대면으로 전환된 강의로 알고 있는데 대면 비대면 상관 없이 꿀강이라고 생각합니다! 우선 강의가 어렵지 않고 로드가 중간 기말 제외하면 아무것도 없구요, 시험 공부하는 것도 하루에서 이틀 정도면 됩니다. 저는 논리학 평소에 관심 있던 분야라서 수업도 재밌게 들었는데 아예 관심 분야가 아닌 친구들은 조금 힘들어 하기도 하는 것 같아요! 다만 교수님도 너무 착하시고 학점도 너무 잘 주시기 때문에  다들 꼭 들어보셨으면 좋겠습니다 교수님 사랑해요"
논리와 비판적 사고,박지영,22,Spring,5.0,"일단 로드가 하나도 없습니다 그냥 시험 두번으로만 결정되고 시험도 안어렵습니다. 그리고 학점 진짜 천사세요 ㅠㅠ 수업 하나도 안듣고 공부도 전날에만 했고 시험도 거의 바닥을 기었는데 에마받았습니다 로드도 없고 학점도 진짜 잘주셔요!!"
논리와 비판적 사고,박지영,21,Fall,5.0,"녹강 음질이 좋지 않다는데 동의합니다.  하지만 교수님께서 QnA 게시판에 답변을 잘 해주셔서 강의 자체보다 QnA게시판을 통해 배울 수 있는게 더 많습니다. 시험은 교재 연습문제 열심히 풀면 됩니다. 이번학기에는 연습문제를 벗어난 문제도 몇개 나왔는데 전반적인 내용에 대한 이해가 잘 되어있으면 문제 없습니다. 시험 두개로 성적이 나오는데 시험 중간값도 굉장히 높고 1,2점 차이로 성적이 갈리는 것 같습니다."
논리와 비판적 사고,박지영,21,Fall,4.0,"교재 연습문제 우선 풀어보고 책에는 없는데 교수님이 수업시간에 다룬거 위주로 챙겨보시면 점수 잘 나옵니다  다만 개념 관련 참거짓 판별 문제는 조금 아리까리할 수도 있고 상위권에 분포가 촘촘하게 모여있어서 실수하지 않도록 주의하셔야 해요  강의력은 훌륭까진 아니지만 나쁘지도 않습니다"
논리와 비판적 사고,박지영,21,Spring,4.0,굉장히 꿀이긴 하고 좋은 강의평들에는 전부 동의함. 그래서 여기에는 안 나온 얘기 적어봄. 비대면 녹강으로 진행하실 때 ppt 필기 알아보기가 힘들었고 녹음 음질이 좋지 않음. 강의력은 그저 그래서 답답할 때가 좀 있었음. 그러나 게시판 질문에는 굉장히 잘 답해주심.
논리와 비판적 사고,박지영,21,Spring,5.0,정말 이보다 좋은 강의가 있을 수 없습니다. 논리학을 처음 접했는데도 교수님께서 너무 친절하게 알려주셔서 쉽게 따라갈 수 있었어요! 로드도 없고 녹강 2개만 제때 들으면 출석도 만점입니다. 그리고 저처럼 시험 망한 사람도 에마를 받을 수 있는 학점도 후한 강의입니다!!
논리와 비판적 사고,박지영,21,Spring,5.0,일단 로드가 하나도 없다는게 가장 큰 장점입니다. 그리고 (다음 학기는 모르겠지만) 녹강인데 40분짜리 강의 두개가 전부라서 개이득입니다. 저는 매주 제때 듣기는 했지만 귀찮으신 분들은 그냥 틀어놓고 시험기간에 몰아서 공부하셔도 무방하겠네요. 다만 교재에는 안나오고 수업시간에만 다룬 부분이 변별력 있는 문제로 출제되기 때문에 수업을 듣기는 해야합니다. 그럼에도 대부분의 시험문제는 교재 연습문제에서 그대로 나와서 공부하기 편합니다. 이해안되는건 Q&A 이용하면 금방 답변해주십니다. 91/100 A+ 받았습니다.
논리와 비판적 사고,박지영,21,Spring,5.0,"교수님 고양이 귀여움 녹강에서 보진 못하고 소리만 들음. 학점 잘 주심. 질문 답 진짜 잘 달아주심. 이번에는 교재에서만 나온거같진 않으나 교재기반으로 열심히하면됨."
논리와 비판적 사고,박지영,20,Fall,5.0,로드는 시험 두 번 뿐입니다. 세시간 강의인데 40분짜리 도영상 두 개 올려주시고 기간도 넉넉하게 주셔서 한학기 내내 편했습니다. 시험은 교재 연습문제가 거의 그대로 나와서 그것만 계속 풀고 외워가시면 됩니다.
논리와 비판적 사고,박지영,20,Fall,5.0,"논리학에 무지한 학생입니다.  일단 내용자체는 너무 쉬웠습니다. 다만 어려웠던건 책과 교수님이 다르게 설명하시는 부분이랄까요. 그래서 수업도 다 들어는 봐야합니다. 시험이 쉽기 때문에 수업에서만 다룬 내용이 결국 변별력이 됩니다.  다들 진짜 진짜 열심히하셔서 에쁠 받으려면 빡세게 하셔야할듯 싶네요. 그래도 로드가 그냥 0이라 꿀강 맞는거 같습니다. 학점도 잘주시는 편이구요. 수업 안듣고 책 연습문제만 다푸셔도 에제는 받으실듯."
논리와 비판적 사고,박지영,20,Fall,5.0,"시험 쉽고 학점도 잘 받았습니다. 개인적으로 매우 만족하는 강의지만 밑에 강의평을 보면 너무 꿀강으로 보여서 조금 더 설명 드리겠습니다  이번학기는 상평이고 쁠몰은 아니었던 것 같네요. 시험도 중간, 기말 두번 봤어요! 시험이 교재 연습 문제가 거의 그대로 나와서 쉬웠고 백점도 중간, 기말에 모두 많이 나왔습니다. 그런데 답인 선지를 모두 고르는 문제가 몇개 있어 실수하면 타격이 조금 있을 것 같았습니다. 기말이 중간보다는 어렵다고 느꼈는데 점수 분포는 비슷하더군요, 90중후반에서 100점에 많이 몰려있었습니다. 꿀강은 맞지만 에쁠을 뿌리시지는 않습니다!  그래도 교수님 친절하시고, 이티엘에 모르는 내용 질문하면 바로바로 답해주셔서 공부할 때도 편했습니다. 출석도 녹강을 일주일내에만 들으면 돼서 좋았네요. 아 그리고 성적이 시험 2, 3일 후에 바로 나와요ㅋㅋ 성적 안나와서 답답해 할 일 없습니다. 아무튼 저는 한학기 엄청 만족하면서 들었어요!"
논리와 비판적 사고,박지영,20,Fall,5.0,"진짜 학점 너무 잘주십니다 시험도 쉽고 로드도 없습니다"
논리와 비판적 사고,박지영,20,Spring,3.0,"강의력은 그냥 그럼. 첫 학기라고 하셨는데 그냥 책&PPT에 있는 내용 약간 풀어서 읽어주시는 정도? 학점은 코로나 버프인지 매우 후하게 주심. 시험도 어렵지 않음"
논리와 비판적 사고,박지영,20,Spring,5.0,"다른 논비사 강의가 어떨지는 모르겠지만, 배울 거 다 배우고, 강의도 괜찮게 하시고 무엇보다 성적을 아주 잘 주신다.   그래서 기분이 좋다"
논리와 비판적 사고,박지영,20,Spring,5.0,"원래 다른 교수님 수업이 개인사정으로 대체됨. 코로나 때문에 일주일에 녹화강의 두개 올라옴. 절평이긴했는데 수강생 절반 조금 안되게 에쁠주심.  강의력⭐️⭐️⭐️ 시험난이도&학점⭐️⭐️⭐️⭐️⭐️⭐️⭐️  총평⭐️⭐️⭐️⭐️⭐️"
논리와 비판적 사고,이풍실,19,Fall,5.0,"교수님이 샤프하심. 강의력 좋으심. 시험문제 변별력 큼. 물론 채점 후하게 해주심. 근데 수업 내에서 탑급으로 잘하시는 분 몇분 계셔서 같은 a대여도 점수차이가 좀 났음. 그래서인지 쁠몰은 안주신듯.  좀 시크하신 것 같지만 질문 굉장히 반기심. 좋은 질문 받았다 싶으면 그학생 계속 쳐다보면서 설명해주심ㅋㅋㅋ 암튼 교수님이 안 중요한것처럼 넘겼다고해서 질문 안하고 대강만 이해하는식으로 공부하면 시험때 통수맞음. 그때 그때 질문ㄱㄱ.  확실한 에이쁠은 수강생빨좀 타는것같고 안전하게 에이제로 받고 재밌는 공부하기에는 딱인듯"
논리와 비판적 사고,이풍실,19,Fall,4.0,풍실좌 덕분에 논리학이 뭔지 알게 되었습니다. 공부하다 보면 재밌습니다. 다만 쁠몰은 절대 아닌듯 하고 저는 공부 좀 했지만 중간을 그리 잘 본 듯하진 않아 에제를 받았습니다.
논리와 비판적 사고,이풍실,19,Fall,5.0,밑에분은 그냥  공부안하셨거나 결석 많이하신듯?? 무슨 까딱하면 에프야 에이플 퍼주셨더만 수업 다 들으면 시험 전날 하루 컷 가능하고 과제없고 학점 잘 주고 기출도 올려주시고 프린트 다 나눠주시고 개꿀강의
논리와 비판적 사고,이풍실,19,Fall,1.0,ㄹㅇ논비사할거면 다른 교수님 들으셈. 공부 열심히하고 잘한다면 모르겠으나 과목 특성상 자드가 많은데 까딱하면 F가;;
논리와 비판적 사고,이풍실,19,Fall,5.0,"교수님이 수업을 즐기신다는 느낌을 받을 수 있음. 의미 있는 수업"
논리와 비판적 사고,이풍실,19,Spring,5.0,"사회대 19학번. Leet대비해서 뭔가 들어보면 좋지 않을까싶어 수강. 학점은 A쁠. 쁠몰인지는 모르겟음  장점 1. 로드가 없음. 수업 때만 열심히 들으면 됨. 수업 때 듣는 게 부담되지도 않음. 교수님 말 전달력이 높은 편이고 ppt도 많지 않아서 공책 필기가 가능한 수준임. 핸드아웃 어차피 다 설명해주므로 안 읽고 가도 됨. 따로 교재 제공x  프린트 주심. 그리고 제공된 프린트에서만 나오기 때문에 수업 안 듣고 교재 독학하는 재능충 척결 가능.(모 논리학 수업은 그런 학생이 많다고 함) 시험공부는 중간 하루 기말 하루 이틀 끝   2. 수업 내용이 유용함. 특히 자연언어로 된 논증을 문장문자로 바꾼 뒤 논증을 비판하는 챕터랑 오류론 챕터는 타 과목 비평문 쓸 때 매우 유용했음.  3. 수업 내용이 쉬움. 필자는 문과인데 문과수능 열심히 공부한 정도면 베이스는 앵간. 학생들이 가장 어려워 했던 문장논리 파트 몇 시간만 복습해도 다 맞을 수 있음.(문장논리란 집합명제 심화버젼 정도로 생각하심 됩니다)  4. 수업 내용이 타과목과 연결성이 높음. 필자가 교수님과 학기말에 잠깐 얘기했는데 논리학 과목과 절반 정도 겹치므로 논비사 수강 이후 논리학 수강하면 개꿀이라 그랬음. 그리고 좀 더 어려운 수업을 원하면 철학과 전필 기호논리학을 수강할 것을 추천받음.  5. 교수님이 친절함. 수업 시간 때도 질문 잘 받아주시고 수업 끝나고 질문할 땐 수업 외적인 학문적 조언도 많이 얻었음.  또한 기출문제 올려주심. 시험문제는 어렵지 않고 헷갈릴 수 있는 정의 부분만 유심히 보면 됨. 문장논리 응용문제는 어렵지 않음  6. 성적 공개 매우 빠름. 기말 친 주에 총성적 나옴  단점 1. 문풀이 너무 김. 그냥 숙제로 주고 질문만 받든가 etl에 풀이올려주심 되는데 제공된 문제 다 푸시니까 좀 지루한 구간이 몇 번 있었음.   요약: 앞자리 가서 열심히 필기하고 시험전날 하루공부 조지면 되는 수업. 얻는 것도 많고 학점도 앵간히 딸 수 있음."
논리와 비판적 사고,이풍실,19,Spring,5.0,1학기 수강 과목 중 가장 의미 있는 강의였음. 목소리랑 빠르기 모두 적당하고 수업을 굉장히 잘하심.  과제 점수같은 거 없고 출석이랑 중간 기말이어서 시험 잘 보셔야 합니다.
논리와 비판적 사고,이우람,18,Fall,5.0,진짜 꿀강입니다 ㅎㅎ 내용도 크게 어렵지 않은데다가 교수님아 재밌는 예까지 들면서 설명해주셔서 가볍게 듣기 좋은 수업이었습니다! 과제는 두 번인데 크게 무리없는 수준이고 거의 제출여부만 판단하시는거 같아요. 진짜 이상한 소리 써놨는데 그냥 만점 주셨어요 .. ㅋㅋㅋㅋㅋ 시험도 배운거 안에서 다 나오고 암기를 크게 요구하는 내용도 아니고 딱 적절한 수준이라고 생각했어요! 두번의 시험 다 크게 잘 본 편은 아닌데 학점 나온거 보고 너무 잘주셔서 놀랐어요 😂 저번 학기 때 다른 교수님 수업 대체하면서 처음 강의하셔서 별로 유명하지 않으신거 같은데 이제 유명해지실 것 같아요.. 최고의 뜨는 꿀강 되겠어요
논리와 비판적 사고,이주한,22,Spring,5.0,"이주한 교수님이 계시지 않아, 더 이상 들을 수 없지만 좋은 강의였습니다."
논리와 비판적 사고,이주한,22,Spring,5.0,"1학년 1학기때 들었던 수업인데, 비대면이었지만 정말 재밌고 유익했던 수업. 아직도 수업을 하시는지는 모르겠지만 열린다면 추천하는 수업입니다. 시험은 과제와 유사하게 나와서 평소에 과제를 성실하게 했다면 충분히 잘 볼 수 있는 시험입니다. T/F 문제와 주관식으로 기호를 이용해서 증명하는 문제들이 나오는데 후자 같은 경우에는 집합 증명과 유사해서 수학 자신있으신 분들은 쉽게 하실 듯 합니다."
논리와 비판적 사고,이주한,22,Spring,5.0,여름 계절학기 수강했습니다 강의력도 좋으시고 학점도 후하십니다 시험 문제를 굉장히 잘 출제하셔서 재밌게 풀었습니다 꼭 들으세요
논리와 비판적 사고,이주한,22,Spring,5.0,"로드 전무. 강의력 좋으심. 교재 본문 예시(대부분 수업때 다뤄주심)랑 연습예제 완벽하게 숙지해야함. 학점은 그다지 좋지 못했지만 많은 것 배워갑니다."
논리와 비판적 사고,이주한,22,Spring,5.0,"조별과제 없음, 로드 없음  정말 담백하게 중간 기말 시험으로 끝나는 수업  수업 시간에 열심히 듣고 시험 보기 전에 복습하는 정도면 시험 대비 가능  본인이 조금 부족하다고 생각하면 비판적 사고를 위한 논리 책에 있는 예제를 풀어보는 것이 도움이 됨"
논리와 비판적 사고,이주한,22,Spring,5.0,"요약) 고민중이라 강의평을 찾고있다면, 수강하세요. 철학과 논리학에 대한 이미지를 바꾸어 준 강의입니다!  교수님 강의력에 관해서는 아쉬운 점을 찾기 어려울 정도입니다. 로드도 전혀 없고(과제가 아예 없어요), 다른 참고서 거의 필요 없이 매차시 주시는 핸드아웃 PDF만 수업중에 잘 숙지하면 됩니다. 중간/기말 두번의 평가로 성적이 결정된다고 보면 되는데, 강의평 보니 난이도가 어렵다는 글들이 많네요. 논리학의 문외한이었으나 시험 난이도는 큰 부담 없는 정도였고, 성적도 만족스럽습니다. 시험 내용이 핸드아웃과 수업 내용에서 벗어나는게 없고, 시험시간이 2시간으로 충분해서 타임어택이 전혀 없습니다. 다만 성적을 A+~D0까지 세분화해서 칼같이 상대평가로 주시니, 적은 노력으로 성적 받는것이 목적이라면 적합하지 않을듯합니다!"
논리와 비판적 사고,이주한,22,Spring,5.0,"교수님 강의력이 좋고, 관심있는 분야라면 유익한 강의입니다! 다만 시험문제는 좀 어렵다고 느낄 수 있어요. 꿀강은 아니더라도 충분히 들을 만하다고 생각합니다"
논리와 비판적 사고,이주한,22,Spring,4.0,"강의 최고. 정말 최고. 시험 어려움. 그러나, 상대평가라서 ‘남보다’ 잘 보면 됨."
논리와 비판적 사고,이주한,21,Fall,5.0,"교수님 강의력 좋음 A 40 / B 40 / C 20 칼같이 끊어서 성적주심 시험은 배운 내용을 토대로 문제풀기(족보 없음, 교재 연습문제에도 없는 문제 위주라 순수 실력으로 풀어야함) 과제는 교재 연습문제 풀어서 제출(시험공부도 되고 부담 적은편) 꿀강을 찾는 사람들에겐 비추 평소 논리학을 배우고 싶고, '성적은 내가 공부해서 따내겠다라는 사람들에겐 추천"
논리와 비판적 사고,이주한,21,Spring,5.0,"교수님 강의력에 대해서는 의심할 바가 없습니다. 시험이 조금 어렵지만, 외운 것을 그대로 토해내거나 타임어택하는 형태의 시험이 아니라 배운 것을 토대로 응용할 수 있는지 묻는 시험이라, 저는 더 좋았습니다."
논리와 비판적 사고,이주한,21,Spring,3.0,"여름학기입니다! 최종성적 비제로...  수업은 재미있으나... 학점은 별개로..."
논리와 비판적 사고,이주한,21,Spring,5.0,"여름학기 수강자입니다 강의력도 좋으시고 내용이 진짜 재밌어요 ! 추천합니다ㅎㅎ"
논리와 비판적 사고,이주한,21,Spring,3.0,꿀강을 찾으시는 분들은 도망가세요. 교수님 강의력이 뛰어난 건 맞는데 시험이 생각보다 훨씬 어렵습니다. 학점도 깐깐하게 비율 채워서 주십니다. 과제는 연습문제 푸는거라 하면서 공부가 되기 때문에 부담이 크지 않습니다만 시험과는 조금 동떨어진 삘이 나네요.
논리와 비판적 사고,이주한,21,Spring,4.0,"수업내용은 개인적으로 재밌었고 로드도 부담없었어요 그런데 저는 연습문제랑 시험이랑 많이 다르다고 느꼈어요 이게 당일 컨디션이랑 개인역량에 달려있어서 막 열심히 공부해간다고 딱히 더 잘나오거나 못나오거나 하는 시험이 아니에요.. 기출문제라도있으면 도움많이 됐을텐데 ㅠ"
논리와 비판적 사고,이주한,21,Spring,3.0,강의도 다 듣고 중간 공부 이틀간 열심히 했는데 비마 나왔어요... 평소에 열심히 공부하시는 분만 들으시길 추천드릴게요~ 그리고 교수님은 참 멋지고 좋으신데 전 강의가 재밌다는 생각은 크게 안 들었구요.. 아래에 강의평 쓰신 분들은 논리학이 재밍다고 생각하시는 드문(?) 분들 같아요. 재수강하고 다음 학기에 다시 강의평 쓰러 올게요~~
논리와 비판적 사고,이주한,21,Spring,5.0,교수님이 설명도 잘해주시고 내용도 재밌습니다. 정말 재밌게 들을 수 있는 강의인 것 같습니다
논리와 비판적 사고,이주한,21,Spring,5.0,"주한이형 사랑해요❤️ 주한이형 덕준에 철학과 복전을 생각하게 되었습니다ㅜ 서울대 일타강사 이주한, 무조건 추천입니다 수업만 잘 따라가시고, 깊게 복습하시는 습관 들이시면 학점 잘 따실 수 있으실거예요!!"
논리와 비판적 사고,이주한,21,Spring,4.0,"교재에 있는 연습문제 푸는 과제 4번 있습니다. 난이도, 양 모두 부담스러운 과제는 아니라고 생각합니다. 시험 문제와 연습문제의 유형이 거의 유사하기 때문에 오히려 좋아 입니다. 논리학을 배우는 과목이다보니 내용이 다소 어렵습니다. 논리학을 배우고 싶으셨던 분들에게는 추천하지만, 그냥 학점 채울라고 듣는 것은 딱히 추천하지 않습니다."
논리와 비판적 사고,이주한,21,Spring,4.0,"수업은 굉장히 좋았습니다. 과제도 어차피 공부해야 하는 연습문제 푸는 거라 별로 부담도 안되구요.  근데 시험이 솔직히 너무 어려운거 같습니다. 비대면 학기였음에도 성적도 딱딱 끊어주시구요. 학점 중요하게 생각하시는 분들은 듣지 않는걸 권장합니다"
논리와 비판적 사고,이주한,21,Spring,5.0,"내용이 재미있습니다! 평소 논리를 좀 두려워해서 극복하려고 도전했는데 논리에 흥미를 느끼게 되었으니 성공한 것 같습니다. 시험은 포인트를 잘 짚고, 헷갈릴 만한 것들을 미리 생각해 놓아야하는 것 같습니다. 저는 성적에 신경을 덜 쓰는 편이라 중간을 못봤어도 그럭저럭 괜찮았는데, 성적관리 하시는 분은 중간 기말을 모두 잘 보시길 바랍니당 .."
논리와 비판적 사고,이주한,20,Fall,5.0,"겨울에 들었고 매우 만족했습니다! 일단 설명을 정말 깔끔하게 잘해주시고, 시험도 적당히 변별력있게 내셨습니다. 다른분들 평처럼 시험 자체는 연습문제보다는 어려워서 꼼꼼히 공부하긴 해야 하지만, 절대 못할 정도는 아닙니다. 다만 몰아서 벼락치기하면 많이 힘들거 같고, 평소에 잘 공부해둬야 좋은 학점 받을 수 있다는 생각이 들었습니다. 그렇지만 교양  쌓기에 매우 적합한 강의이고, 이 수업 듣고 논리학에도 관심이 생겼네요! 논비사는 이주한 교수님 정말 추천합니다ㅎㅎ"
논리와 비판적 사고,이주한,20,Fall,5.0,"겨울학기 수강생입니다. 수업을 들으면서 어려운 내용도 설명을 깔끔하게 하신다고 느꼈고요, 기말고사 때 처음 뵈었을 때도 정말 배려심이 넘치시는 교수님이라고 생각했습니다!   시험은 8문제 정돈데 2시간 동안 풀면 됩니다. 시험시간이 넉넉하지도, 부족하지도 않아서 놀랐습니다.(변별력 있게 시험 출제를 잘하십니다!) 참, 거짓 문제가 많이 나오는데 공부 대충하면 헷갈릴 것 같았습니다. 자연연역은 2문제밖에 안 나와서 틀리면 치명적이에요. 연습문제보단 많이 어렵고 응용이 많습니다! 그래도 공부 열심히 했다면 못 풀 수준은 아니었습니다.  학점도 널널하게 주셔서 명강, 꿀강이네요~~ 논비사는 이주한 교수님 꼭 추천합니다ㅎㅎ"
논리와 비판적 사고,이주한,20,Fall,5.0,"2020-겨울학기 수강했습니다.  교수님 강의력은 말할 것도 없습니다. 제가 여태 들었던 교수님들 중 최고였습니다. 성적을 딱딱 잘라주신다는 말이 많아서 조금 자신이 없었는데, 이번 겨울학기에는 코시국임을 감안하여 성적을 잘 주셨습니다. 기말고사까지 남아있던 인원 중에서 A 절반 B 절반으로 주시고, 마이너스 학점은 부여하지 않으셨습니다. 물론 드랍자는 미포함이고요.  저는 A0를 받았습니다만, 시험을 잘 본 편이 아님에도 꽤나 좋은 학점을 받아서 싱글벙글하네요. 시험이 어렵다고들 하시는데 실제로 어렵습니다. 그런데 어려운 건 제가 생각하기에 진위판별하는 문제들이구요, 자연연역이나 정언명제 문제는 그리 어려운 편은 아닙니다. 자연연역 문제는 개당 8점씩 총 2문제 나오는 데 그쳤습니다."
논리와 비판적 사고,이주한,20,Fall,4.0,"교수님 강의력 좋으시고, 체계적으로 잘 가르치십니다. + 스윗  하지만 학점은 정확히 끊어주십니다.  이번 학기는 (코로나임에도) 기말까지 남은 사람 기준  40 / 40 / 20 으로 안에서 +0 - 다 주셨을 걸로 추정됩니다. 코로나 시국+교양임을 감안하면 널럴하게 주시는건  확실히 아니죠. 특히 B0 B- 맞을 확률 감안한다면... ㅠ  학점이 중요하시다 하는 분들은 다른 교양보다 꼼꼼히 공부하시거나,  좀 더 여유있게 주시는 강의 추천드립니다.  논비사/논리학 과목 특성상,  실수 하나 하면 15점씩 날아가기도 해서, A가 바로 B가 되기도 합니다.  저같은 경우는 논비사 상위호완인 논리학은 A, 논비사는 기말때 큰 실수를 해 B를 맞는..그런 슬픈 일이 일어났습니다.ㅎㅎ  두개 같이 들으신다면, 교수님 같은 분으로 들으시길 추천드립니다.  교수님이 다른 경우에는 강조점이나 쓰는 체계가 다 달라, 공부할 떄 심히 헷갈립니다..!"
논리와 비판적 사고,이주한,20,Spring,4.0,"여름계절 수강/ 제가 논리학에 관심이 있어서 그런지 수업 자체는 굉장히 이해하기 쉽게 하나부터 열까지 차근차근 잘 알려주십니다. 중간에 과제가 6번?인가 나오는데 그냥 수업 내용 복습한다 생각하고 푸시면 그렇게 크게 부담되지는 않아요. 복습도 되구요. 개인적으로 배울게 많은 수업이라고 생각합니당. 학점은.. 잘 모르겠네여"
논리와 비판적 사고,이주한,20,Fall,5.0,"진짜 강의력이 지금까지 들은 분 중 최고. 녹강이었는데 심지어 빨리듣기로 해도 또박또박 알아듣기 편합니다. 수업 내용은 그다지 어렵지 않고요, 수업과 필기, 책만 잘 읽는다면 아마 좋은 성적 받을 겁니다. 무엇보다 예시로 고양이 🐱 를 많이 드시는 게 아주 좋네요. 논비사 이왕 들을 거라면 주한비사로~"
논리와 비판적 사고,이주한,20,Spring,5.0,"여름계절에 수강했음! 논리학 노베, 관련 시험칠 생각없고 재미있어 보여서+명성이 자자해서 들었음  대학와서 들은 강의 중 단연 최고였다음 교수님도 너무 좋으시고 내용도 재미있고 공부하는 맛도 나고 살면서 시험에 써먹을거 아니라도 인생에 도움이 되는 강의라고 생각함  일단 교수님이 정말 정말 좋으심 이 수업의 최고 장점이 이주한교수님이심... 수업을 정말 기깔나게 잘하시고 너무 친절하고 스윗하심 ㅠㅠ 3년간 수업 들은 교수님중에 최고였다 ㅜ 비대면이라 전화로 질의응답을 했는데, 논리학 쌩노베라서 수업들으면서 생긴 이런저런 궁금증들 여쭤봤더니 너무 친절하고 명확하게 답해주셔서 감동받을 정도였음 ㅠㅠ  사실 수업 듣기전에 내용 어렵다 과제 많다 시험 어렵다 사람들이 그래서 겁먹고 신청했는데 개인적으로는 셋다 아니었음 너무 억울해서 안쓰던 강의평까지 쓴다ㅜ  수업내용은 전혀 못따라갈 정도로 어렵거나 진도가 빠르거나 하지 않음 난 오히려 수업들으면서 너무 재미있어서 더 하고 싶었는데 교양과목이라 범위도 적고 내용도 쉬워서 아쉽다고 느꼈음 ㅠㅠ 철학이나 논리학이 뭔지도 모르는 노베 기준으로도!  과제는 연습문제 푸는거 6번 나가는데 그냥 수업때 배운내용 예제 연습하는거고, 풀면서 재밌기도 하고 시험공부도 저절로 돼서 좋음 문제가 쉬워서 전혀 부담스럽지 않고 중간에 노가다때문에 팔아픈것만 빼면 각 1시간컷 가능한 부담없는 과제임 채점은 안하시고 제출여부만 보심!  시험은 어렵다는 소리가 많아서 긴장 많이 했는데 어렵진 않았음 범위에서 모르는게 없었다면 시험지에서도 모르는게 없을것 같았음! 난 계절로 1달내내 수업듣고 과제하면서 자동복습됐어서 전날 하루만 보고 쳤는데 난이도 전혀 어렵지 않게 느꼈고, 성적은(과제제출20+기말80) A+나옴  아무튼 너무 재미도 있고 유익하기도 하고 심지어 비대면때는 시험도 한번이라 꿀까지 빨수있는 최고로 완벽한 강의임...ㅠ 어느정도냐면 더 깊은 내용을 너무 배우고싶은데 이주한교수님이 아니면 별로일까 싶어서 다른 논리학강의를 수강할까말까 고민하게 될 정도로 완벽했음 이걸 보는 모든 사람이 다 수신 성공해서 들었으면 좋겠는 관악의 명강!"
논리와 비판적 사고,이주한,20,Spring,5.0,"저도 아랫분과 마찬가지로 비판적 사고라는 과목명에 끌려서 수강한 학생입니다.  제가 상상했던 수업 내용과는 매우 달랐지만, 그럼에도 만족한 수업이었습니다.  논리학 자체가 저에게는 생소하고 쉽게 다가오지 않았는데 교수님이 차근차근 반복해서 설명해주시니  지루힌 내용이라도 집중이 잘 되고 배워나가는 데에는 크게 문제 없었습니다. 그러나 많이 연습하고 복습하지 않으면 혼자 문제 풀기가 어렵게 느껴집니다.  공부량과 학점이 완전 비례하는 과목입니다. 비대면이어서 수업을 직접 듣지 못한 게 정말 아쉽습니다. 교수님이 진짜 멋있으시고 좋으십니다. 비대면이어서 아쉽습니다..... 이번 학기에는 비대면수업 상황에 따라 학점을 더 높게 주시려고 하셨는데 감사했습니다. 물론 저는 공부를 많이 안 해서 폭망이었습니다ㅎ 과제는 적당하거나 적게 느껴질 정도였습니다"
논리와 비판적 사고,이주한,20,Spring,4.0,"논리와 비판적 사고 라는 이름에서 비판적 사고?? 오 비판적사고좀해볼까 하고 수신했습니다. 바보같긴한데, 나같은 사람 없으라고 알려드릴게요ㅋㅋ. 배우는건 완전 논리학입니다. 이 수업을 들으면서 논리학이 뭔지 뼈저리게 느끼실수있을거에요. 그냥 논리학 베이스 수업이랄까, 과제는 총 6번이었습니다. 초반에는 괜찮은데 4주차부터 진짜,,,,,내용이 어려워지니까 좀 힘듭니다. 성적은... 뭐 제가 안했으니까 여기는 별말안할게요. 비율 맞춰서 주십니다. 그런데 이번 학기 과제 20%,기말 80%는 조금 가혹했다는 생각이 드네요ㅠ  교수님 쏘스윗하시고 잘가르치십니다. 빛강의 인정! 하지만 성적은 자기 하기나름!(A받으시려면 좀빡세게하셔야될듯)"
논리와 비판적 사고,이주한,20,Spring,5.0,"학점을 엄청 잘받았다곤 못하겠지만 공부한만큼 받았습니다..ㅋㅋㅋ  제기준 not bad.. 공부한만큼 성적 받아가는듯해요. 일단 내용자체가 중후반 갈수록 좀 어려워져서.. 논리학에 관심있던 분들이 들으셔야 좋을듯합니다. 무엇보다 이주한교수님 쏘젠틀 쏘카인드 쏘쿨 쏘핸썸 너무 좋으십니다ㅜㅜ 비대면이었던게 진짜 인생의 한이다.. 많이 배웠고 즐거웠습니다. 논리학 관심있다면 강추"
논리와 비판적 사고,이주한,20,Spring,5.0,"시계 보여요? 그저 빛,,, 중간을 안봐서 기말범위가 많아져 슬펐지만 한학기 수업 듣는 동안 행복했습니다. 시험날에라도 교수님 실물로 뵐 수 있어서 좋았어요!  그치만 재수강은 안돼요"
논리와 비판적 사고,이주한,19,Spring,5.0,"2019-S 교수님 너무 너무 좋아요. 강의력은 물론이고 학생이 모호하게 질문해도 질문 내용 정리요약하셔서 대답하시는 모습 그저 빛....아침 수업이었는데도 교수님이 너무 좋아서 거의 지각 안하고 열심히 들었네요. 교수님피셜 논리 교양 중 가장 기초인 과목인 만큼 내용은 노베여도 따라갈 수 있는 정도이고 암기도 거의 없고 시험시간도 넉넉히 주시지만...문제를 다 풀어도 내가 어떻게 풀었는지 감이 안 잡히는 시험입니다(그래서인지 중간이 끝나고 11명 정도 드랍..). 특히 기말 범위는 이걸 어떻게 변별할까 싶었는데 변별이 다 되더군요^.^ 저는 중간은 A-, 기말은 암기과목 공부하느라 B+ 떴는데 최종 A-였습니다. 교수님이 강평을 보셨는지 첫시간에 쁠몰 아니라고ㅋㅋ하셨는데 그 말은 맞는 것 같고, 그래도 드포에 성적을 최대한 잘 주시려고 하는 것 같습니다. 학점 꼭 잘 받으셔야 하는 분보다는 논리학에 정말 관심이 있다 하는 분께 추천드립니다. 내가 쉽다고 느끼는 건 다른 모두에게도 쉽고 어려운 건 어렵기 때문에...그래도 저는 강의 들으면서 너무 즐거웠습니다. 강의를 바탕으로 하면서도 질문을 통해 토론하고 의견을 많이 들으려고 하시는 수업방식도 참 좋았어요. 논비사 들으실 거면 이 수업 추천드려요"
논리와 비판적 사고,이주한,19,Spring,4.0,그냥 제가 머리가 안 돼서 성적을 낮게 받긴 했지만 수업 잘하시고 재밌습니다... 오히려 그 성적이 잘 주신 거라고 생각함
논리와 비판적 사고,이주한,19,Spring,5.0,"빛주한 강의력 우주최강!! 과제는 꽤 자주 나오는데 그냥 문제 푸는 거고 풀기만 하면 점수 줍니다. 근데 과제 할 때 열심히 해두면 시험 공부할 때 프린트만 열심히 읽어도 됨.  학점은 비율 맞춰주는 것 같은데 이번 강의는 전반적으로 수업 태도 좋다고 - 학점 없애고 쁠제만 주셨습니다. 덕분에 살았다 빛빛빛"
논리와 비판적 사고,이주한,19,Spring,5.0,"빛빛빛빛빛 로드, 강의력, 성적 등 모든 부분에서 최상입니다"
논리와 비판적 사고,이주한,17,Fall,5.0,"교수님 너무 좋으심. 4년동안 들은 교양 강의중에 제일 좋았다. 내용도 중반까지는 그냥 수학  집합단원 정도 난이도라. 그냥 수업가서 재밌게 듣고 재밌게 과제하고 내고,  학점 챙기시면 됩니다. 과제도 연습문제 푸는 거라 빡세지도 않고."
논리와 비판적 사고,이주한,18,Spring,5.0,빛주한 교수님의 논비사입니다 강의력 뛰어나고 시험 난이도도 적절합니다 로드는 교재 연습문제 풀어가는 건데 채점을 안하셔서 제출만 꼬박꼬박 하면 만점입니다 교수님 전공이 그쪽이라 다른 논비사보다 인식적 정당성에 대해 자세히 다루는 것 같기도 합니다 아무튼 참 좋은 강의
논리와 비판적 사고,최동호,23,Fall,5.0,"논리학은 처음이라 걱정 많이 했는데, 배운 것도 많고 드랍자가 많아 성적도 예상보다 잘 나왔습니다. 교재에 비해 수업과 Ppt에서 다루는 내용이 어렵지만, 카페 글과 녹화강의가 공부에 큰 도움이 됩니다. 저는 중간고사 때까지는 수업에 집중을 못했는데, 수업시간에 강조하시는 내용을 기억해두시면 좋을 것 같습니다."
논리와 비판적 사고,최동호,23,Fall,5.0,"교재와 ppt로 독학하고, 강의로 보충하는 것이 최적인 강의입니다. 배우는 내용은 흥미롭고, 제가 수강한 학기에는 어려운 내용 탓에 드랍자가 30%가 넘어서 성적도 굉장히 후했습니다.  다만, 이 글을 읽는 여러분이 드랍자가 되실 수 있다는 점을 기억하세요. 교양과 전공 사이 난이도라는데 저는 개인적으로 1~2학년 전공 과목보다도 어렵게 느꼈습니다."
논리와 비판적 사고,최동호,23,Fall,5.0,"과제없고, 수업 내용 카페에 녹강으로 다 있고, 관련 질문 카페에 모두 아카이빙되어 있어 혼자 공부하는 데에도 큰 무리없었습니다. 딱 교수님이 생각하시는 대학 강의의 방향(내용 공부는 혼자하되, 정말 필요할 때에만 교수가 세르파의 역할을 하는)대로 수업이 진행되고, 실제로 공부할 때에도 교재문제 풀고 카페 질문 아카이빙된 것 정리하는 식으로 공부하니 큰 무리는 없었습니다. 다만 공부하는 내용에 비해 시험이 매우 어렵습니다(교재나 카페 질문들은 수월하게 풀려도, 정의를 묻거나 관련 개념에 대해 엄밀하게 알고 있어야 하는 모두 고르시오 객관식문제가 있다보니..) 참고하십쇼"
논리와 비판적 사고,최동호,23,Fall,4.0,"강의가 조금 졸릴수도 있지만 강의를 잘 안들으면 시험 잘보기는 좀 어려움.. 문제 자체에 기준은 수업시간에 배운대로라고 언급할 정도!! 강의력은 괜찮으시고 카페 자료들도 도움이 됐음 다만 앞쪽 부분에 너무 시간을 할애하는거 같아서 조금 아쉬웠음..그래도 교수님 친절하시고 재밌으셔서 즐겁게 수강했습니당~~~~~ 수업을 잘 들어야 좋은성적 ㅎㅎ"
논리와 비판적 사고,최동호,23,Fall,4.0,"일단 과제가 없고 성적은 드랍자 포함이란 점에서 장점이 분명합니다. 그리고 일상에서의 논리적 사고를 기르는 데에 도움이 되리라 생각합니다. 다만 수업의 난도가 상당하고 논리학에 대한 지식이 전무한 저의 입장에선 교수님의 설명이 버거울 때가 꽤 많았습니다. 그리고 시험 역시 수업을 잘 수강해야 좋은 결과 얻을 수 있을 것이라 생각됩니다. 적은 공부로 높은 성적을 얻을 수 있는 꿀강은 아니며 그렇다고 노력한만큼조차 성적이 안나오는 건 아닙니다."
논리와 비판적 사고,최동호,23,Fall,4.0,"기본정보: 중간고사 이전에는 비형식논리, 기말고사 이전까지는 명제논리를 배움. ETL을 이용하지 않고 다음 카페를 이용하여 수업자료, 공지사항, 질문게시판 등을 운영하는데, 누적 자료가 많아서 매우 좋은 운영방식인 것 같다고 생각함. 강의: 노베도 수업을 들으면 귀에 쏙쏙 들어올 정도로 강의력이 좋다고 하긴 어려움. 그러나 베이스가 있는 본인의 입장에서는 교수님이 정말 많은 것들을 가르쳐주시려고 한다는 것이 보였음. 모르는 게 있으면 다음 카페에서 검색하여 다 나오기 때문에 노베도 따라가기 쉬움. 시험: 시험은 꽤 어렵게 나옴. ppt보면 막막할텐데 시험 공부할 때는 수업시간에 나간 부분(듣다보면 어느 부분이 중요한지 알게 됨) 위주로 열심히 보면 성적은 잘 나올 것임. 중간고사 TIP은 비형식적 오류 부분을 꼼꼼히 공부하는 것임. 기말고사는 그냥 열심히 하는 수밖에 없음(증명 문제는 어렵지 않으므로 증명에 너무 시간을 쏟으면 다른 부분에서 문제를 틀릴 수 있음). 성적: 성적 공개가 진짜 빠름. 시험 본 당일에 시험 성적과 학점이 공개됨 ㄷㄷ 본인이 투자한만큼 나오는 정직한 과목임. 학점을 뿌리는 것은 절대 아니고 교수님이 합리적으로 학점을 배분한다고 말씀하심.(총점이 인접한 두 학생의 학점을 같게 주어야 하는지 차이를 둬야 하는지 판단한다고 하심. 'A는 n%' 이런 식으로 기계적으로 잘라서 주는 것이 아니라는 것.) 꿀강을 원하는 사람이었다면 우리 학교에서 열리는 논비사 과목을 들을 리가 없으므로 별 단점이 되지는 않을 것 같음. 제일 빡센 과목이라는 점에서 얻는 것이 많은 과목이라는 것은 확실함."
논리와 비판적 사고,최동호,23,Spring,4.0,강사님 강의 실력이 그렇게 좋지는 않습니다. 본인이 직접 말씀하셨구요. 200장 가까이 되는 ppt랑 책만 마스터 하시면 됩니다. 물론 드랍자 많아서 학점은 공부 별로 안해도 잘 받은 것 같네요.
논리와 비판적 사고,최동호,23,Spring,5.0,"친절하시고 질문 잘 받아주십니다 학점도 노력한 만큼 충분히 얻어갈 수 있는 수업입니다"
논리와 비판적 사고,최동호,22,Fall,5.0,"교수님 강의력 좋습니다. 로드도 중간, 기말이 전부이고 출석 인정도 유하십니다. 다만 시험이 어렵다보니, 혼자 공부를 많이 하셔야 합니다."
논리와 비판적 사고,최동호,22,Fall,4.0,과제없고 시험 2번이 끝입니다 . 쁠몰은 아니고 마이너스까지 주시는걸로 보입니다. 카페 누적 데이터가 많아 도움이 많이 됩니다.강추까진 모르겠고 무난한거같습니다.
논리와 비판적 사고,최동호,22,Fall,5.0,강의가 곁가지로 새는 느낌이 있어 집중이 잘 안될수있는데 책과 피피티를 베이스로 하고 이해가 안되는 부분을 교수님 설명으로 보충한다는 느낌으로 공부하시면 문제 다 푸실 수 있습니다. 공부 방향만 잘 잡으시면 큰 시간투자없이 좋은 결과 나올것이라 생각됩니다.
논리와 비판적 사고,최동호,22,Fall,5.0,"설명 친절하게 해주시고 논리학 노베도 충분히 따라갈 수 있는 강의. 수업 중에 강조하신 부분이랑 ppt, 교재 연습문제 꼼꼼하게 보면 시험 충분히 잘 볼 수 있음. 중간이랑 기말만 있으니 로드가 없고, 드포로 성적 매겨주시니 논비사 중에서는 들을 만하다고 생각. 엄청나게 강의력이 뛰어나지는 않지만, 중요한 내용 정도는 이해되게 설명해주셔서 크게 걱정하지 않아도 될 듯."
논리와 비판적 사고,최동호,22,Spring,4.0,"앞선 강의평들에서 확인할 수 있듯, 강의력이 그렇게 좋은 교수님은 아닙니다. 다만, 질문을 굉장히 친절하고 세세하게 답해주시고, 카페에 예전 질문 및 녹강이 올라와있어서 복습 및 시험공부하기에 좋았습니다. 시험의 경우 모두 고르는 개관식 문제 및 단답형 문제로 구성되어 있고, 기말에는 증명이 두 문제 나옵니다. 시험 전에는 완벽하게 숙지했다고 생각했는데, 시험이 깐깐하고 헷갈리게 나와서 점수 보고 자괴감이 들었습니다... 교재에 없고 강의 자료에만 있는 내용 중에 헷갈릴 만한 건 무조건 나오니까 지나치지 마세요. 성적은 드포로 주시는 것 같고 학점 보고 수업과 시험이 미화됐습니다..굉장히 후하시고 성적 공개도 빨라요. 교수님 짱."
논리와 비판적 사고,최동호,22,Spring,3.0,기억하십시오. 강평은 승리한 자들이 다수라는 것을. 교수님께서는 논리학 엄청 좋아하시는 것 같다. 나는 어려웠고 공부를 많이 안한 것도 맞으나 음… 타 교양에 비해 꿀강인 것은 절대 아님. 시간을 많이 투자할 수 있는 사람 혹은 논리를 잘하는 사람에게 추천드립니다.. 이상 패배자의 발언이었습니다.
논리와 비판적 사고,최동호,22,Spring,4.0,"1. 출석체크는 너그러우시다... 지각도 출석으로 인정! 2. 교수님이 논리학 덕후? 같은 티가 팍팍난다 ㅋㅋㅋㅋ 나쁜 의미 아님! 3. 강의력이 나쁘다는 이야기가 교수님이 너무 논리학 덕후같아서... 4. 교수님도 강의평 보신다길래... 교수님 이름하고 과목명 네이버에 검색하면 기출문제 나오던데 그거 이번학기 킬러문제였음 ㅜㅜㅜㅜ 교수님 왜 족보 그대로 내셨어요... 나는 시험 끝나고나서야 있다는거 알았는데 ㅜ"
논리와 비판적 사고,최동호,22,Spring,4.0,"강의력이 그렇게 나쁘지는 않으신 것 같고, 개인적으로 피피티 구성 때문에 해독하느라 좀 힘들었던 것 같아요. 그래서 수업을 최대한 열심히 들어서 보충하는 게 공부에 도움되는 것 같습니다.  질문 잘 받아주시고 카페에도 참고할 거리가 많아서 하는 만큼 많이 얻어갈 수 있습니다. 다만 시험이 어려웠습니다. 모두 다 고르는 객관식 유형이라 정신을 잘 차리고 풀어야 해요... 하지만 좋은 점은, 끝까지 성실하게 버티면 학점을 잘 주시는 것 같고 성적처리가 정말 빠르다는 것입니다."
논리와 비판적 사고,최동호,22,Spring,5.0,이번 학기 수강한 사람입니다. 수업이 다른 논비사 수업보다 어려운 건 사실이지만 다른 강의보다 얻는 것이 많은 수업입니다. 필히 들어볼 강의라고 생각합니다. 그리고 질문에 대한 답도 잘 해주십니다. 이게 정말 큰 메리트입니다.
논리와 비판적 사고,최동호,22,Spring,5.0,얻어가는 게 정말 많은 강의입니다. 메일로 수업 관련하여 질문을 하면 친절하게 답해주십니다. 사실상 시험 2번으로 다 처리되는 과목이면서 로드도 없는 과목입니다. 성적도 정직하게 나오고 교수님께서 후하게 학점 뿌리십니다! 논리적으로 생각하는 것 좋아하시면 졸업하시기 전에 무조건 들어야하는 과목입니다. 꼭 들으세요!
논리와 비판적 사고,최동호,22,Spring,5.0,"최동호 교수님 논비사, 논리학 수업 둘 다 들었습니다 어렵다고 하시는 분도 계시는 것 같은데 전 개인적으로는 문제풀 때는 오히려 쉬웠던 것 같아요 오히려 객관식이 모두 고르라거나 맞은 개수 찾으라해서 더 어려웠어요 수학 증명 좋아하시거나 잘하시는 분에게 잘 맞을 것 같네요 참고로 아침에 시험보면 저녁에 성적공개까지 완료돼서 좋아요"
논리와 비판적 사고,최동호,22,Spring,5.0,"재밌었습니다. 교수님의 강의력이 떨어진다고 하는데 저는 별로 상관없었다고 생각합니다. 노트에 적으면서 듣고, 모르는 부분은 메일로 질문을 하면  내용을 모두 이해할 수 있습니다. 기말 때 증명의 배점이 크기 때문에 증명하는 법을 잘 숙지하시면 큰 도움이 됩니다. 정말 딱 하는 만큼 성적이 나옵니다. 다르게 말하면, 열심히 했을 때 누구나 성적을 잘 받을 수 있습니다. 교수님짱^^"
논리와 비판적 사고,최동호,21,Fall,5.0,다른 논비사 교수님보다 좀 어려운 편인 것 같아요. 그래도 과제 없고 그냥 혼자 문제 풀면서 공부하면 된다는 점이 좋은 것 같아요. 성적도 꼼꼼하게 문제 잘 풀면 잘 나와요. 열심히 했는데도 성적 잘 안 나오는 그런 강의는 아니에요.
논리와 비판적 사고,최동호,21,Fall,5.0,"저는 그래도 나름 열심히 공부했는데 교수님설명+교재 문제들 반복해서 풀면 시험은 그래도 생각보다 괜찮게 볼 수 있습니다. 시험이 모두 다 고르시오..같은 유형들이랑 직접 논리식 다 전개하는 거 등등 까다로운 편이나 공부한만큼 점수는 나옵니다!(저도 노베였어요) 녹강이라 시간 여유있을때 몰아서 듣기 좋았고 교수님이 질문에 답변도 진짜 세세하게 잘 달아주셔서 한학기 동안 많이 배워갈 수 있었습니다!"
논리와 비판적 사고,최동호,21,Fall,5.0,"이번에는 녹강으로 진행되었습니다. 일단 수업 내용이나 시험은 교양치고 어렵습니다. 그래서 저학년분들이나 자신 없으신 분들은 신중하게 생각하고 수강하시기 바랍니다. 강의력은 그냥 평범하신데 카페 등에 그 동안 모든 질문을 볼 수 있고 직접 질문해도 친절하게 대답해주시기 때문에 혼자 공부하려면 얼마든지 할 수 있습니다. 근데 공부하실 때 책만 보면 안됩니다. 왜냐하면 책에는 없지만  수업에 다룬 내용도 나오기 때문이죠. 그리고 카페보다보면 좀 많이 어려워보이는 질문들도 있는데 그거까지는 무리하게 공부할 필요는 없고 수업 잘 듣고 ppt 보고 교재 연습문제 잘 푸시면 시험 대비는 됩니다.  학점은 잘 주시는 편이고 잘 활용하면 많은 것을 얻어갈 수 있는 강의입니다."
논리와 비판적 사고,최동호,21,Fall,5.0,암기 많이 없고 이해랑 문제풀이 위주라 큰 부담이 안되는듯. 시험은 좀 어렵긴 한데 학점은 잘주셔서 무난하게 들을만함.
논리와 비판적 사고,최동호,21,Fall,5.0,"강의가 쉬운 내용은 아니었고, 시험 칠 때까지도 이해가 안됐지만 학점 보고 치유..."
논리와 비판적 사고,최동호,18,Fall,5.0,수업 진행하신거만 들으면 문제없이 시험문제 다 풀 수 있었습니다. 증명 부분도 중요하긴한데 그 앞에 개념적인 부분을 이해하고 들어가는게 더 중요한거같음
논리와 비판적 사고,최동호,21,Spring,5.0,저는 이번학기 들은 수업중 제일 좋았어요. 본인이 스스로 깊게 생각하는 철학같은 수업보다는 문제풀고 암기하는게 좋다면 최고의 수업일 겁니다
논리와 비판적 사고,최동호,21,Spring,3.0,"음.. 교수님 강의력이 그렇게 좋진 않으심. (의도하신 것도 없잖아 있지만) 설명을 하실 때도 뭔가 딱 이렇다! 가 아니라 두루뭉실하게 말할 때가 많으심 그래도 성적은 공부한 만큼 나옴"
논리와 비판적 사고,최동호,21,Spring,5.0,내용은 솔직히 흥미롭기도 했지만 어려웠고 시험도 쉽지 않았지만… 교수님 질문도 정말 성심성의껏 받아주시고 성적도 어마어마하게 빨리 나오고 너무 좋으십니다..!
논리와 비판적 사고,최동호,20,Spring,5.0,"*이번 학기 역시 큰틀에서 이전과 비슷했기에 전 강의평들을 보셔도 무방할듯합니다. 사실  강의력 자체만 놓고 보면 훌륭한 강의는 아닐수도 있습니다 강의자료로 쓰는 ppt에 의존하고, 추가적인 설명은 어려워서 성실한 친구들도 힘들어하는듯합니다. 하지만 대학공부는 스스로 해내는 것이라 생각하시거나, 학생을 존중하고 배려하는 강좌를 원하신다면 최고의 강의일 것입니다.  질문들을 메일로 받아 틈틈이 답해주시는데, 학생 스스로 깨우치기 힘든 부분까지 답해주시기에 여유를 가지고 스스로 고민해보면 많은걸 얻어갈 수 있습니다.  또한 수업방향과  방식, 평가 등등에서도 학생들의 의견을 수렴하고, 내용적인 측면에서도 절대적인 진리를 강요하시지 않습니다. 논리학 실력을 당장 끌어올려야겠다 생각하신다면 강의력이 중요할수도 있겠지만, 그렇지 않다면 수업에 성실히 임하는것만으로도 한학기동안 많은걸 얻어갈 수 있는 강좌입니다. 추천합니다!"
논리와 비판적 사고,최동호,20,Spring,4.0,"예? 교수님....? 제가 A0라구요???  솔직히 교수님 강의력은 별로임.  싸강이어서 그런지 더 지루함.  시험 문제를 받는 순간 '아 망했구나' 라는 생각이 들지만 성적으로 미-화 코로나 시국에 재난지원학점 든든히 챙겨주시는 빛동호 교수님 ♡ 감사합니다 ♡  p.s. 아래 여러 강평 보고 '이 과목 쉽나보다' 생각하고 무턱대고 수신했다가는 드랍 마려울 수 있으니 신중하게 선택할 것. 벼락치기 불가능한 과목임."
논리와 비판적 사고,최동호,20,Spring,5.0,"로드는 사실상 없음  전반적으로 생각할거리도 많음 + 교수님이 질의응답 매우 잘 처리해주심 수학 증명 잘하는 편이면 자연연역도 할만 함 가벼운 마음으로 신청한 강의였는데 의외로 재미있어서 많이 배워간 것 같다"
논리와 비판적 사고,최동호,19,Fall,4.0,그냥 논리학 입문용으로 무난한 수업 학점도 잘 나옴
논리와 비판적 사고,최동호,19,Fall,5.0,"교수님이 전달력은 좀 떨어지시지만, 배우는 게 많은 수업입니다. 시험도 공부만 하면 A 나와요!"
논리와 비판적 사고,최동호,19,Fall,5.0,정말 유익한 강의입니다. 수업만 잘 들으세요!!
논리와 비판적 사고,최동호,19,Spring,5.0,"중간내용은 쉽습니다. 기말은 증명하는 문제 숙달만 하면 에이쁠나와요"
논리와 비판적 사고,최동호,19,Spring,4.0,학점은 쁠몰이라 좋고  시험도 무난합니다. 다만 교재 이욍디 부가적 설명이 많아서  그거 이해하려 들다 하루 수업 다 망친적이 많네요
논리와 비판적 사고,최동호,19,Spring,5.0,교수님 좋으시구 학점도 잘주세요ㅎㅎ 논리학을 처음 접하는 사람이어도 어렵지 않게 들을 수 있어요 중간중간에 도움되는 자료나 책도 추천해 주십니당  (그리고 이번 학기까지는 쁠몰이셨는데 담학기부터는 바뀔 수도 있다고 하셨어요)
논리와 비판적 사고,최동호,18,Fall,5.0,"이번 학기에 교수님이 아프셔서 그런지 강의력이 뛰어나다는 생각이 들진 않았습니다만, 평소 논리학에 관심이 있으신 분이시라면 해당 강의를 통해 논리학에 대한 기초적인 지식을 습득하는데 무리가 없으니 추천드립니다. 참고로 시험 난이도는 중간은 꽤 쉽고 기말은 어려워 중간에 성적이 잘 나오지 못하였어도 기말에서 역전이 가능합니다. 그리고 쁠몰이라 제가 a 간당간당한 성적을 받았는데 성적이 a+가 나왔으니 성적 챙기기에도 상당히 도움이 되실겁니다."
논리와 비판적 사고,최동호,18,Fall,5.0,"개꿀강의고요 시험 제 기준으로 망쳤는데도 에쁠 떴네요"
논리와 비판적 사고,최동호,17,Fall,5.0,"드랍자 포함해서 30+@퍼센트로 에이쁠 몰아주고 B도 쁠로 몰아줘요. 게다가 수업이 통강으로 3시간인데 3시간 끝나기 전에만 들어오면 교수님께서 출석으로 인정해줘요! 교수님도 상냥하시고 교수님 다음 까페와 메일로 논비사 관련 질의응답도 할 수 있어요"
논리와 비판적 사고,이정민,17,Fall,1.0,매주 있는 과제가 있어서 매우 많아요ㅠㅠ 드는 품에 비해 학점도 실망스럽구요
논리와 비판적 사고,이선형,23,Fall,3.0,"인성만 좋으심. 강의력이 정말 안 좋음. 도대체 이걸 그럭저럭이라 생각할 수 있는 이유를 모르겠음. 친절하게 가르쳐주신다는 점에서 좋은 점은 있으나, 해당 부분의 내용을 잘 가져가고 싶다한다면 다른 교수를 우선적으로 고려하는 것이 맞음."
논리와 비판적 사고,이선형,23,Fall,3.0,"논리학은 결국 재능임을 깨닫고 갑니다 복습 제때제때하고 예제 많이 풀어보세요"
논리와 비판적 사고,이선형,23,Fall,5.0,교수님의 강의력이 엄청나지는 않지만 저는 불편할 정도는 아니었음. 오히려 좀 버벅거리셔도 쉽게 이해되게 잘 알려주신다고 생각함. 성적은 딱 잘라서 주시는 편이긴한데 논비사 내용 자체가 재밌어서 좋았음
논리와 비판적 사고,이선형,22,Fall,5.0,"강의력 좋으십니다. 가끔 기본적인 부분에 대한 질문을 받으실 때는 직관적으로 이해하라고 하시기도 하지만 괜찮았어요 전반적으로는. 시험은 퀴즈랑 유사하면서도 조금씩 헷갈리는 문제들, 1.5배정도 난이도 문제글을 받았습니다. 문제들이 꽤 여럿 있고 자세하게 쓰다보니 시간은 부족했으니 유의해허 빨리빨리 푸는 연습 하시면 좋을 것 같아요!"
논리와 비판적 사고,이선형,23,Spring,5.0,"일단, 본인 철학과 학생으로서 기호논리학 대비를 위해 수강신청했음.  고등학교 수학 시간에 배웠던 집합과 명제에 관한 기본적인 사항 + 명제 논리, 자연연역 같은거 다룸. 논리학 교양에서는 다루는 술어논리는 논비사에서는 다루지 않아요  교수님 약간 텐션 높으시고 어떻게든 친절하게 가르쳐주려고 노력하시니당 성적은 35 35 30 정도의 비율 생각하신다고 하셨고 저는 시험 무난하게 보고 에이쁠...? 근데 실은 논리학 좀 잘하는 편이라 너그럽게 주신건지는 잘 모르겠습니당... 근데 깐깐하게 성적 주시는 것 같지는 않아요  분위기를 설명하자면, 로스쿨이나 행시에 도움되서 듣는 타단과대 학생들 + 이과 학생들 많아요 아무래도 수학이랑 비슷한 감성이라 신청 많이하는걸지도...? 근데 그렇다고 문제 엄청 어렵게 내는 것 같지는 않습니당 과제는 - 매주 주말까지 정말정말 간단한 퀴즈 풀어서 내기. 퀴즈 점수를 성적에 반영하지는 않고 제출 여부만 평가합니다. 문제도 4문제? 정도밖에 안되서 그냥 자기 전에 침대에 누워서 슥슥 보고 풀면 됩니당 전반적으로 무난한 강의. 수학에 알러지 있는거 아닌 이상 딱히 피해야 할 이유는 못찾겠어용 무난무난"
논리와 비판적 사고,이선형,23,Spring,4.0,제일 어려운 부분을 빼고 수업하는게 이선형 교수님의 장점이자 단점이라 할 수 있겠습니다. 강의력이 딱히 좋지 않으시지만(했던 말을 반복하시는 등) 인상은 참 좋으세요. 잘 웃어주시고… 하지만 성적은 울고 있습니다. 논비사라는 과목 자체가 재능의 영역을 좀 타는 것 같아요. 다만 매주 퀴즈 한 번 풀기만 하면 과제가 끝이라 로드 부담 없는 게 좋았습니다
논리와 비판적 사고,이선형,23,Spring,5.0,"강의 : 중간고사까지는 명제나 논리기호같은 기본적인 내용을 다루고, 기말고사까지는 중간고사 범위를 토대로 해서 자연연역이나 정언논리 등을 배움. 강의력 좋으시고 수업에서 다루는 예제들도 좋음.   시험 : 생각보다 어렵긴 한데 변별 잘 되고 공부한만큼 점수나오는듯. 문제는 족보랑 비슷한지 아닌지는 모르겠지만 비슷하다고 해도 별로 도움은 안될듯.   성적 : 여타 교양처럼 잘 주심  출석 : 매번 호명하심  과제 : 퀴즈 주 1회가 있음"
논리와 비판적 사고,이선형,23,Spring,1.0,최대한 열심히 했지만 교수님께서 성적을 잘 주시는 편이 아니라서 만족할 수 있는 성적이 아니었습니다. 수업은 교수님께서 친절하게 설명해주시고 이해도 잘 됐습니다. 매주 간단한 퀴즈를 풀게 하십니다. 다른 사람에게는 명강일 수 있어도 저에게는 명강이 아니었고 심지어 꿀강도 아니었기에 성적을 잘 받고 싶으신 분들은 다른 강의를 찾아보시는 것이…
논리와 비판적 사고,이선형,23,Spring,5.0,우선 수업 내용이 재밌었구요. 논리학을 처음 접해봤는데 정말 기초부터 시작하고 수업 내용도 어렵지 않아서 좋았습니다. 강의력은 무난한데 질문하면 정말 친절하게 설명해주십니다! 성적도 막 뿌리시진 않지만 최대한 배려해주시는 것 같아요~
논리와 비판적 사고,이선형,23,Spring,5.0,"수업이 매우 유익합니ㅏ. 좋아요.  친절하십니다."
논리와 비판적 사고,이선형,22,Fall,5.0,이선형 그는 신이야! 이선형 그는 신이야! 이선형 그는 신이야!
논리와 비판적 사고,이선형,22,Spring,3.0,"강의력은 괜찮으신 편인데, 가끔씩 당연히 알고 있어야 한다는 느낌으로 설명을 생략하실 때가 있어서 듣다 놓칠 때도 있습니다! 주의해서 질문할 내용은 질문해야 해요! 수업은 솔직히 피피티랑 책 잘 보면 그냥 같은 내용 다루시는 거라 큰 의미가 없을 수도 있는데 가끔 판서하시는 내용은 주의깊게 봐야 합니다ㅎ 저는 그냥 듣는 데 의의를 둔 사람이라 편하게 들었지만 학점은 잘 주시는 듯 또 칼 같은 분인 것 같으니 준비는 착실히 하셔야 할 거라고 봅니다ㅎㅎ"
논리와 비판적 사고,이선형,22,Spring,4.0,"교수님 강의력이 준수하신 편입니다. 한 학기 내내 단계를 밟듯 논리학에 대해 배워나갈 수 있습니다. 수업을 통해 얻은 것도 많았고 재밌었습니다. 대학생이라면 한 번쯤 들어볼 만한 강의라고 생각합니다.  성적은 깐깐하신 편은 아니나, 막 뿌리시는 편도 아니라서 수강생 특성상 열심히 하는 분들이 많아서 시험을 잘보셔야됩니다. 수업시간에 다루지 않은 연습문제도 꼼꼼히 풀어보시고 많이 익혀놔야 합니다.  퀴즈 말고는 과제가 없어 로드는 거의 없는 편이지만 시험에 대한 부담감이 좀 있어서 하루 벼락치기 해서 성적 잘 받는 그런 꿀교양은 아닙니다. 꿀강보다는 명강에 가까운 강의...!"
논리와 비판적 사고,이선형,22,Spring,4.0,"1. 출석: 매 수업시간 시작에 호명하십니다. 2. 과제: 매주 4문제 객관식 퀴즈가 있으나, 성적이 아닌 제출 여부만을 고려합니다. 그래서 부담이 없습니다.  3. 시험: 중간, 기말 2회입니다. 객관식, 주관식, 서술형 혼용입니다. 매주 내시는 퀴즈와 시험이 유사하다고 느꼈습니다. 기말에는 자연연역으로 증명하는 문제(3문제 정도)가 어려운 편이었습니다.  4. 강의력: 수업시간에 이해하지 못하거나 궁금한 점이 있을 때 질문하면 친절하게 답해주십니다.  5. 성적: 잘 받았습니다.  다른 분들의 성적은 모르겠지만, 학생들을 배려해서 주겠다고 하신 것 같습니다.   논비사 과목 특성상, 적성과 흥미에 따라 잘 맞는 사람은 잘 따라가고 안 맞는 사람은 힘들어할 수 있습니다. 이를 고려하여 논비사를 수강하고자 한다면, 이선형 교수님을 추천드립니다!"
논리와 비판적 사고,이선형,22,Spring,5.0,"수업 내용을 친절하게 설명해주셔서 좋았습니다. 과제는 매주 etl에 간단한 퀴즈가 올라오는데, 퀴즈 점수는 성적에 안 들어기고 제출만 하면 됩니다. 시험은 수업 내용 충실히 듣고 교재 연습문제 훑어보면 됩니다. 시험이 생각보다 까다로웠지만 충분히 성적 잘 받을 수 있는 강의라고 생각합니다. 다만 성적 상위층의 점수 차가 적어서 높은 성적 받으려면 시험을 잘 봐야할 것 같습니다."
논리와 비판적 사고,이선형,21,Fall,5.0,강의력 개좋으신데 댓글들 뭐지ㅋㅋㅋ 설명 너무 깔끔하게 하시고 최고였습니다!
논리와 비판적 사고,이선형,21,Fall,5.0,"강의력: 좋지는 않은데 내용이 막 어렵지도 않고 ppt에 설명이 잘 되어 있어서 수업 안 들어도 어느 정도 커버 가능한 수준 과제: 매주 한 번 꼴로 퀴즈 나오는데 ppt보고 하면 금방 함. 몇 개 틀려도 큰 상관은 없는 듯. 시험: 중간 기말 보는데 적당한 난이도로 출제하심. 개념들 이용해서 명제 참 거짓 판단하는 거만 좀 꼼꼼히 하면 틀릴 게 거의 없음"
논리와 비판적 사고,이선형,21,Spring,5.0,"수업 후에 모르는 것을 여쭤보면 잘 대답해 주셨습니다. 얻어간 것도 많은 좋은 강의인 것 같습니다!"
논리와 비판적 사고,이선형,21,Spring,5.0,무난하게 들을 수 있는 교양이라고 생각합니다. 강의력이 별로라는 평이 많아서 기대 안하고 들은 수업인데 설명이 깔끔하신 편이 아니긴 하지만 그렇다고 듣기 불편할 정도도 아니었습니다. 과목 자체가 재미있어서 흥미롭게 들었고 과제가 하나도 없다는 점이 매우 좋았네요.
논리와 비판적 사고,이선형,21,Spring,4.0,"솔직히 강의력으로는 3점 정도. 녹강으로 수업 내용 자체는 다 전달해주시지만 전달력이 좀 떨어지고 말을 중언부언하시는 스타일. 또 질문하면 직관적으로 그런거예요, 해보면 알어요, 좀 그렇지 않나요 식으로 애매모호하게 대답하는 게 많으심. 그래도 중간고사는 중간값보다 -5 여서 성적 걱정했는데 기말은 어땠는지 모르겠지만 B+ 주신 걸 보니 학점은 널널하게 주시는 듯합니다!"
논리와 비판적 사고,이선형,21,Spring,5.0,"교수님 강의력이 좋으신 편은 아니나 수업 내용이 흥미로워서 재미있게 들었습니다. 저는 중간고사도 중간값 정도였고 (성적을 안 알려주셔서 정확하진 않지만) 기말고사도 그닥 잘 보지 않아 기대가 없었는데, A0 받았습니다. 학점 잘 주시는 것 같습니다!"
논리와 비판적 사고,이선형,21,Spring,4.0,"올싸강이고 출첵 기간은 널널했고 수업도 열심히 하십니다. boolean algebra 간단하게나마 알고있는 이과생 입장에서 수업, 시험에 큰 어려움은 없었습니다!"
논리와 비판적 사고,이선형,21,Spring,3.0,교수님.. 좋으신 분 같은데.. 수업이나 시험은 좋지 아니하였습니다.. 그래도 생각보다는 점수 잘 주셔서 감사합니다?
논리와 비판적 사고,이선형,20,Fall,5.0,교수님 강의력이 엄청 좋으신 편은 아님. 하지만 논비사 강의 특성 상 얻어가는 건 정말 많은 강의였음..ㅋㅋ 강의는 녹강으로 올려주시고 기한 내에 듣고 간단한 퀴즈를 풀어서 이티엘에 올리면 출석이 인정됨. 본인은 퀴즈를 몇 번 틀려서 학점 크게 기대 안 하고 있었는데 이게 웬걸 A+ 받았음. 잘 주시는 듯. 교수님의 강의력에 크게 개의치 않으시고 논리학 기본 지식들과 학점을 얻어가시려면 이 강의 들으세요 ㅎ
논리와 비판적 사고,이선형,20,Fall,5.0,"녹강으로 수업 진행되었고 매주 간단한 퀴즈 몇 문제 있었고, 중간고사와 기말고사가 로드 전부였습니다. 말이 유려하신 편은 아니지만 개념을 꼼꼼하게 이해 잘 되게 설명해 주세요. 다른 논비사 강의를 듣지 않아서 상대적으로는 모르겠지만, 저는 강의에 만족하며 들었습니다. 공부량도 아주 많이 요구하는 느낌은 아니었습니다. 저는 최선을 다 했고 A+ 나와서 성적은 어떻게 주시는지는 모르겠습니다."
