철학으로 예술 보기,윤주한,23,Fall,5.0,"학생들과 적극적으로 소통하려 하시고 그만큼 열려 있으신 분입니다. 발표(글쓰기로 대체 가능) 과제가 한 번 있었고 매주 학생 발표마다 피드백 주시고 관련된 논쟁들도 소개해주세요. 유익했습니다. 외에 글쓰기 과제 하나와 기말 소논문 과제가 있었습니다. 시험은 없었어요. 과제도 제출일자가 모여 있어 그렇지, 미루지만 않으면 많게 느껴지지 않는 양입니다.
필기는 기억하고 싶거나 인상 깊었던 것만 적어놓는 정도로 했어요. 강의 자료도 딱히 다운로드 하지 않고 그냥 수업 시간에만 집중해서 들었습니다. 스스로 생각하고 질문할 수 있게 이끌어주시고 그런 수업 방식이 교양 과목에 매우 적합하다 느꼈습니다.
워낙 소수 인원이고 상대평가다보니 성적이 잘 안 나올 수 있다고 미리 알려주셨는데요, 수강생 분들도 예술에 진심이신 분들만 남아계신 것 같아 사실 듣는 내내 성적에 대한 걱정은 있었습니다. 청강을 할걸.. 했던 적도 있지만 수업이 좋아서 계속 수강했고 (저에겐 다행히도) 관악에서의 마지막 교수님 강의를 완강할 수 있어서 좋았습니다. 성적도 잘 받았어요.
진심으로 미학과 강의를 사랑하시고 더 발전된 수업을 위해 노력하십니다. 더이상 학교에서 뵐 수 없다니 참 아쉽습니다.."
철학으로 예술 보기,윤주한,23,Fall,5.0,"그저 갓 윤주한 교수님 .. 다음 학기부터는 안 하신다고 들었는데 아쉬운 마음뿐입니다. 밑 댓글에서도, 밑밑 댓글에서도 언급하셨지만 정말 교양수업이 지양해야 될 모습의 정석을 보여주십니다. 금요일 오후 수업 철학 수업이라 잘못되면 팟캐스트마냥 들을 수만 있는 수업을 몰입하게 만드시고 어느 순간 QnA에 참여하고 있는 제 모습을 보면 그저 교수님의 강의력에 감탄하게 됩니다. 개인적으로 강의계획서에 적힌 작품 분석에 대한 얘기를 들어보고 싶어서 수강 신청했는데 한 주제 속에서 많은 얘기를 해주시는 바람에 그 작품은 못 들은게 굳이 꼽자면 이 수업에서 아쉬운 점이 될 것 같습니다. 나중에 해당 작품들을 다루는 수업이 열린다면 그 수업도 수강신청 할 의향도 있습니다. 다만 학기 초에는 과제에 대한 부담도 전혀 없고 교수님께서도 크게 언급하지 않으셔서 잘 모르고 지나가다가 중간고사 기간 이후부터 4개의 과제를 제출해야 하는데 이건 첫수업때부터 언급하시기 때문에 깜짝 과제 마냥 주어지진 않습니다. 논리력이랑 타당성 이런 것도 당연하게 보시고 논리가 좀 모자라더라도 내가 얼마나 타당하게 주장하는지에 대한 태도도 같이 보시는 거 같아요. 수업 시간 내 태도도 중요하게 보십니다. 끝으로 수업은 끝이지만 인연은 오래 이어질거라 말씀해주시면서 끝까지 학생들 챙겨주시고 편의 봐주시는 교수님이셨습니다. 기회되면 언젠가 관악에서 또 뵙고 싶네요."
철학으로 예술 보기,윤주한,23,Fall,5.0,교수님이 강의를 잘 하셔서 수업 잘 들었습니다 시험 대신 과제가 있어서 이건 호불호가 있을거 같은데 과제를 미리 해두면 괜찮을거 같네요 몰아서 하려하면 힘들어요
철학으로 예술 보기,윤주한,21,Fall,5.0,"들은지 2년이 지났는데도 가끔 생각이 나서 강의평 씁니다. 특히 수업에서 다루셨던 내용과 관련이 있는 강연이나 전시를 보면 이 교수님께서 어떻게 보셨을지 괜히 궁금해지곤 하더라고요. 배우는 내용도 미학이 어떤 학문인지 접하기에 매우 의미있었고 잘 정돈되어 있다는 느낌을 받았는데, 수업 내용보다도 교수님의 수업시간과 학생들을 대하는 태도 쪽에서 정말 배울 점이 많다고 느꼈습니다. 뭘 모르는지 잘 모르겠어서, 혹은 문장으로 정리가 안 돼서 질문을 못하겠더라도 일단 한번 말해보면 제가 의미있는 질문으로 같이 만들어드리겠다? 이런 말씀을 하신 적이 있는데 적극적인 참여를 강조하는 수업에서 의미있는 질문을 해야 한다는 부담감을 느낄 때 떠올리곤 합니다. 기말보고서로 이전에 교수님께서 쓰셨던 논문에 대해 나름대로 비판해보았는데, 세심하게 코멘트 달아서 보내주셨던 것도 인상깊었습니다. 연구자의 길로 가는 것도 괜찮겠다고 추천해 주셨었는데, 저도 몰랐죠 그게 제가 대학생활 중 마지막으로 진심을 담아 열심히 쓴 글이 될 줄은..."
철학으로 예술 보기,윤주한,23,Spring,5.0,"관악에서 들은 교양 중 가장 좋았던 강의로 꼽을 만합니다. '교양수업이 지향해야 할 모습이 이런 게 아닌가 싶다'는 아래아래 강의평에 진심으로 공감합니다. 기본적인 강의계획서는 존재하지만 학생들의 질의응답과 토론이 이어지다 보니 한 학기 동안 다루고자 했던 내용을 다 다루지 못하고 강의가 마무리됩니다. 다루지 못한 주제만 모아서 강의해주신다면 또 듣고 싶을 정도네요. 강의 자료가 깔끔하고 교수님께서 설명을 상세하면서도 쉽게 하셔서 이해가 정말 잘 됩니다. 강의력과 딕션이 정말 좋으세요. 문장 끝을 흐린다거나 주어-서술어 호응이 안 맞는다거나 이런 문제 하나도 없고, 특정 시점에 설명하고 계시는 내용이 앞뒤 내용과 어떻게 이어지는지가 아주 명쾌합니다. 중간기말 시험 모두 없고, 읽기 자료 요약하는 과제가 한 번 있습니다. 중간고사는 좋아하는 예술 작품에 대해 소개하는 글을 쓰거나 발표를 하는 과제로 대체되었고 기말고사는 보다 학술적인 글쓰기 과제로 대체됩니다. 매 시간 두 명 정도씩 중간 대체 발표를 하는데, 학생 분들의 재미있는 시선을 알아갈 수 있어서 즐거웠어요. 기말 대체 과제도 주제 잡는 게 조금 막막할 순 있지만, 글쓰기 조교님이 계시는 강의라 피드백을 받아 가며 글을 발전시킬 수 있습니다. 아, 그리고 젊꼰 바이브라는 표현이 아래 강의평 중에 있어서 덧붙이자면 왜 그런 표현이 언급되었는지는 알 것 같은데요. 교수님은 발표 태도나 수업에 임하는 태도 같은 부분에 대해서 아닌 건 분명하게 아니라고 말씀하는 분이십니다. 그런 직접적인 지적이 다소 꼰대스럽다 느껴질 순 있지만, 저는 솔직히 전부 타당한 말씀이라 느꼈고 오히려 이렇게 학생들을 내버려두지 않고 불편함을 무릅쓰고 일일이 말씀해주시는 것이 더 감사한 일이라 생각했습니다. 사실 말 얹지 않고 넘어가는 게 더 편한 방식이니까요. 이런 저도 꼰대...라서 그렇게 느낀 거라면 저도 그냥 꼰대 하겠습니다. 막 눈치 주고 혼내시고 이런 느낌이 아니라 진짜 담백하게 말씀하시는 거라 저는 딱히 거슬리지 않았어요. 무엇보다 교수님이 직업정신이 정말 강하시고 미학적인 지식 외적으로도 배울 점이 많아 존경스러웠습니다. 금요일 오후, 솔직히 집중력 떨어지기 쉬운 시간대인데 매주 기다려지는 강의였고 교수님께서 다른 강의 열어주신다면 들을 의향 무조건 있습니다. 철학이나 미학에 관심 있으신 분들 들어보시면 좋을 것 같고, 특히 미학에 관심이 있거나 미학과 전공에 입문하려는 시점이라면 꼭 들어보세요."
철학으로 예술 보기,윤주한,23,Spring,5.0,수업도 정말 재밌었고 교수님도 매 수업마다 좋은 말씀 해주시고 얻어가는게 많은 교양이었습니다
철학으로 예술 보기,윤주한,23,Spring,5.0,교양수업이 지향해야할 모습이 바로 이런게 아닌가 싶습니다. 시험은 없고 대신 수업에서 관심있었던 아무 주제나 허용되는 기말페이퍼 완성을 향해 달려갑니다. 토론과 참여를 장려하셔서 강계에 올라온 내용들은 다하긴커녕 몇개 못다룬다는 슬픔이 있지만 그만큼 상세하고 친절히 가르치십니다. 강의력 정말정말 좋으시고 발표 피드백으로 도움되는 이야기들 많이 해주려 노력하는 것도 좋았습니다. 어딘가 시니컬해 보이는 교수님이셨지만 정적인 수업 속에서도 가르치는 데 대한 열정이 선히 보였네요. 로드는 그리 빡센편은 아닌듯합니다. 성적도 너그러운 편이신 것 같구요. 여러모로 기다려지던 수업이었습니다.
철학으로 예술 보기,윤주한,23,Spring,5.0,잊을만 하면 튀어나오는 젊꼰 바이브 하지만 성적 갓갓갓 수업 때 열심히 참여하시면 더 재밌으실 거예요 손 번쩍번쩍 들고 의견내고 한 날 특히 수업 재밌었음 시험 없고 중간발표 한번 기말레포트 한번 중간발표 열심히 했고 기말과제는 시간없어서 잘 못했는데 에이쁠 나옴 감사합니다
철학으로 예술 보기,윤주한,22,Fall,5.0,"개인적으로 교수님 인품 정말 좋으시다 생각했고, 수업 진도같은 경우도 학생들의 이해도나 질문들을 통해 제시되는 주제에 따라 유동적으로 진행해주십니다. 급하게 진도 빼는 느낌이 없고 예술철학, 분석철학에 대한 참된 이해...를 추구하시는 것 같아서 좋았습니다. 수업 내용에서도 친숙한 것들 많이 가져오시고, 재밌게 잘 가르쳐주셔요. 좋아하는 예술작품을 한두개씩 소개하는 발표도 했어야했는데, 다른 학생들 발표 보면서 배우는 것도 많고 교수님이 그에 붙여주시는 코멘트에서도 배울 게 많았습니다. 처음엔 합의 하에 시험 두번으로 평가할 예정이었으나, 행정 상의 오류로 글쓰기조교님이 뒤늦게 배치되어 글쓰기 과제로 변경되었는데, 학생들의 의견을 많이 들으시는 분(구글폼으로 익명의견 같은 거 받으심)이라 스스로도 많이 아쉬워하셨습니다. 그런데 저는 글쓰기 과제 자신없어하는 편인데도 바뀐 게 더 좋았습니다. 속기 안 하고 그냥 교수님 말씀하시는 거 듣고 혼자 생각만 하면 돼서 오히려 흡수도 잘 되고 좋더라구요. 그렇지만 이런 추상적이고 예술철학적인 주제로 고뇌하는 걸 힘들어하는 사람들은 과제가 매우 고통이었을 것 같습니다. 근데 이런 이야기 듣는 거, 생각하는 거 좋아하시는 분들은 재밌게 들을 것 같아요."
철학으로 예술 보기,윤주한,22,Fall,5.0,교수님이 강의력이 정말 좋으시고 수업도 흥미로운 주제로 가득합니다. 다만 이번 학기에는 시간이 부족해서 다루지 못한 내용이 많았는데 그것이 아쉬울 뿐입니다. 어쨌든 배울 것도 많고 흥미로운 강의였어요. 미학에 관심있는 분들께 추천드립니다!
철학으로 예술 보기,윤주한,21,Fall,4.0,"개인적으로 수업 구성, 전달력 좋았고 - 그만큼 수업도 흥미롭고 밀도 있게 잘 진행해주셨던 것 같다고 느꼈습니다! 미학 수업을 많이 들어보지는 않았지만 추상적인 논의들에 대해서 보다 구체적으로 접근해보고 깊이 있게 고민해볼 수 있게 이끌주셔서 수업 자체는 무척 만족했어요!"
철학으로 예술 보기,윤주한,21,Fall,5.0,"시험없고 중간 발표 한 번, 기말 글쓰기 과제 두 개 있습니다. 저는 제가 까먹고 중간 발표 자료를 정말 늦게 내서 점수가 엄청 많이 깎였지만... 기말 소논문과 비평문 과제 점수는 잘 받은걸 보니 성적이 글쓰기 실력에 달린 건 아닌 것 같아요! 제가 들었던 미학과 수업 중에 제일 재미있었어요. 수업시간에 말하는 걸 극도로 싫어해서 수신을 후회하기도 했지만, 시간이 지나며 교수님이 가져오시는 주제와 예시들이 정말 재밌고 흥미로워서 저 스스로 이야기하고 토론하기도 했습니다. 교수님께서 게임이나 유튜브, 대중음악, 영화 등등 저희가 매우 흥미를 느낄 수 있을 만한 자료들을 가져와서 설명해주셔요. 미학 수업을 5개를 들어도 대체 예술이 뭔지 알 수가 없었는데, 이 수업을 듣고 제가 예술을 어떻게 생각하는지 정리할 수 있었습니다. 아무래도 그냥 이론을 듣기만 하는 게 아니라 여러 저와 밀접한 예시를 보고 직접 사람들과 얘기해보니 그런 것 같아요. 제가 들었던 교양 중에 제일 유익한 강의였습니다!"
철학으로 예술 보기,윤주한,21,Fall,5.0,저도 강의평 잘 안남기는데 첫번짜 강의평과 느낀 점이 조금 달랐어서 강의평 남깁니다. 성적을 엄청 후하게 주시는것까지는 아닌듯 한데 저는 오히려 제가 받아야 한다고 생각했던 정도보다는 좋은 성적을 받았어요. 시험이 없고 모두 과제로 대체되기 때문에 발표와 글쓰기 자신있으신 분께 추천드립니다. 틀에 맞춰진 수업이 아니고 토의식으로 진행된 수업이라 인상깊었고 교수님께서도 학생들에게 관심 많으신 좋으신 분입니다
철학으로 예술 보기,윤주한,21,Spring,5.0,"저는 다른 학기였지만 제 경험하고 정반대의 평이 올라와서 늦었지만 평을 남깁니다.  일단 수업 자체는 제 인생 강의였습니다. 살면서 생각하지도 못했던 철학적 문제들을 가지고 고민하고 토론할 수 있는 기회였구요, 이렇게 활발한 토론이 이루어지는 강의는 학교 3년 다니면서 처음 들어봤어요. 저는 토론에 많이 참여하지는 못했지만 학우분들 질문과 교수님 답변 듣는 것만으로도 많이 배웠어요. 과제는 학기 초 오리엔테이션 때 공지하셨구요, ppt도 올려주셔서 과제를 몰랐을 수 없는데 이상하네요. 학점은 제가 느끼기에는 보통이었습니다. 하는 만큼 받았다고 생각하구요, 과제는 개인 발표 한번, 요약 과제 한번, 기말 소논문 한번이 있었어요. 학기말 소논문이 제일 중요한 것 같다고 느꼈는데 소논문 최종 제출하기 전에 조교님께 피드백을 받고 고칠 수 있는 기회가 있어서 많은 것을 얻어갈 수 있었다고 느꼈습니다."
철학으로 예술 보기,윤주한,21,Fall,2.0,"진작에 드랍했어야했는데 드랍기간 지나고 과제 공지해주셔서 후회했습니다 본인 하기 나름대로 얻어가는것 같고 성적은 소규모인데 이렇게 짜게 주는 수업 처음 봤어요 애매하게 들을 바에는 다른 교수님 수업 듣거나 청강하는게 더 나을 것 같아요 ㅎㅎ 다른 교수님 수업 신청했다가 교수자 바뀌었는데 그냥 그때 드랍할걸 아직도 후회중입니다^^;"
철학으로 예술 보기,김동훈,24,Spring,5.0,"사실 수업 시간에도 전혀 언급하지 않으시고 흔한 책팔이도 하지 않으셔서 그냥 출튀하는 학생들이 알기는 좀 힘들겠지만, 교수님은 성프란시스대학 인문학과정에서 노숙인 자활봉사를 하고 계십니다.  저도 솔직히 수업 시간에 열심히 강의를 듣지는 않았습니다. 에브리타임의 수업이 재미없고 시험의 채점 기준이 애매하다는 비판도 수긍할 만합니다. 하지만 수강신청한 학생으로서 교수의 인생 궤적에 대해 한번쯤 호기심을 가지고 탐구할 마음이 있다면, 인터넷에서 언론 인터뷰나 성프란시스대학 인문학과정 홈페이지를 찾아보는 것도 나쁘지 않을 듯합니다."
철학으로 예술 보기,김동훈,23,Spring,5.0,"이틀 밤새고 기말 정말,,, 졸면서 적었는데 에제 받았습니다 성적 너그러우신데 그게 문제가 아니라 교수님 정말 귀엽어요. ㅜ ㅜ 강의력 좋다기엔 무리가 있으나 가끔 수업을 진행하며 학생들에게 정말 해주고 싶은 얘기를 진심을 꾹꾹 담아서 해주시는 등,,, 진정성 있는 강의라 생각합니다. 내용 자체도 흥미롭고 교양 수준에서 적절하게 고민해볼 수 있는 주제라 좋았습니다."
철학으로 예술 보기,김동훈,23,Fall,5.0,"재밌고 유익한 수업 3시간 수업에 쉬는 시간 10분씩 두 번 있습니다 예술 미술 철학 미학 전반에 관심을 가지고 있어서 살짝 발을 담아보고 싶은 분들께 추천합니다 부담없이 편하게 들었습니다 시험문제도 일주일 전 공개해 주시는데, 강의내용 베이스보다 스스로 생각이 더 중요하다고 교수님이 말씀하셨고 집에서 한번 생각 정리하며 써 보면 무난히 시험 치를 수 있습니다 수업 즐겁게 듣고 A+ 받아갑니다"
철학으로 예술 보기,김동훈,23,Fall,5.0,"올출석 에쁠 시험 서술형으로 중간기말2회 과제제로 로드보통  우선 내용은 정말 흥미롭습니다… 의미와 신화에서 시작해서 미학에 관련된 논지로 전개되는 구조가 대단히 매끄러워요 벗 강의력이 무척 뛰어나시진 않음… 중간중간 딴 길로 새시기도 하는데 시험이 무조건적 암기x 자율적인 서술형으로 진행되는 거 인지하고 알쓸신잡 보는 기분으로 들으면 나름 재밌습니다ㅋㅋㅋ 중간중간에 내용 놓쳐도 수업 전날 올려주시는 교안 참고하면 무리 없이 따라갈 수 있고요  시험도 나쁘지 않았음! 일주일 전에 문제 미리 제시해주시고 답안 생각해가면 됩니다. 수업 내용 암기보다는 본인 생각 펼치는 게 정말 중요했던 것 같음. 중간때 통스념적인 정의+수업내용과는 반대의 주장을 제시해서 점수에 대해 걱정 많이 했는데 에쁠 나온 거 보면 글 자체의 논리와 문법오류없음이 더 비중 크게 차지하는듯! (물론 글은 정말 잘 썼다고 생각하긴 함ㅋㅋ)   풀강이라 중간중간에 정말 졸려질 수 있음!! 근데 내용은 나름 재밌다. 수업 내용 달달달 죽어라 외울 필요 없다. 과제가 없다!<최대의 장점. 후회없습니당ㅎㅎ"
철학으로 예술 보기,김동훈,23,Fall,5.0,"수업 듣다보면 은근 재밌음 결석 3번 있어서 학점 잘 안 나올 줄 알았으나 에이쁠주심 평소에 미술에 관심 있던 사람은 중간고사 기말고사 때 그냥 자기 생각 잘 쓰면 점수 잘 주실듯"
철학으로 예술 보기,김동훈,23,Fall,5.0,"레포트 제 마음대로 썼는데 … 학점잘주셔요 수업도 흥미로움"
철학으로 예술 보기,김동훈,23,Fall,4.0,"로드가 아예 없는 것이 최고 장점. 수업 내용은 처음에는 따분했는데 계속 듣다보니 교수님 강의와 PPT 나름의 매력이 있습니다. PPT가 말하는 식으로 적혀있어서 PPT만 읽어도 수업 내용을 파악할 수 있고, 교수님은 그 위에 설명하시는 정도인데 필기가 필요한 건 아닙니다. 아래 평가방법 보시면 알겠지만 사실 수업을 아예 안들어도 성적과 큰 연관은 없습니다. 그치만 미술 좋아하시면 은근 재밌어요. '아름다움과 숭고라는 예술의 지향성', '예술의 정의' 등이 주제였습니다. 딱히 학생과 교류가 있는 수업은 아니었습니다.  성적은 중간기말 논설문 작성 2회로 끝나고, 주제는 시험 일 주 전 미리 여러 개를 공지해서 하나를 고르는 거에요. 교수님께서도 채점기준을 설명하실 때 오히려 수업에 있는 개념은 참고용으로만 사용하고, 본인만의 생각을 적으라고 강조하십니다. 그래서 성적은 사실 얼마나 탄탄하고 독창적으로 논지를 전개하는지 글쓰기 평가인 것 같고, 무단결석 1회 있었는데 A+ 나왔습니다. 글쓰기 자신 있고 로드 없는 수업 원하시면, 미술 관심 있으시면 추천드립니다."
철학으로 예술 보기,김동훈,23,Spring,5.0,"최고의 교수님 내용도 재밌음 세시간 들으면 약간 졸리지만 미술 좋아하면 추천"
철학으로 예술 보기,김동훈,23,Spring,1.0,"미학과 관련된 철학을 강의 하시고, 시험은 본인 생각을 물어보십니다. 수업은 괜찮은데 채점 기준을 하나도 모르겠어요. 올출석에 이과 출신 C+ 씁쓸하게 받아갑니다."
철학으로 예술 보기,김동훈,23,Spring,4.0,"수업 내용엔 큰 흥미가 없었고 졸업교양 학점 채우려고 들었습니다.. 올출 중간기말 준비 6시간컷하고 에제...만족합니다. 개떡같이 글써갔는데 자비로우신 것 같아요.   다만 중간기말 성적을 안 알려주셔서 교수님의 기준을 알기 어려웠습니다. 올해부터는 chatGPT때문에 수업 내용중에서도 간단하게 두세문제 내셨습니다."
철학으로 예술 보기,김동훈,22,Fall,4.0,"교수님 성적 대단히 잘 주시네요,, 중간 기말 문제는 미리 알려주시고, 시험 며칠 전에 글 정리해서 외워 가서 쓰면 됩니다. 저는 지각도 있었고 결석도 한 번 했는데 (…) 에이쁠 나왔어요. 수업 시간에 앉아 있기가 조금 힘들긴 했지만… ㅠㅠ 그 시간만 버티면 무난하게 에이쁠 받아가실 수 있을 듯 합니다. 꿀강을 원하신다면 추천드립니다!"
철학으로 예술 보기,김동훈,22,Fall,5.0,"올출 중간기말 본인 기준 무난 -> 에쁠 전 미학 철학 관심 많아서 열심히 들었어요 관심 분야라면 재밌게 들으실 수 있어여 교수님도 쏘 스윗하셔서 한 학기 힐링받고 갑니다…😍 녹강은 당일 열리는 질의응답 줌으로만 출석 체크하시고 대면 때는 직접 호명(2번 해주심)하십니다 과제 없고 오직!! 중간 / 기말로만 해요 시험 문제 몇 개를 알려주시고 그 중 하나를 골라서 논술하는 방식(암기x 본인 의견 중요시하세요)이라 견해만 확실히 갖고 있으면 따로 공부할 게 거의 0 가이드라인만 맞춰 쓰면 됩니다 글쓰기 자신있고 미학 관심 있다면 추천!! 진짜 부담 없는 강의고 들어보면 진짜 유익해요"
철학으로 예술 보기,김동훈,22,Spring,5.0,"수업은 재미없었지만 할 거 다하면 에쁠 나오는 꿀강… 저는 출석 한번 안해서 에제 나왔어요. 시험 문제도 생각을 묻는 문제라, 공부 많이 안하셔도 잘 볼 수 있습니다. 다만 글빨이 좀 필요할 수는 있을 것 같네요! 수업 내용도 재밌긴 한데, 교수님 말씀이 좀 졸려서 집중하기 힘들었어요ㅎㅎ"
철학으로 예술 보기,김동훈,22,Spring,2.0,지각 결석 한 번도 안함+ 과제 열심히 해서 기한 내 제출 + 기말 시험 꽤 만족스럽게 침 -> 근데 왜 씨쁠인지... 나름 대글 A+받아서 글쓰는 거 자신 있었는데 대체 뭐가 마음에 안 드셨는지 의문.. 평가 기준이 명확하지 않아서 납득하기 힘들었음
철학으로 예술 보기,김동훈,22,Spring,4.0,수업을 전혀 안들어도 시험 보는 데 지장 없음 . 중간 기말 모두 미리 알려준 주제 하나 골라서 몇페이지 글쓰는 건데 생각보다 할 얘기가 없긴 하지만 자기 주장 명확하게 드러내고 글쓰면 A+ 받을 수 있는 거 같아용 다만 나름 미학 수업 기대하고 수신한건데 비대면 수업 때 영상 음질 최악이었던 거나 교수님의 강의력을 생각하면 .. 조금 아쉽긴 합니다ㅜ
철학으로 예술 보기,김동훈,22,Spring,5.0,"희대의 꿀강이자 명강 수업 하나도 안 들어도 글만 잘 쓰고. 평소 예술 관심 많으면 에이쁠가능"
철학으로 예술 보기,김동훈,22,Spring,5.0,"중간 기말 두 번 쳤는데 이번에 중간은 코로나 때문에 정해진 기한 내에 이메일로 글 제출하는 걸로 대체했어요. 어차피 주제들도 대략 일주일 전에 미리 주시기 때문에 그냥 그거 보고 준비해서 가면 됩니다. 중간 전까지는 열심히 들었는데 주제들이 그냥 자기 생각 적으면 되는 거라서 중간 이후로는 수업 하나도 안 들었어요. 교수님이 몇 번씩이나 강조하신 게 맞춤법(+외래어 자제)이랑 자기 생각 적기인데, 그것만 만족하면 점수 후하게 주시는 듯 합니다. 수업에 나온 내용 하나도 안 적더라도 엉성하게나마 본인 주장 펼치는 게 훨씬 나은 것 같아요(제가 그럼). 중간 때는 워드 파일 기본 설정으로 다섯 페이지 적어서 냈고 기말은 시험지 기준 한 장하고 반 적어서 냈어요. 전부 제 생각만 적었습니다. 어차피 수업 안 들어서 적을 게 없었기 때문에 그럴 수밖에 없었으나 그게 좋게 작용한 것 같네요.  저는 시험 제출용 딱딱한 글쓰기를 잘못해서 추상적인 표현도 쓰고 비유적인 표현이나 소설체도 조금 섞여서 썼는지라 걱정이 많있는데 그건 딱히 상관 없는 듯합니다.  수업 내용 자체는 흥미롭습니다. 평소에 미학이라곤 이름만 들어봤었는데 수업을 귓등으로 듣고 부분부분 집중만 한 저도 어느정도는....미학 겉의 겉핥기를 할 수 있었던 것 같아요. 글 쓰는 거 좋아하시는 분들은 수업 편하게 들으실 수 있으실 겁니다. 평소 예술에 관심이 많으시면 더 즐거울 거구요. 저는 로드나 시험 치는 방식(질문을 미리 제시해주는 등)을 고려했을 때 여전히 꿀강이라고 봅니다. 물론 에이쁠 받아서 기억이 미화된걸 수도 있긴 합니다......"
철학으로 예술 보기,김동훈,22,Spring,2.0,"채점 기준 불명확함 강의력 떨어짐 목소리 작으심 발음 불명확함"
철학으로 예술 보기,김동훈,22,Spring,3.0,"수업 열심히 하시고 과제도 없고 다 좋은데요,, 채점기준을 정말 도무지 알 수가 없어요 레포트 성의있게 써서 냈는데 어디서 감점인지도 모르고 중간기말 몇점인지도 모르고 학점으로 통보당했어요"
철학으로 예술 보기,김동훈,22,Spring,2.0,똑같이 수업 출석 다 하고 중간 기말 때 나름 준비해서 글 열심히 썼는데 비 떴네요.. 성적을 하나도 안 알려주셔서 채점 결과나 기준을 하나도 모르는 것에 대한 찝찝함이 남습니다. 채감은 거의 복불복 느낌이라 미학 관련 글쓰기에 자신 있으신 분 아니면 날벼락 맞을 수도 있을 것 같아요.
철학으로 예술 보기,김동훈,22,Spring,2.0,교수님... 출석도 다 했고 시험도 어떻게든 써서 냈는데 D+은 너무하신거 아닌가요... 제가 그렇게 싫으셨어요?
철학으로 예술 보기,김동훈,22,Spring,3.0,나만 학점 망했나 ㅠㅠ 강의는 나쁘지 않아요.. 단지 제가 슬플 뿐
철학으로 예술 보기,김동훈,22,Spring,5.0,"제...가 왜...에쁠이죠..? 수업은..미학 전반을 다루는데...저랑 안 맞는 것 같아서 반포기 심정으로 들었습니다...원래 녹강이었는데 중간에 대면으로 전환돼서..중간은 일주일동안 문제 하나 골라서 5p 내로 글 써서 이메일로 제출, 기말은 문제 하나 골라서 대면으로 글 쓰는 시험이었는데....자기 생각 쓰는 거라 수업과는 큰 연관이 없습니다...과제는 없습니다..시험 때 나름 제 생각을 쓰긴 썼는데..성적을 정말 정말 정말 잘 주시네요....어.....감사합니다 교수님...감사합니다"
철학으로 예술 보기,김동훈,22,Spring,5.0,최대의 꿀강 시험 두번으로 끝인데 중간은 오픈북 기말은 대면으로 글만 쓰면 됐음 수업 하나도 안 듣고 열심히 글만 썼는데 에쁠
철학으로 예술 보기,김동훈,22,Spring,3.0,2021까지의 철예와 2022의 철예는 다른 수업이다… 샤대 최고의 꿀강은 죽었다
철학으로 예술 보기,김동훈,21,Fall,5.0,"희대의 꿀강.. 교수님 감사합니다. 중간 기말 대체레포트 그냥 제시된 주제 중에 제일 자기생각 늘어놓기 좋아보이는걸로 골라서 쓰면된다."
철학으로 예술 보기,김동훈,21,Fall,4.0,"수업 안 듣고 대충 글 4-5쪽 써서 내니 A+. 그러나 학점 공개 매우 늦고, 성적을 잘 주는게 클레임 받기 귀찮아서 그러는 게 아닐까 합리적 의심…"
철학으로 예술 보기,김동훈,21,Fall,5.0,수업안듣고 A+ 나왔습니다. 강의자료만 보고 글 잘쓰면 에플! 글 적당히만 쓰신다면 성적 잘나와요
철학으로 예술 보기,김동훈,21,Spring,5.0,중간 기말 보고서 막 써도 생각만 잘 들어있으면 거의 에쁠 주는 것 같아요. 출결도 몇번 빠졌는데 감사할 따름입니다
철학으로 예술 보기,김동훈,21,Spring,5.0,👏🏻👏🏻👏🏻👏🏻👏🏻👏🏻👏🏻👏🏻저는 평소에도 미학에 관심이 많아서 강의 좋았어요!! 시험도 부담없고 교수님도 좋으셨어요.
철학으로 예술 보기,김동훈,21,Spring,3.0,"수업 내용은 무난. 철학으로 예술보기라는 강의 제목에 걸맞게 미학사 한 번 정리하는 느낌입니다. 시험은. 리포트 두 번 인데 딱히 수업 내용과 크게 상관없고, 자기 생각 잘 적으면 됩니다.  다만 성적 기준을 모르겠어요. 깔끔하게 쓰면 A+주시는 듯 합니다. 단점은.... 교수님이 학생과 소통 의사가 없으십니다 ㅎㅎ 녹강인데 수업 잘못 올리시고 몇일 뒤에나 아시더라구요..ㅎㅎ  메일 답변도 일주일 뒤? 받고 못받은 것도 있습니다 ㅎㅎ 강의 또한 PPT 읽는 것과 크게 다르진 않습니다. 별로 학부 수업에 관심이 없으신 듯 합니다.."
철학으로 예술 보기,김동훈,21,Spring,3.0,성적 주는 기준을 잘 모르겠음. 성적 공개도 매우 늦음. 비대면 시기 편하게 교양 학점 딸 때 듣기 추천
철학으로 예술 보기,김동훈,21,Spring,3.0,학점은 잘 받으나 성적 공개가 매우 늦음 보통 공개된 날짜보다 일주일 정도 뒤에 공개되었음
철학으로 예술 보기,김동훈,20,Fall,5.0,아름다움이나 숭고와 같은 미학의 논의점을 전반적으로 알려주십니다. 저에게는 어려운 내용이었지만 교수님께서는 잘 가르쳐 주시고 녹강인데도 교수님께서 젠틀하신 분인게 느껴졌습니다ㅎㅎ 공예이같은 다른 미학 강의를 들어보셨다면 겹치는 내용이 있어 더 쉽게 따라가실 수 있을 것 같습니다. 비대면 학기라 시험은 중간 기말 모두 레포트 작성이었는데 주제는 여러개 중 하나를 고르면 되고 목록을 제출 전 주에 알려주십니다. '자신이 최고라 생각하는 숭고한 예술작품의 예를 들고 그 근거을 밝히시오.' 처럼 자기 생각을 쓰는게 중요해서 수업을 열심히 들어도 큰 도움은 안될지도 모릅니다... 그래도 수업 내용은 대충이라도 이해해야 방향을 잡을 수 있을거예요. 레포트 분량은 5장인가 6장 이내였는데 저는 중간 기말 모두 내용도 그닥이고 4장 이하로 썼는데도 학점을 잘 주셨습니다. 솔직히 꿀강이고 미학에 흥미있다면 재미있게 들을 수 있는 강의입니다.
철학으로 예술 보기,김동훈,20,Spring,5.0,"성적을 주신 기준은 잘 모르겠지만, 배우는 내용이 재미있습니다. 전체적으로 미학에서 이루어지는 논의에 대해 배울 수 있습니다.  다만 비대면이라서 시험이 레포트로 대체되었는데 레포트를 써가는데 강의 내용이 큰 도움이 되지는 않았습니다. 미학에 관심이 있으시다면 추천합니당"
철학으로 예술 보기,김동훈,20,Spring,3.0,"코로나 때문에 시험을 레포트로 대체해서 좋았다 성적 엄청 잘주신다. 중간고사 레포트와 달리 기말고사는 엉망으로 제출했는데 에이쁠 주셨다."
철학으로 예술 보기,김동훈,20,Spring,3.0,"한학기 배우는 거 없이 그냥 학점이 필요하면 매우 강추 수업의 뿌듯함을 성적보다 더 중요하게 여긴다면 다른 강의 매우 강추"
철학으로 예술 보기,김동훈,20,Spring,2.0,뭐 에이쁠 받았는데.. 성적 늦게 공개하는 것도 그렇고.. 음 과제나 이런게 체계가 많이 부족한듯. 수업도 그저 그래요
철학으로 예술 보기,김동훈,20,Spring,1.0,학점은 A받았는데 솔직히 배운거 하나도 없어요. 교수님 진짜 말하는데 문장이 계속해서 개괄하는 느낌으로 하세요. 나중에 한번 수업하실 때 이해안가는 문장 있으면 받아적어보세요. 문장에 유개념이라는게 없어요 진짜... 너무 시간아까웠고 드랍할걸 너무 후회됐던 수업 배우는 것도 별로 없는데 리포트로는 생각을 엄청 써야하고. 제 3학점이 너무 아깝네요. 진짜 최악이었습니다 로드 전혀 없고 학점은 거의 돌려돌려돌림판이라는거 인지하고 들으시면 괜찮으실듯
철학으로 예술 보기,김동훈,20,Spring,5.0,"녹강 + 과제 없음 + 리포트 중간 기말 두번 완전 꿀강!!!! 미학 처음 접해본건데 수업도 괜찮았음 교수님 감사합니다ㅠㅠㅠㅠㅠ"
철학으로 예술 보기,김동훈,20,Spring,5.0,제가 왜 에이쁠인지 모르겠어용..... 학점을 매우매우 후하게 주신듯합니다!! 다만 검은별이 끝까지 안풀려서 강제공개 되었다는....ㅠ  수업은 나름 들을만해요! 철학 관련 지식이 없다면 이해하기 조금 힘들수도
철학으로 예술 보기,김동훈,20,Spring,5.0,"미쳤나봐 저  왜 에이쁠이에요, .하란 거만 했는데 에이쁠이네요 감상합니다 수업은 좀 졸린데 유익함 외쳐 갓동훈"
철학으로 예술 보기,김동훈,20,Spring,5.0,"이번 학기는 비대면이라 교수님께서 올려주신 녹강을 일주일 안에 듣는 것으로 수업을 진행했습니다. 일단 수업 내용자체가 상당히 유익합니다. 미학, 예술론 등에 관심 있으신 분들이나 가볍게 철학을 공부하시고 싶으신 분들께 추천드립니다! 교수님께서 학생들 편의 고려하여 늘 피피티와 녹음파일을 올려주셔서 공부하기 정말 편했습니다.  로드는 제로고 중간 기말 보고서와 출결로 성적을 내는데, 결석 몇번했지만 성적이 잘나온것으로 보아 출결은 큰 의미는 없는듯 합니다. 중간 기말 시험은 원래 대면일 경우 사전에 몇가지 문제를 주시고 당일날 랜덤하게 선정하는 것으로 알고있습니다만, 이번 학기에는 학생이 여러 문제중 하나를 골라 시험 보고서를 작성했습니다. 문제는 기존 강의와 관련한 것들로, 수업내용을 정리하는 것보다 본인의 생각을 놀리적으로 펼치는 것이 더 중요합니다. 막판에 기말 보고서 정말 엉망으로 작성했다 생각했는데, 성적을 엄청 잘 주셨네요ㅠㅠ교수님 감사합니다ㅠㅠ"
철학으로 예술 보기,김동훈,19,Fall,4.0,교수님 열정이 엄청나심 아는 것 진짜 많으심 나는 못 알아들음 그래도 집중해서 듣다보면 꽤 들을만함 성적도 노력해서 쓰면 잘 주심
철학으로 예술 보기,김동훈,19,Fall,5.0,로드는 제로. 출석과 중간기말로 끝. 시험  문제는 1주일 전에 미리 공지되고 시험 때 서술하는 방식입니다. 수업때 배우는 미학의 대주제들에 대해 자신의 생각을 잘 정리해두는 게 시험을 잘 보는 관건인 것 같습니다. 교수님은 정말 온화하고 친절하십니다. 부담이 크게 없어 미학 입문으로 좋은 것 같습니다. 학점도 최대한 잘 주시려고 하시는 것 같습니다.
철학으로 예술 보기,김동훈,19,Fall,5.0,예술작품을 감상할 때 많은 생각을 할 수 있게 돼서 개인적으로 좋은 수업이었다고 생각합니다. 미술만 다루는 강의라고 생각했는데 문학 관련 지식도 배우고 갑니다. 과제가 없어서 중간+기말+출석이 전부인데 학점도 잘 주세요. 교수님이 친절하게 설명해주시고 말 빠르기가 적당해서 속기도 쉽게했어요.
철학으로 예술 보기,김동훈,19,Fall,1.0,진짜 지금까지 관악에서 들은 강의중 최악.. 최.악
철학으로 예술 보기,성기현,20,Fall,5.0,"2021년 여름 계절에 들었습니다.  수강학기 선택란에 2021년 여름 계절이 없네요ㅠㅜ 수업 내용이 무척 흥미로웠고 비전공자가 이해할 수 있게 쉽게 설명해주십니다. 기말고사는 보고서로 대체 됐고, 수업 시간에 성적은 절대평가로 잘 주시려고 노력하신다고 말씀하셨습니다. 기말고사 보고서는 점수를 알려주시고 중간고사는 서술형 시험이었는데 자신의 성적이 상 중 하 중에 어디에 속하는지만 알려주셨습니다."
철학으로 예술 보기,성기현,21,Fall,4.0,"여름 계절에 들었습니다. 일단 수업 퀄리티가 상당히 좋습니다. 시각자료를 적절히 사용하시면서 서양 예술에 대해 재미있게 설명해주십니다. 근대 이전까지는 철학적인 내용이 적어서 이해하기가 편하지만, 근대로 들어서면서 조금 까다로워지기는 합니다. 그래도 교수님이 잘 설명해주셔서 이해하기가 힘들지는 않습니다. 시험은 중간과 기말 두 번 보고요 모두 논술형입니다. 보통 3, 4문제 정도 내시고요. 이번에는 코로나가 너무 심해져서 기말을 비대면 레포트로 대체하였습니다. 비대면 레포트는 10장 내외로 제출하라 하십니다. 시험 난이도가 그렇게 높지는 않지만 교수님께서 글의 완성도 또한 보시기 때문에 글을 맛깔나게 잘 쓰는 분에게 추천합니다. 요약하자면  강의 내용이 충만하고 로드는 널널하지만 학점은 노력과 글쓰기 실력에 달려 있는 수업입니다. 이번에는 코로나라 절대평가를 하였습니다."
철학으로 예술 보기,성기현,20,Fall,5.0,"겨울 계절로 들었습니다. 제가 여태껏 들었던 교양 수업 중에 가장 즐겁게 들었네요. 어려운 개념도 쉽게 풀어서 설명해주시고, 강의 자체를 즐거워하시는 느낌을 받았습니다. 대면 시험은 없었고 보고서 10장 두번이 끝이었는데 저는 미대생이라 그런지 도판이 낯익익기도 하고 이론들이 어렵지 않게 느껴져 보고서 작성이 비교적 수월했습니다. 그래도 저는 꼬박 3-4일은 투자한 것 같습니다. 논문이랑 도판 캡션, 책 참고 해서 열심히 썼더니 성적은 에쁠 떴네용... 그래도 저는 학점을 잘 주시지 않으셨더라도 수업 자체가 너무 유익하고 좋았던 기억으로 남았을 것 같습니다.. 레포트가 다소 버거울 순 있지만 계절학기에 들으시는것도 정말 추천 드립니다. 학생들 배려도 잘 해주시는 것 같아요. 성기현 교수님 쵝오!"
철학으로 예술 보기,성기현,20,Fall,5.0,"(겨울계절) 감사합니다 교수님... 중간 보고서랑 기말 보고서 둘다 마감날 오후에 각 잡고 후루룩쨥짭 쓴 건데 좋은 성적 받았습니다... 사실 둘 다 마감 1분 전에 제출하고 그랬어요... 철학은 고등학교 때 생윤을 끝으로 잘 몰랐고 미술은 그나마 교양 들어 놓은 게 있어서 부분 부분 익숙한 내용이었습니다. 내용 자체는 흥미로웠습니다. 사람들이 '왜 그렇게 생각했는지,' 단순히 외면상의 접근이 아닌 또다른 관점으로 보게 되는 계기였습니다. 재밌었어요. 교수님 인성도 빛이시고 잘생기셨어요^^"
철학으로 예술 보기,성기현,20,Fall,5.0,정말 성기현 교수님 최고십니다. 시험 보는 날 교수님이 비주얼에 깜짝놀랐습니다. 교수님 보려고 재수강하고 싶었습니다. 이번 학기에 들은 강의 중 최고라고 할 수 있을 만큼 유용하고 재미있는 강의였습니다. 시험도 공부 열심히 하면 잘 풀 수 있는 정도였습니다. 그런데 과제가 좀 어려웠습니다. 그래도 성기현 교수님 사랑합니다
철학으로 예술 보기,성기현,20,Fall,5.0,"이번 학기에 가장 재밌게 들었지만, 어느 정도 부담도 되었던 과목! 철학, 예술 두 분야에 모두 노베이스인데, 교수님이 설명을 너무 잘해주셔서 이해 쏙쏙하면서 잘 들었음! 다만, 말이 조금 빠르신 감이 있어서 수업 때 한 번에 따라가기는 조금 힘들었음 2020-2는 코로나로 인하여 비대면 줌 수업을 했고, 교수님께서 녹음을 허용해주셨기 때문에, 강의 녹음해서 반복적으로 들으면서 속기록 해가면서 복습 많이 했음 교수님께서 나름 학생들과 유대감을 많이 쌓으려고 농담도 하시고(선 넘는 농담 절대 없음), 일상 얘기도 섞어가면서 수업해주심ㅎㅎ 중간고사는 대면으로 진행했었음 1강부터 4강이고, 강의안으로 따지면 15장정도 되는건데, 무시할 수 있는 분량은 아님 밑에 분 말씀처럼 굵직굵직하게 물어보심 (ex. 인상주의란 무엇인가?) 본인은 수업 계속 복습하면서 그냥 통으로 외워버려서 중간고사때는 그냥 뱉어내는 식으로 썼음 (자필이어서 손 너무 아팠음ㅠ) 기말고사는 방식은 학생들이랑 의논해서 정하셨음! 본인은 중간고사처럼 시험 형식이면 좋겠다고 생각했는데, 과반수가 보고서를 택해서 10장 분량의 보고서 작성하기로 했음 나름 쉬울 것 같았는데 교수님께서 필수사항으로 있어야 한다는 내용, 그리고 그 외의 추가적인 내용들을 유기적으로 짜서 글로 옮기는게 쉬운 것만은 아니었던 것 같음  중간고사 공부 열심히 해서 평균이상 받았고, 보고서도 여러 번 퇴고해서 잘 쓰려고 노력했기 때문에 에쁠 받을 수 있었던 듯 교양치고는 시간을 정말 많이 쏟았는데, 한 번도 '재미없다'는 생각은 안했음 열심히 한 만큼 잘 나오는 것 같은 수업 교수님이 또 다른 예술, 철학 강의를 개설하신다면 꼭 듣고 싶음 :)"
철학으로 예술 보기,성기현,20,Fall,3.0,"강의 내용 아주 충실하고 좋습니다. 다양한 주제들 체계적으로 가르쳐주십니다. 이번 학기에는 중간고사와 기말레포트(10장 내외)였는데 시험은 굵직굵직하게 이상주의란 무엇인가? 이런 느낌이라서 결과는 논외지만 양적인 부담이 심하지는 않습니다. 기말 과제는 요약 느낌인데 마냥 쉽지는 않았네요.  좋은 수업임은 분명하지만 성적은 잘라주시는 것으로 생각되고 안정적으로 성적 받기는 어려운 과목 같습니다. 수많은 교양을 들으면서 글쓰는 과목엔 자신감이 있었는데 충격적인 성적을 받았네요.. 다 제가 부족하기 때문이지만, 그만큼 예측이 어려운 과목이라는 점에 유의하시면 되겠습니다."
철학으로 예술 보기,성기현,20,Fall,5.0,철학과 예술에 노베인 상태로 들었지만 수업 내용이 아주 흥미롭고 교수님께서 너무 다정하셔서 행복했습니다!! 다른 수업은 비대면으로 진행하면서 너무 교수님과 인간적인 유대감?이 적어져서 아쉬웠는데 이 수업에서는 진짜 학교에서 수업듣는 것처럼 재밌는 사례도 들어주시고 딴 얘기도 조금씩 해주셔서 좋았습니다ㅎㅎ그리고 교수님께서 말투나 눈빛에서 다 스윗함이 묻어나십니다ㅠㅠ말 한마디에도 이렇게 따뜻한 마음이 전달될 수 있음에 매 수업마다 감명받으며 들었습니다..! 중간고사의 경우는 대면으로 보았는데 저는 “보통”의 평가를 받았습니다. 우수 사례를 알려주신 것들을 보니 굉장히 서술형을 구조적으로 길게 쓰셨더군요. 그래서 기말 보고서 작성 시에는 최대한 구조가 잡힌 글을 쓰려고 노력했도 참고문헌도 많이 참조했습니다.  최종성적은 에쁠받았고 이 수업 선택한거 후회없습니다ㅠㅠ완전 추천해요!
철학으로 예술 보기,성기현,20,Fall,5.0,"철학, 예술 분야에 관심있으시면 정말 재밌게 들을 수 있는 수업입니다. 강의력도 정말 좋으시고 질문에도 친절하고 상세하게 잘 답변해주십니다. 과제는 전혀 없고 중간고사, 기말고사(2학기는 레포트 대체) 두 번으로 평가가 진행됩니다. 중간고사 답안을 작성할 때, 수업 때 배운 내용을 그대로 쓰지 말고 자신만의 언어로 정리하여 쓸 것을 요구하십니다. 시험 공부할 때 예상 문제를 쓰고 거기에 답변을 내가 정리해보는 식으로 공부하시면 도움이 많이 됩니다. 예를 들면 '고대 그리스의 미 개념은 어떻게 변화했는지 작성하시오.'와 같은 예상 문제를 설정하고 전기, 중기, 후기의 미 개념을 내 말로 표현하여 정리하고, 실제로 그러한 변화를 볼 수 있는 예시를 덧붙이는 식으로 답안을 작성해보시면 좋을 것 같습니다. 단점이라면 시간을 꽉꽉 채워서 수업하신다는 점 정도?"
철학으로 예술 보기,성기현,20,Fall,4.0,"예술이나 철학에 관심이 많으시면 들으시고 아니어도 듣는 건 좋은데 학점은 기대하지 마세요. 수업 준비도 철저하시고 강의력도 좋으시다고 생각합니다. 전 철학도 예술도 관심이 없어서 내용 자체는 지루했지만 강의안 곳곳에 빈칸이 뚫려있고 해서 잘 집중할 수 있었습니다. 영상도 많이 틀어주시고 수업 중간 중간 재밌는 예시도 많이 들어주시고 가끔 유럽 여행 및 미술관 관람 꿀팁도 알려주십니다. 뭐 아무튼 수업도 좋고 교수님도 무척 좋고 다 좋은데 시험은 좀 버거웠습니다. 개념어를 통해 이론을 제시하고 그걸로 작품이나 예술사조를 설명하는 문제들이 나오는데 수업 시간에 배운 대로 적거나 강의안 및 읽기자료 내용을 쓰는 게 아니라 자기가 이해한대로 적으라고 하십니다. 전공도 아닌데 이건 좀 과하다 싶기도 하고 예술에 크게 관심이 없기도 하고해서 전 사나이답게 수업 시간에 배운 대로 그대로 적었고 B0받았습니다^^ 역시 성인이면 자기 선택에 책임을 져야죠. 수업은 한 번도 졸지 않고 열심히 들었고 필기도 아주 빽빽한데 참 아쉽네요. 아무튼 교수님은 정말 좋으시고 자기가 예술에 철학에 관심이 있어서 수업시간 내용들을 자기 언어로 깔끔하게 정리할 생각이 있으시면 듣는 걸 추천드립니다. 아니 근데 인문대 수업 들을 때마다 느끼는 건데 다들 어떻게 그렇게 쓸 말이 많으신 거에요? 아니 난 수업에서 나온 핵심 ㄹㅇ 다 썼는데도 두 장은 못 쓰겠던데..."
철학으로 예술 보기,성기현,20,Spring,5.0,최고의 강의 교수님 최고 강의력 최고👍👍👍👍👍
철학으로 예술 보기,성기현,20,Spring,5.0,"(여름계절) 최고의수업 추천합니다👍 저에게는 이제껏 들은 학문의세계 교양 중에 제일 좋았던 강의였습니다! 강의가 체계적으로 구성되어있고 교수님 강의력 좋으십니다 비대면인데도 집중이 잘돼요 수업 관련 자료영상도 많이보여주시고 그림도 많이봐서 지루하지도 않습니다   저는 미학강의는 처음이어서  조금 걱정했는데 수업만 잘들으면 시험준비에는 큰 문제가 없는 듯 합니다 다만 시험 답안 작성 방식에 대해서는 좀 유의하셔야될 것 같아요 서술형인데 답안구성을 체계적으로 잘해야합니다 사실 저는 중간때 다 외워가고도 답안을 너무 간결하게 썼더니 평균점수가 나왔어요..ㅎ 그래도 기말때 각성하고 열심히 썼더니 최종 A0 나왔습니다 B+일줄 알았는데 깜짝 놀랐어요!! 교수님 감사합니다"
철학으로 예술 보기,성기현,20,Spring,4.0,일단 점수는 별로였지만...그렇게까지 열심히 한게 아니라서 만족하고요 교수님은 너무너무 좋으세요 일단 과제가 하나도 없다는 게 대만족이고  이쪽에 관심있다면 수업이 정말 재밌을거예요
철학으로 예술 보기,성기현,20,Spring,5.0,아래 강의평들이랑 겹칩니다...과제 그럭저럭 편합니다
철학으로 예술 보기,성기현,20,Spring,5.0,"슬픈 새내기 비대면 수업에서 빛같은 교양이었습니다. 유일하게 이 강의만 강의평을 씁니다.. 18학점 들었는데 그 중 가장 좋아하는 강의였고 수업 전에 기대가 될 정도였습니다..수업 들으면서 항상 내적 감탄했어요.. 수업준비 정말 철저하셔서 배워가는 거 정말 많고, 강의력도 좋으시고 젠틀+유머러스하시고, 개인적으로 이메일로 질문드려도 상세하게 설명해주시고,  과제 하나도 없고,  요약 레포트 제출하는 거 저는 솔직히 정말 시간도 오래걸리고 엄청 어렵다고 느꼈지만 그만큼 남는 게 많더라구요 지인들께 추천하고 다녀요 교수님 대면으로도 뵙고 싶습니다ㅠㅠ감사합니다"
철학으로 예술 보기,성기현,20,Spring,5.0,"성적은 바율 채워서 주시는 듯 하지만, 수업이 체계적이고 교수님이 각 나라 미술관에 갔던 이야기를 함께 해주셔서 미술을 바라보고 감상하는 눈 자체를 기를 수 있습니다. 유머 감각도 좋으시고 재밌습니다. 미술사를 고대부터 현대까지 훑고 싶으신 분들께 추천드려요!!"
철학으로 예술 보기,성기현,20,Spring,5.0,"교수님 매우 스윗하시고 친절하게 잘 알려주십니다. 강의가 1, 2, 3교시 모두 테마별로 나누어 체계적으로 정리되어 있어서 짱짱하게 진도 다 나갑니다. 쉬는시간도 최대한 잘 주시고 질문 하나하나 잘 답해주십니다. 마지막 강의는 정말 감동적이었습니다. 이번 학기에 들은 강의 중 가장 열심히 들었고 후회 없다고 생각합니다. 과제는 중간, 기말 모두 8~9페이지 정도의 정리요약 레포트였습니다. 제출 당일에 얼레벌레 써서 제출했고 출석 다 찍었더니 B+ 나왔네요. ^^"
철학으로 예술 보기,성기현,20,Spring,5.0,교수님께서 기본적으로 강의력 좋으시고 스윗젠틀유머러스하심. 쉬는시간마다 질문 받으면서 소통도 잘해주심. 유럽 여행 때 예술 감상 제대로 하는 법 등 경험과 지식 바탕으로 매 수업마다 주제 관련 좋은 얘기나 재밌는 얘기도 많이 덧붙여 해주심. 로드 1도 없고 평가는 출석+중간+기말뿐. 시험도 불합리하지 않음. 코로나 시국 강의라 배운 거 주제별로 2~3장씩 정리해서 레포트 제출하는 방식으로 평가 이루어졌음. 성적도 잘 주심. 수업만 열심히 들어서 출석만 100퍼 찍고 레포트는 솔직히 급하게 개떡같이 써내서 성적 기대 안 했는데 A0 주신 것으로 보아 굉장히 후하게 주심.  (코로나 시국 감안해서 후하게 주신 듯... 감사하고 죄송합니다...) 미학에 관심은 있으나 지식이 별로 없는 학생에게 추천. 큼직한 개념 위주로 미학사와 거기 영향을 끼친 철학 개념을 흥미롭게 얻어갈  수 있음.  개인적으로 이번 학기 교양 중 제일 좋았음.
철학으로 예술 보기,성기현,20,Spring,5.0,"코로나 시국 강의라 줌강의였는데 중간 기말 다 대체 레포트 한번씩 쓰면 되고 시험은 없었음.  레포트 한번당 6~9장 사이. 배운 내용 정리 같은 느낌. 생각보다 이거 정리하는 게 시간이 많이 걸림. 수업 전반적으로 되게 다정하시고, 수업도 재밌게 잘 이야기 해주시는 편. 내용도 어렵지 않고 정말 기본적인 미학사위주로 쭉쭉 설명해주시는데 강의력이 괜찮아서 듣기 좋음. 중간중간 프랑스 얘기해주시기도 하는데 덕분에 지루하지 않게 잘 들었음. 갠적으로 이번학기에 들었던 강의 중 제일 좋았던 강의라는 생각이 듬."
철학으로 예술 보기,성기현,19,Fall,5.0,"교양인만큼 흥미롭게 지식이 쌓인 느낌!! 여름방학에 유럽여행 갔다와서 2학기에 들었는데 몰랐던 것들도 보이고, 너무 깊은 논의는 하지 않지만 그렇다고 얕지 않으며 생각해볼 내용들도 많이 주시는 느낌! 강의력도 좋으시고 교수님 스윗"
철학으로 예술 보기,성기현,19,Fall,5.0,"서양 미학과 회화의 역사.. 가 수업 내용입니다! 이 학기에 가장 재밌었고 즐겁게 들었던 수업이에요! 교수님이 설명도 어렵지 않게 해주시고, 프랑스에서 지내셨던 이야기도 해주시고 해서 꿀잼이었습니다! ㅎㅎ 성적은 엄청 잘 주시는 건 아니지만(?) 그래도 너무 만족한 교양이었습니당"
철학으로 예술 보기,성기현,19,Fall,5.0,"유럽여행 갔다오자마자 들었더니 개꿀잼임 교수님 진짜 친절하시고 쉽게 예시들면서 설명해주심 철학지식 별로없는 이과생이라도 관심만있다면 재밌게 수강가능"
철학으로 예술 보기,성기현,19,Fall,5.0,"교수님 정말 좋으세요ㅠㅠ 친절하시고 재미있으세요! 수업내용은 갈수록 어려워지는 느낌이 있었지만 최대한 쉽게 설명해주시려고 노력하시고 강의자료도 풍부해서 좋았습니다. 그림, 영상, 음악 등 다양한 매체를 활용하셔서 수업하시고 강의준비도 정성껏 하신 것 같아서 너무 좋았네요. 교수님께서 강의하시는 다른 수업 있으면 또 듣구 싶어요!"
철학으로 예술 보기,성기현,19,Fall,3.0,시험은 조졌지만 나름 흥미로웠음 ㅎㅎ (+ 교수님 잘생김♥)
철학으로 예술 보기,성기현,19,Spring,5.0,수업은 진짜 갓갓입니다 예술이나 미학에 조금이라도 관심이 있으신 분들은 정말정말 재밌게 들으실 수 있을것 같아요 교수님이 수업을 정말 쉽고 재밌게 해주세요..... 이번 학기에는 수강자수가 적었음에도 불구하고 학칙 때문인지 뭔지 절대평가 변경이 불가능했다고 들었는데 그것 때문인지 성적은 썩 잘나오지 않았어요ㅠㅠ 근데 그건 어쨌거나 공부 안 한 제 탓이고 어쨌거나 쓰레기같은 제 답안을 생각하면 어느정도 만족합니다 진짜 대학교양 다운 교양이니까 꼭 한 번 들어보세요
철학으로 예술 보기,임혜은,19,Spring,3.0,"귀여운 교수님,,,이시지만 수업 듣는 내내 졸려서 정말 괴로웠습니다...ㅠㅠㅠ 한번 놓치니까 의욕도 떨어져서,, 레포트는 에쁠 받을 성적이었는데 시험을 망쳤는지 에마 주셨더라고요..! 미학에 입문하기에 적절한 난이도는 아닌 것 같고, 미학이나 미술론 수업 하나쯤은 듣고 오시면 훨씬 수월하게 수업들으실 수 있을 것 같습니다. 시험도 특별히 어렵지 않고 레포트 점수도 후하게 주세요."
철학으로 예술 보기,임혜은,18,Spring,3.0,이과생이면 드랍각 철학에 아무런 베이스도 없는 나는 내용이 매우 난해하게 느껴짐..
철학으로 예술 보기,임혜은,18,Spring,5.0,"어렵지만, 정말 얻어갈게 많은 강의. 선생님께 여러모로 많이 배웠습니다. 감사합니다 :)"
철학으로 예술 보기,임혜은,18,Fall,3.0,"학기 초반 내용은 교수님이 정통 미학보다는 시의적이고 실험적인 소재들을 다루려고 하셔서 그런지, 난해하기도 하고 교수님 설명이 불명확한 내용이 굉장히 많아요. 그냥 여기저기에서 특정 소재에 관련된 레퍼런스를 잔뜩 가져다 놓고 각각의 자료에 대한 단편적인 설명만 해주시는 느낌..... 이 수업을 잘 버텨야합니다. 뭔소린지 모르겠어도 녹음 전사 잘 해놓으시고 존버하세요. 교수님도 저희에게 완벽한 이해를 바라시지 않습니다. 로드는 과제 1.5개 정도라고 보시면 되고, 시험은 기말 한번입니다. 방대한 수업 내용을 톳씨 하나 안 틀리고 외우기 보다는, 레포트 과제나 서술형 시험이나, 교수님께서는 저희가 수업 내용을 통합적으로 이해하고 자기만의 시각으로 이해하고 재구성하길 바라신 것 같다고 생각되네요."
철학으로 예술 보기,임혜은,18,Spring,5.0,"로드: 중간대체레포트(자유분량이나 7페이지는 씀 보통)+기말고사 내용은 꽤 유익함 다만 교수님 자체제작 프린트물이 조금 이해안되는 구성이라 수업을 잘 들어야함 그래도 할만함 열정이 넘치시나 강의력은 그닥..? 근데 내용이 좋아서 한번쯤 들어볼만함 무엇보다 로드가 적고 학점 개 잘주심 시험은 5문제 서술형"
철학으로 예술 보기,임혜은,17,Spring,5.0,"정말 열정 폭발하는 선생님 과제에 대한 섬세한 피드백 대학 인문교양은 이런 것이다 라는 느낌 시험은...좀 어렵네요ㅋㅋ"
철학으로 예술 보기,김소영,23,Spring,5.0,수업 너무 힐링 입니다. 시험도 그롷게 오렵진 않았던것 같아요 가볍게 철학수업 듣고싶으신분 추천합미당
철학으로 예술 보기,김소영,23,Fall,5.0,시간투자 안 한 것 대비 성적 잘 받은 것 같습니다. 강의력 나쁘지 않으셔서 재밌게 들었는데 좀 졸리긴 해요 히히 내용도 좋고 통강 하나 끼워넣기 딱 좋아요
철학으로 예술 보기,김소영,21,Winter,5.0,"쉽고 재밌게 들었던 강의 기말 레포트 진짜 급하게 썼는데 성적 잘 나와서 꿀교양이라 느꼈지만 친구는 성적 잘 안나왔다함. 핵심 찔러야 성적 잘 주시는 듯.."
철학으로 예술 보기,김소영,23,Spring,4.0,교수님 차분하시고 강의력은 최고셨습니다. 시험도 오픈북이어서 좋았는데 성적은 좀 당황스러웠습니다. 그래도 무난하게 들을 강의로 추천드립니다.
철학으로 예술 보기,김소영,23,Spring,5.0,"아침에 피곤해서 두세번 출석 제끼고 수업도 적당히 중요해보이는 것만 필기했음. 중간레포트 1시간컷 + 기말은 당일 아침에 필기만 휘뚜루마뚜루 읽고 아는 대로만 적어냈는데 A0  그저 GOAT"
철학으로 예술 보기,김소영,23,Spring,5.0,강의력은 좋으심. 졸리다는게 치명적인 단점. 시험은 오픈북이라 부담이 덜했고 과제 하나는 피드백 잘 반영해서 쓰니 성적 잘 주심.
철학으로 예술 보기,김소영,23,Spring,5.0,"철학과 예술에 관심 있으면 정말 만족하면서 들을 수 있는 강의. 1학기에 들은 강의 중 가장 설명력 좋았음. 과제도 중간 대체용 레포트 말고는 없고 기말도 오픈북이라 수업에 집중만 했다면 시험 전 한 번 훑어보는 정도로 충분함. 기말이랑 레포트 정말... 이게 사람이 쓴 게 맞나?싶은 수준으로 냈는데 성적이 너무 좋아서 당황했음..ㅋㅋㅋㅋㅋ 교수님 사랑합니다"
철학으로 예술 보기,김소영,23,Spring,5.0,"전공 교양 통틀어 가장 만족스러웠던 강의였습니다. 예술에 대해서 관심 조금이라도 있으시면 흥미 있을만한 내용이고, 교수님 강의 진짜 잘하세요. 발음도 좋으시고 적당한 빠르기로 문장 완결성 있게 말씀하셔서 속기하기 너무 편했어요. 아직 성적 안 나와서 성적은 어떻게 주실지 모르겠지만 제 기준 단점 없이 완벽한 강의였습니다. 굳이 꼽자면 시험은 오픈북이었는데도 서술형이라 쓰기 쉽진 않았어요."
철학으로 예술 보기,김소영,22,Spring,5.0,미학 사조+예시 작품 해설로 대부분 수업이 구성됩니다. 평소 미술/음악/연극 등의 예술이 관심이 많으셨다면 정말 흥미롭게 들으실 수 있습니다. 수업 자료 피피티는 따로 없고 책 스캔본 공유해주십니다. 항상 칠판에다 수업 내용 필기를 하셔서 그냥 노트북 가져가 교수님 말씀 받아적는 게 좋을 것 같습니다. 물론 책 내용에 대한 설명이긴 한데 책 자체가 좀 어려워서 편하게 교수님 설명 듣는 게 좋습니다. 보고서 개요작성으로 중간고사 대체하셨고 기말고사는 오픈북으로 진행했는데 수업때 다룬 내용 설명하라는 수준이너서 부담없이 볼 수 있습니다. 교수님 목소리가 좀 졸리긴 한데 저는 재미있게 들었습니다
철학으로 예술 보기,김소영,21,Spring,5.0,"다음학기부터는 어떻게 진행될지는 모르겠으나 음성파일과 해설파일을 올려주시고, 한학기에 4번 주제에 대하여 ETL에서 토론하는 식으로 진행했습니다. 교재 4개의 장을 다루고 있습니다. 음성, 해설 파일에서 교수님의 꼼꼼함, 친절함을 엿볼 수 있습니다. 성적은 위의 토론과 그리고 4번의 실시간 수업 참여, 기말고사 레포트로 산출합니다. 그러나 실시간 수업에서 말 하지 않아도 충분히 a+받을 수 있습니다. 다소 원하시는 방향이 확실합니다. 아래 강의평을 보고, 방향이 있다는 것을 알았고 이에 과제를 대비하여 수업들을 때 교수님이 생각하시는 방향이 무엇인지 확인했습니다. 사실 올려주시는 음성파일보다는 실시간 수업에서 많은 힌트를 얻었습니다. 그래도 차분하게 공부할 수 있는 좋은 시간이었습니다."
철학으로 예술 보기,김소영,20,Fall,4.0,음 에제 받긴 했는데 기분이 좋진 않았어요... 평가기준을 알 수 없고 뭔가 얻어가는 느낌도 없었습니다
철학으로 예술 보기,김소영,20,Fall,4.0,밑에 쓰신 분께서 정확하게 말씀하신 듯...특히나 기말보고서 부분 들으니까 진짜로 평가기준을 잘 모르겠음 본인-예술에 대해서 완전 문외환임 강의 끝날 때마다 쓰는 4번 글쓰기 열심히 씀 근데 기말보고서는..그냥 별로 안중요할 거라고 생각해서 침고문헌 안달고 2장 반정도씀 평소 배경지식도 없어서 수업내용이랑 예시로 참고하라고 한 주제랑 엮어서 썼는데 에이쁠 나옴 그래서 난 되게 뿌리신 줄 알았는데 그거 아닌 건 알고 놀랐음...
철학으로 예술 보기,김소영,20,Fall,2.0,"밑에 분과 동일한 의견임. 지금까지 예술쪽 교양들을 두세개 들어보고(소위 보편적인 '꿀강'은 아니었음) 괜찮은 학점을 받아온 입장에서 강의평가도 보고, 학기 초에 학점 관련해서 너무 걱정하지 말라 반복하시어 말씀하시는 부분들을 듣고 적어도 학점 강박에서는 좀 벗어나서 내용에 빠져들 수 있는 강의이겠구나 싶어 수강했음.  적어도 이 수업에서는 경쟁하지 않을 수 있도록 절대평가로 주신다 하시며 학점걱정은 내려놓아도 된다 여러 차례 말씀하셨고, 평가 기준 또한 '학술적 완성도보다는 던져진 주제에 대한 자신의 생각에 대한 적극적이고 진솔한 피력을 초점으로 평가'하는, 점수가 공개되지 않는 출석&참여도 대체용 단문과제 4개와 3장 이내의 기말 레포트가 전부였기에 방향을 잡기 쉽지 않았지만, 맥락상 평가에 대해서는 크게 걱정하지 않고 성실히, 열심히 참여하면 문제 없을거라고 생각했음.   결코 평가지표들이 적다고 해서 그만큼 적게 노력하지 않았고, 오히려 다른 예술강의들과 시간은 비슷하게 썼던 것같음. 참여도 과제도 네 번 다 정말 열심히 썼고, 기말과제도 주제가 다소 피상적으로 느껴졌지만 항상 해오던 대로 나름대로의 논점을 잡아서 참고문헌도 7~8개씩 엮어내고 논지전개도 여러번 보완해나가면서 여러번 탈고해서 제출했음. 그래서 내심 적어도 에마 정도를 기대하고 있었는데 비쁠이 나와서 사실 조금 당황스러웠음. 기말 과제 피드백해주신 내용 등을 보니 원하시는 방향성이 명확이 있으셨던 듯함. 다시 말해 대략적으로 주제를 어떻게 구체화시켜야 하는지에 대한 정답이 있었던 것 같음(그부분에 대한 언질이 있었던 것으로 보아..). 다만, 평가의 지표나 피드백, 기본적인 수업진행 방식 등이 그 방향성을 짚어내기가 대체적으로 어려운 환경이었던 것같음. 특히 공지사항 등에서 여러번 반복해서 말씀하신 부분들과, 실제 평가 사이에 조금 이질감이 있게 느껴짐.  결코 더 높은 성적 받으신분들에 대해 부당함을 제기하는 것이 아님. 그 상황 속에서도 교수님이 원하는 바를 찾아내어 잘받으신 분들과 그렇지 않았던 나의 분명한 능력차이이고, 그걸 부정하고 싶은 생각은 추호도 없음. 다만, 강의를 들으시려는 분들은 경우에 따라 교수님이 말씀하시는 부분들과는 다르게 학점이 상당히 불안정할 수 있다는 점, 그리고 다른 강의들보다 이를 노력으로 커버하기가 힘들 수 있다는 점을 염두에 두셨으면 함. 기본적으로 관심이 살짝 있는 것을 넘어서, 본 분야의 기초적인 사고체계에 대한 충분한 경험과 배경지식이 어느정도 있어야 할 것 같음. 다른 예술 강의들에서는 적당한 관심도만으로도 +a의 노력을 기울이면 핵심을 찾아낼 수 있었는데, 이 강의는 다시 들으라 해도 내 능력에서는 못할 것같음."
철학으로 예술 보기,김소영,20,Fall,3.0,"1. 평가방법  비대면 기준으로 eTL 토론방에 4번 짧게 자기 생각 올리는 것과 기말레포트 1번으로 평가함.  2. 수업 수업자체는 녹강으로 진행되고 출첵도 따로 안해서 꿀강이라고 할 수 있음. 교수님께서 설명도 잘해주심.  3. 성적 솔직히 강의평에 학점느님이라고 써있어서 수강했고, 그래서 적어도 에마 나올줄 알았는데 비쁠 나옴. 학점을 퍼주는지는 잘 모르겠음."
철학으로 예술 보기,김소영,20,Spring,5.0,"비대면이라면 절대 안들을 이유가 없는,,, 진심 숨겨진 꿀강! 매주 강의 녹음한 거랑 요약자료 같이 올려주시는데 목소리도 나긋나긋하시고 내용도 크게 어렵지 않아서 후루룩 들었음. 비대면이라고 학생들 이렇게 배려해주시는 교수님은 진짜 첨봤음. Etl에 올라오는 멘트도 매번 주옥같아서 혼자 감동감탄 x100. 한 네 번 토론방에 짧게 자기 생각 올린 거랑 기말보고서로만 평가하셨음."
철학으로 예술 보기,김소영,19,Fall,5.0,"그저 빛... 수업도 재밌고 학점도 잘 줍니다. 다만 배경지식이 좀 필요할 수도 있어요."
철학으로 예술 보기,김소영,17,Fall,5.0,"교수님 나긋하시고 차분 교재 하나로 수업하시는데 많이 집중할 필요 없음 천천히 잘 설명해주심. 필기는 키워드 중심으로만 여백에 적어도 문제없음(어차피 기말 오픈북) 중간 레포트는 예술 관련 주제를 정하고 자기 생각을 쓰는 것이었는데 예술이란 몰까? 요런 주제였던 듯. 거기에 대한 관점을 정해서 근거있게 쓰면 됨. 참고문헌 이런거 주렁주렁 안 달아도 논리적인 필력만 있다면 가능 여러모로 꿀강. 대형강의 축에 들어서 부담스럽지 않으면서 끝나고 질문도 가볍게 하는 분위기였음 로드 없다시피 하고 동영상 많이틀어줘서 볼거리 많음. 전시회나 독립영화 한편 보러간다 생각하시고 수업 들어가시면 얻어가는 거 있음"
철학으로 예술 보기,김소영,19,Fall,4.0,"교수님이 좋은 의미로 굉장히 인자하시고 침착하십니다. 덕분에 설명도 귀에 쏙쏙 들어오는 편입니다. 수업도 매번 30분씩 일찍 끝내주십니다.  개인적으로는 강의 내용이 정말 좋았습니다. 교재는 교수님이 준비하라고 하시는 단행본이 교재인데  그 속의 예시 작품들과 교수님의 해석, 같은 맥락의 철학적 이론들을 자연스레 녹여내 설명해주십니다. 상식이 가득 쌓이는 느낌  기말고사와 중간고사 대체 글쓰기 과제가 있습니다. 기말고사는 오픈북이고 글쓰기 과제는 중간에 피드백 받을 수 있는 시간입니다. 이때도 균형잡힌 시각으로 침착하게 좋은 조언 해주셔서 좋았습니다. 기말시험도 나름 책 뒤적이며 열심히 봤고 보고서도 피드백 받은대로 썼더니 학점이 괜찮게 나오는 듯 합니다."
철학으로 예술 보기,김소영,19,Fall,5.0,흥미에 따라 지루하거나 어렵다고 느끼는 학생들은 초반에 다 드랍하는데 개인적으로는 되게 재미있었어요. 수업이 전체적으로 뚝뚝 끊기지 않고 하나의 시대적 흐름이 있어요. 쉬는 시간 있으면서도 3시 반에 시작해서 6시에 끝내주시는 것도 너무 좋았고 리포트 하나에 시험 하나만 봐서 편했어요.
철학으로 예술 보기,김소영,17,Spring,4.0,"예술철학에  관심이 있다면 흥미 있게 들을 수 있는 수업입니다. 강의식으로 이뤄지지만 교수님이 소통하려고 애쓰십니다. 수강생들도 대부분 기억하는 것으로 보였습니다. 다만 적성에 안 맞으면 졸리고 지루할 수 있을 것 같습니다. 중간 대체 레포트 1번, 기말고사 1번으로 로드는 없습니다. 서술형 시험으로 오픈북이었습니다."
철학으로 예술 보기,최연희,17,Spring,4.0,전 열시미해서 5퍼센트안에 들어 에쁠을 받았으나 비율 확실하게 해서 학점 주시는 듯 합니다. 가르치는 내용 자체가 재미있어서 흥미롭게 들었는데 선생님 강의력이 좋으신 편은 아니세요 가끔 딴 얘기로 새기도하고 .. 귀여우시긴 합니다. 미학에 관심 있으시면 들으시길 추처언
