동서양 명작 읽기,유종현,22,Fall,5.0,"올해 들은 최고의 강의....정말 이 강의 들으면서 힐링 많이 했습니다. 교수님께서 아마 더 이상 강의하시진 않으실 것 같다고 하셔서 너무 아쉽네요ㅜㅜ
시험도 없애주시고, 기말대체과제도 없애주셔서 결국 감상문 3개+토론문 1개만 제출하면 됐어요.
그리고 영화감상실 빌려서 영화도 보고...전체 A+ 주시고...
교수님께서 의도하신 대로 ”2학점 같은 3학점“이었어요. 배워가는 것도 많고 흥미로운 강의였습니다!!!"
동서양 명작 읽기,문화,23,Spring,4.0,"교수님도 귀여우시고 같이 읽는 책도 흥미로워요. 과제 로드가 생각보다 있지만 한두번 써보면 그리 어렵지 않고, 평가도 잘 해 주시는듯 합니다. 시험문제도 어렵지 않아 좋습니다.  성적도 나쁘지 않게 주시는듯. 다만 강의력이 뛰어나시거나 체계적이진 않으신것같아요. 적당히 딴짓하면서 들으면 ㄱㅊ"
동서양 명작 읽기,문화,23,Spring,5.0,교수님이 정말 좋은 분이셨습니다. 이 강의를 듣고 인문대학 복수전공을 결심했습니다. 너그러운 성적은 덤!
동서양 명작 읽기,문화,23,Spring,4.0,성적 진짜 잘 주십니다 내용은 겉핥기 같다는 샹각이 살짝 들긴 했는데 한 학기에 그만큼 많은 것들을 배웠으니까 만족합니다
동서양 명작 읽기,문화,23,Spring,5.0,"먼저 교수님께서 굉장히 귀여우심 학생들에게 최대한 많은 것을 알려주시려고 함. 내용 자체는 철학적 내용 많이 담고 있어서 완벽히 이해하기 위해서는 복습이 필요함. 독서감상문 4번에 시험 기말 한번임. 감상문 피드백을 해주시는데 주로 좋은 내용만 써주셔서 변별을 크게 안 두시는 듯. 시험은 깜지테스트이고 4~5문제로 이루어졌는데 별로 어렵지 않음. 그냥 기본적인 것만 물어봄. 난 공부는 하루 했으며 시험 잘 봤다고 생각했고 A+ 나옴.  감상문 쓰는 게 싫지만 않으면 듣는 거 추천"
동서양 명작 읽기,문화,23,Spring,4.0,감상문 과제는 정말 하기 싫지만 학점은 잘 주십니다 한마디로 학점 미화
동서양 명작 읽기,문화,23,Spring,5.0,"흔히 말하는 명작들을 체계적으로 접할 수 있는 좋은 기회였습니다. 다른 학생들의 생각을 들을 수 있는 점이 좋았고, 교수님의 정리로 마무리까지 하니 보람찬 독서를 하는 기분이 들었습니다. 그리고 이 강의의 꽃은 누가 뭐래도 성적입니다… 믿고 따르십쇼… 성적 발표날 웃고 있는 자신을 발견할 겁니다!"
동서양 명작 읽기,문화,23,Spring,5.0,여러 강의평에도 나와있듯이 강의력이 좋으시진 않습니다. 하지만 수업내용 흐름을 파악하기에 아주 무리가 될 정도는 아니고 시험에 나오는 핵심개념은 세번이상 여러번 설명해주셔서 괜찮은 것 같아요. 저는 제 책 4권 읽고 보고서 잘내고 제 책에 해당하는 주의 수업만 잘챙겨들어서 다른 수업에 비해 아주 쉽게 에쁠받았습니다.
동서양 명작 읽기,문화,23,Spring,4.0,"교수님이 일단 정말 좋으시고 학생들 많이 신경써주십니다 다만 한 학기 동안 책 네 권 읽고 감상문 쓰는 게 약간 부담이 될 수는 있습니다ㅠ 그리고 학점 정말 잘 주시는듯..ㅎ"
동서양 명작 읽기,문화,23,Spring,5.0,교수님 너무 좋으시고 강의도 재미있습니다. 강의들으면서 과제때문에 책을 많이 읽는게 쉽지는 않았으나 저에게 더움이 많이 되었습니다. 시험도 한번 보는데 어렵지않고 수업 열심히 들으면 학점도 잘 주십니다! 문학에 관심있으신 분들 추.천!!
동서양 명작 읽기,문화,23,Spring,5.0,"제 대학생활은 이 강의를 듣기 전과 후로 나뉩니다. 너무 귀엽고 학생들 편의 많이 봐주시는 교수님입니다! 강의력이 아쉽다는 평도 있던데, 주제별로 흐름을 따라서 듣다보면 큰 틀에서 다 알아들을 수 있게 설명해주시긴 합니다. 저는 강의력 면에서 아쉬운 점은 없었어요! 학점도 잘 주시고 강의 내용도 너무 유익합니다. 강추합니다!!"
동서양 명작 읽기,문화,23,Spring,3.0,"로드는 크게 감상문 작성 4번이 있습니다. 책 4권을 읽고 2-3주 마다 한 번씩 2페이지 정도 분량의 감상문을 쓰는 건데 할 만 합니다. 강의는 책 11권에 대한 강의와 소설에 대한 강의 일부로 진행이 되는데, 교수님의 강의력때문에 3점을 드립니다… 내용이 체계화되어있지 않고 자주 교수님 스스로도 머뭇거리시거나 음..하시는 순간이 있어서 이번 학기 이 강의는 교수님의 강의를 듣는다는 마인드보다는 강제로 책 4권 읽는 마인드로 버텼습니다. 하지만 교수님은 너무 착하시고 학생들을 많이 배려해주십니다. 또 학점도 후한 걸로 알려져있어서 학점 따고 싶으신 분들은 들으시면 큰 후회는 없을 거 같아요 기말도 별로 어렵지 않습니다"
동서양 명작 읽기,문화,23,Spring,5.0,"좋은 문학작품 읽으며 힐링했습니다!! 강의 주제도 인문학적 개념의 지평선을 넓히는 데 도움이 되고 질의응답을 열정적으로 해주셔서 많이 배웠습니다..!"
동서양 명작 읽기,문화,22,Winter,5.0,주변에서 학점 잘 주신다고 해서 들었는데 교수님 성품도 너무 좋으시고 나름 좋은 작품도 읽어갈 수 있는 기회가 된 것 같아 좋았습니다. 감상문 열심히 쓰고 기말 잘 못 본 것 같은데 에쁠 주셨습니다. 교수님 사랑합니다.
동서양 명작 읽기,문화,22,Fall,5.0,"최고의 명강입니다. 책을 좋아하는 사람이라면 책이 더 좋아지고, 흥미가 없었더라도 강의를 통해 책을 열심히 읽을 수 있습니다."
동서양 명작 읽기,문화,22,Fall,5.0,"문학 읽는거 좋아하시면 무조건 들으시는거 추천드립니다. 수업 내용도 좋고 성적도 매우 잘 주셔요."
동서양 명작 읽기,문화,22,Fall,4.0,"책읽는 것, 글쓰는 것 좋아하신다면 매우 추천할만한 수업입니다. 매 감상문에 강사님 or 조교님께서 코멘트를 해주시는데 학생들 글을 굉장히 성의있게 읽어주시고 코멘트 해주세요. 저는 그것만으로도 다른 교양과목들에 비해 만족도가 매우 높았던 과목이라 좋았어요.  다만 11권 중 4권만 필수로 읽는 책이고, 학기 중에 수업을 듣기위해 나머지 책들을 다 읽는 건 현실적으로 불가해서 본인 지정도서가 아닌 수업은 상당히 집중하기 힘들 수 있습니다. 강사님께서 수업 내용 구성을 잘 조직해서 오시기보다는 좀 떠오르는대로 말씀하시는 스타일이신 것 같아요. 또는 강사님께서 전달하고자 하는 건 많으신 듯하나 그것이 청자의 입장에서 알아듣기 쉬운 언어로 잘 변환되어 표현되지는 않는 것 같습니다.  중간고사 없고, 기말고사는 전혀 준비하기 부담되지 않는 수준이라 학기 중에 이 과목으로 버겁다거나 힘들다는 생각은 한 번도 하지 않았어요. 과목 선택할 때 강의력에 민감하지 않은 편이라면 정말 강추할만한 과목입니다."
동서양 명작 읽기,문화,22,Fall,5.0,책 좋아하면 듣는 거 추천..!! 큰 부담없이 들을 수 있고 수업 내용도 재밌어요~~
동서양 명작 읽기,문화,22,Fall,5.0,정말 한 학기 동안 힐링되는 과목이었습니다 교수님 사랑합니다
동서양 명작 읽기,문화,22,Fall,5.0,"신화 그는 문인가? 신화 그는 문인가? 신화 그는 문인가? 신화 그는 문인가? 신화 그는 문인가? 신화 그는 문인가? 신화 그는 문인가? 신화 그는 문인가? 신화 그는 문인가? 신화 그는 문인가? 신화 그는 문인가? 신화 그는 문인가? 신화 그는 문인가? 신화 그는 문인가? 신화 그는 문인가? 신화 그는 문인가? 신화 그는 문인가? 신화 그는 문인가? ...  항상 학생들 편의를 봐주시는 게 정말 많이 느껴집니다. 매번 출석을 직접 부르시지만 출석 점수에서 깎여도 감상문과 시험만 잘 보면 성적은 잘 주십니다. 근데 시험 공부도 감상문 작성하면서 본인 그룹 책만 제대로 읽었다면 하루도 안 걸립니다. 그밖에 학생들 질문도 친절하게 답변해주시고, 같이 수강한 다른 학우분들의 발표도 흥미로워 부담없이 힐링한 수업이었습니다~~"
동서양 명작 읽기,문화,22,Fall,5.0,한 학기에 책 4권 읽는다 생각하고 수업 들어오시면 됩니다. 수업이 크게 지루하지도 않고 성적도 잘 주십니다. 신화 그는 문인가?
동서양 명작 읽기,문화,22,Fall,5.0,"본인이 읽지 않은 책을 다루는 주차는 조금 지루할 수 있으나, 감상문을 쓰면서 열심히 읽었던 책을 다루는 주차에는 정말 수업 내용이 알찼던 것 같아요. 책 읽는 습관 기르려고 들었는데 만족! 성적도 잘 주세요!"
동서양 명작 읽기,문화,22,Fall,5.0,"책 좋아하시는 분들 강추 11권중 4권읽고 독후감 쓰는게 로드 전부이고, 기말도 강조하시는 것들 위주로 나옵니다. 수업도 알차고, 학점도 잘주셔서 매우 만족했던 강의"
동서양 명작 읽기,문화,22,Fall,5.0,"말해 무엇합니까 별점이 모든 걸 설명합니다 글 쓰는 거 정말 지극히 너무나도 끔찍하게 싫어하시는 게 아니면 꼭 들어보세요"
동서양 명작 읽기,문화,22,Fall,5.0,"감상평 4번에 부담없는 시험 1 번이 로드 끝입니다. 책 네권을 읽는게 부담스러워 보일 수 있으나, 감상평을 두 장밖에 안써도되고, 책 읽는 특유의 시각을 배울 수 있어 쓸때 부담이 전혀 없습니다. 거기에 학점까지 꿀!!!!"
동서양 명작 읽기,문화,22,Fall,5.0,"책 좋아하시는 분은 무조건 들으시고, 책을 읽는 습관을 들이고 싶은 분들도 꼭 들으시면 됩니당. 출석 잘하시고 2페이지분량 책 감상문 4번 잘내시고 강조한거 위주로 하루만 공부하시면 에이플"
동서양 명작 읽기,문화,22,Spring,5.0,"물론 좋고 나쁘고는 본인 성적으로 갈릴 것을 알지만 하나도 안 까다롭고, 본인이 이 책을 읽고 스스로 토론거리를 찾아내서 교수님이 흥미롭게 본다면 잘 나올 것이라고 판단됩니다. 글에 대한 피드백도 굉장히 유용하고요. 책 읽는 것 좋아하셨다면 충분히 들을만 합니다."
동서양 명작 읽기,문화,22,Spring,5.0,여러가지 책을 읽을 수 있어 좋았고 시험 문제들도 본인의 주관만 풀어나가면 되기 때문에 책 읽는 걸 좋아하는 사람은 들으면 좋을 듯
동서양 명작 읽기,문화,22,Spring,5.0,"미친A+폭격기 감상문쓰기 알러지있는거아니면 무조건들으셈"
동서양 명작 읽기,문화,22,Spring,5.0,결석 4번하고 기말 세문제 중 하나 뭇 풀고 나왔는데 에이쁠 야호~
동서양 명작 읽기,문화,22,Spring,5.0,"감상문 4개 제출, 중간대체 과제, 기말고사 책에 관심이 많고 새롭게 알려주시는 내용이 흥미로웠습니다. 제 어설픈 글을 읽어주시는 것만으로 감사한데, 피드백까지 해주셔서 좋았습니다. 첫 A+ 받고 갑니다. 교수님 너그러우시고 좋습니다. 한 학기동안 감사했습니다."
동서양 명작 읽기,문화,22,Spring,4.0,"수업 자체에서 배워가는 점이 많진 않습니다. 다만 책을 읽고 주체적으로 사고하면서 독후감을 쓸 때 배운 점이 많습니다. 머릿속으로만 가지고 있던 것들을 실제로 손을 쓰며 생각을 정리하는 과정이 도움이 많이 됐습니다.  독후감은 3주에 한 번 꼴로 쓰는데 쉽지는 않습니다. 다만 책 읽는 걸 싫어하시지만 않는다면 읽을 만한 정도입니다. 시험은 기말 한 번 입니다. 교수님이 되게 좋으시고 너그러우셔서 학생들 편의를 많이 봐주십니다."
동서양 명작 읽기,문화,21,Fall,5.0,"당연히 강의평 있을 거라고 생각했는데 없네요. 10명 이내 소수강의로 진행되어서 인지 교수님께서 학생 한명 한명 아껴주시는게 느껴집니다.  총 ABC 세조로 나누어서 각 조마다 한 학기에 3권의 책을 읽고 각 책을 읽고 독후감을 제출한 후 그 다음 수업 시간에 모두 같이 그 책에 관련된 수업을 들었습니다(한조는 4권이어서 총 10권의 책을 수업했던 것 같습니다). 책 자체가 흥미롭고 교수님이 책을 엄청 좋아하시는게 느껴져서 평소에 책 읽는걸 싫어하시지만 않으면 진짜 재밌게 들으실수 있을 과목입니다 마지막으로 기말을 온라인으로 시험보았는데 오픈북 형태였고 평소 수업만 재미있게 들으셨으면 모두 쉽게 답할수 있는 정도였습니다.  독후감이 좀 빡세긴한데 피드백도 엄청 열심히 해주셔서 충분히 납득 가능하게 점수 주시고 열심히 쓰시면 점수도 잘 주십니다"
동서양 명작 읽기,박하림,21,Spring,5.0,"교수님이 너무 좋고, 과제도 많지 않습니다! 물론 글 3개 + 기말글을 써야하만, 그게 평가의 전부라는 점을 고려하면 과하지 않다는 생각입니다."
동서양 명작 읽기,박하림,21,Spring,5.0,교수님 완전 친절하시고 피드백도 잘 해주세요..! 글쓰는 데 생기는 고민들에 대해서도 잘 상담해 주십니다! 그저 빛..
동서양 명작 읽기,박하림,21,Spring,5.0,"학생들 하나하나 진심으로 살피시는 천사같으신 교수님, 사고의 외양을 확장해 주는 고퀄리티 인문학 사회학 강의, 정말 공들여 선정하신 추천도서들... 로드는 다른 분들이 적으신 대로인데 시험을 안 본다는 사실을 명심하세요 모든 암기를 다 버려도 되는 거라고 생각하면 로드도 크지 않은 겁니다! 다양한 전공 지식과 문학적 소양을 지닌 학우분들과의 토의도 진짜 재밌고 많이 배웠어요 뭣보다 교수님께서 늘 더 좋은 강의를 만드시기 위해 노력하세요 학기말에 설문하셔서 매 학기 새롭게 반영하신다더라구요 고퀄인 이유가 있음 이과교양 원툴이 죽과이라면 이과학생들 졸업필수인 문과교양은 무조건 동명읽이라고 생각했습니다만 이제 강의를 안 하신다니... 슬프네요 하지만 나는 이미 들었음"
동서양 명작 읽기,박하림,21,Spring,5.0,"정말 최고의 수업입니다. 비평문 5개 정도가 로드입니다. 기말고사를 대체한 마지막 비평문(4-10페이지)을 제외하고는 2쪽 정도만 쓰면 되는 거라 크게 부담이 되지는 않습니다만 소재, 주제를 학기 동안 정기적으로 떠올려야해서 글쓰기를 힘들어하는 저에게는 조금 어려웠습니다. 그러나 이 과정으로 크게 성장한 게 또 느껴지네요. 학우 분들과의 토의도 즐거웠고 선생님 설명도 유익해서 많이 배워가는 수업입니다!"
동서양 명작 읽기,박하림,21,Spring,5.0,글 정말정말 못썼는데 에제면 만족합니다 교수님 정말 착하시고 결석 2번 이유없이 가능해요
동서양 명작 읽기,박하림,21,Spring,5.0,"1학년 때 들었다면 가장 좋았을 강의 1위로 꼽고싶습니다. 인문학적인 배경지식과 소통과 토의의 재미, 글쓰기 훈련까지 모두 얻어갈 수 있는 강의입니다. 선을 잘 조절해서 일명 꿀빨기 위해 들어도 성과를 얻을 수 있는 과목입니다만, 저는 200프로의 노력을 들여서 에이쁠을 받았습니다. 첫째로, 학생들을 배려해주시고 좋은 강의 내용을 구성해주신 교수님께 죄송스럽고, 둘째로, 그렇게 듣고 버리기에 이 강좌는 너무 아까운 강좌이니까요."
동서양 명작 읽기,박하림,21,Spring,5.0,"수업도 물론 좋았지만, 교수님께서 정말 수강생들을 진심으로 대해주시는게 느껴져서 수업 내내 너무 즐거웠던 것 같아요.. 비평문 과제 하나하나 읽어보시고 피드백 주시는 게 쉬운 일이 아닌데 교수님, 조교님께서 꼼꼼히 달아주셔서 유익한 시간이였네요! 학점도 정말 잘 주시는 것 같아요:) 학점을 떠나서 한학기동안 기다려지는 유일한ㅎㅎ 수업이여서 참 고마웠어요! 교수님 이제 강의 안하시는 게 개인적으로 아쉽네요ㅠㅠ 다른 강의들도 들어보고 싶었는데ㅠㅠ 여튼 너무 따뜻하면서도 배울 것이 많은 강의였습니다!!"
동서양 명작 읽기,박하림,21,Spring,5.0,"수업 내용도 유익하고 교수님 강의력도 훌륭하십니다. 과제는 한 학기에 비평문 4개 (공통1개+자신이 읽은 책3개) 쓰는건데, 자신이 고른 책 수업하는 주에만 과제하면 돼서 크게 부담 없습니다! 기말고사는 레포트 대체였는데, 자신이 썼던 비평문을 더 발전시키는 건데 크게 어렵지는 않았습니다. 저는 독서에 관심도 없고, 글쓰기도 정말 못해서,, 다른 분들 과제글 보면서 걱정했었는데, 나름대로 열심히 노력해서 그냥 생각한 대로, 느낀 대로 쓰다보니까 좋은 성적 주셨습니다ㅎㅎ"
동서양 명작 읽기,박하림,21,Spring,5.0,박하림 교수님 정말 천사이십니다..ㅠㅠㅠ 이제 더이상 수업을 안하신다는 사실이 너무 슬프네요 ㅠㅠ
동서양 명작 읽기,박하림,21,Spring,5.0,평소 문학작품이라곤 거의 읽지 않던 학생인데도 행복한 수업이었습니다. 글쓰기가 괴로울 순 있으나 수업에서 다루는 내용만으로도 다양한 관점을 배울 수 있어 좋았습니다. 한 학기동안 정말 행복했습니다.
동서양 명작 읽기,박하림,21,Spring,5.0,"교수님 진짜 최고ㅠㅠㅠ 진짜 좋으셔요!!  대학생으로서 책 여러 권 읽어보겠다는 목적도 이뤄낼 수 있었고 성적도 잘 받아갑니다!! 한 학기 내내 다른 분들 글 너무 잘 쓰셔서 살짝 기죽기도 했는데 이런 저에게도 성적 잘 주신 거 보니까 학점 잘 주시는 거 같아요! 평소에 문학, 사회학 관심 있었는데 수업내용도 너무 흥미롭고 좋았습니다. 무엇보다 부담 안 가지고 편하게 들을 수 있어서 행복했어요!"
동서양 명작 읽기,박하림,21,Spring,5.0,"진짜 교수님이 너무 좋으세요.. 학생들을 배려해주시는 모습이 인상적입니다 정말 최고시고, 피드백도 잘해주십니다! 로드는 3주에 한 번 비평문 쓰는 정도이고 딱 적당한 것 같습니다!! 학점도 잘 주시는 편같아요 정말 한학기 내내 행복했습니다"
동서양 명작 읽기,박하림,20,Fall,5.0,글을 쓰시는 거 자체를 힘들어하시는 분들은 비추입니다ㅠ 그러나 개인적으로는 시험도 없고 비평문 몇 개랑 기말 비평문 한개만 써도 돼서 부담도 없고 책도 읽을 수 있어서 좋았어요 기말 비평문도 그냥 뭐 크게 글을 잘 쓸 필요도 없는 것 같고 적당히 책 읽고 열심히 쓰면 성적도 잘 주십니다 추천합니다!
동서양 명작 읽기,박하림,20,Fall,5.0,"지금까지 들었던 수업 중 가장 재미있고 유익하게 들었습니다. 문학, 사회학 좋아하는 저로써는 매주 책도 읽고 관련된 전문 지식도 배워가고 정말 최고였습니다! 교수님도 정말 천재 같으시고, 무엇보다 학생들을 너무 잘 챙겨주셔요. 학점의 경우 저는 에쁠 나왔는데 평소에도 문학 자주 읽어왔고 비평문 스타일 글 작성에 큰 어려움을 느끼지 않아 그랬나 싶기도 해요. 설사 학점이 낮게 나왔어도 수업 내용만으로도 충분히 추천하고 싶은 강의입니다!"
동서양 명작 읽기,박하림,20,Fall,4.0,"수업 너무 흥미롭고 유익한 건 맞는데 꿀강인진 모르겠어요...ㅠ 일단 거의 2주마다 책 한 권 읽고 비평문 써야하는데 이게 저는 너무 힘들더라고요 책 하도 안 읽어서 수강신청한 건데 사람이 쉽게 안 고쳐집데다... 교수님 너무 친절하시고 조교님도 피드백 잘해주셔서 비평문 잘 쓰고 책 꾸준히 읽을 자신 있다면 추천"
동서양 명작 읽기,박하림,20,Fall,5.0,"수업 : 매 시간 작품 하나에 대한 이야기를 해요. 세 시간짜리 강의라 조금 지루할 수 있는데 수업이 1부와 2부로 나뉘어있어서 1부에서는 배경지식을 공부하고 2부에서는 내용에 대해 이야기를 나누어요. 캠은 켜달라 하셨는데 나중엔 크게 상관 안 하셨던것 같아요.  과제 : 동명읽에서는 한 학기에 총 9작품을 다루는데 우리는 그 중 4작품만 읽으면 돼요. 이를 읽고 비평문을 작성해야 하는데 다들 두 페이지 꽉~ 세 페이지 초반 정도 작성하더라고요. 비평문에는 작품에 대한 질문도 덧붙여도 돼요. 어쨌든 이틀 전까지 제출하면 수업 전에 교수님과 조교님께서 피드백을 해주세요. 사족이지만 조교님은 일본 분이셨는데 한국어에 정말 능통하셔서 놀랐어요. 이번 학기엔 기말고사 대신 저희가 제출한 4개의 비평문 중 하나를 골라서 어느 방향으로든 발전된 모습을 보이는 5~10페이지 정도의 비평문을 제출하는 과제가 주어졌어요. 그런데 전 4.2페이지 제출했는데 에쁠 주시더라고요. 분량보단 내용이 중요하다 하시니 앞에서 좋게 평가받았던 점을 확장시키는 게 가장 좋은 것 같아요.  생전 안 가던 도서관에도 가보고 이제 주변 사람들에게도 당당히 추천할만한 책이 생겼어요. 기말고사가 다시 시행된다면 모르겠지만 전 최고의 꿀강이라고 생각합니다. 후회 안 하실거에요."
동서양 명작 읽기,박하림,20,Fall,5.0,"빛..! 강의도 정말 알차고 명작인 책들도 읽을 수 있었고 원하는 작품 네 권에 대해서만 비평문 쓰면 되어서 로드도 적다. 비평문도 길게 쓸 필요도 없고 자유롭게 성실히 쓰기만 하면 점수 잘 주시는것 같다. 비평문마다 조교님이랑 교수님이 피드백도 잘 달아주시고 수업시간에 같이 생각해볼만한 점들도 이야기해주셔서 좋았다.  학점도 정말 잘 주시는 것 같다.  결석 1번, 과제 다 제때 제출, 기말과제 마감 당일날 써서 제출해서 에이쁠.,!"
동서양 명작 읽기,박하림,20,Fall,5.0,"5점을 드릴 수밖에 없는 강의입니다.  수업의 밀도가 매우 촘촘하고 유기적이며 책과 관련된 주변 지식들도 쉽게 이해할 수 있어서 좋았습니다.  저는 솔직히 관악 최고 명강으로 손색이 없다고 생각합니다.  교수님도 정말 천재 같으시구요 수강생들에게도 관심을 많이 가져주셔서 정말 감사했습니다.  성적도 잘 주십니다! (1회 결석, 과제 지각 제출 및 미제출 0, 한 회 수업에 2번 정도씩 대답해서 에이쁠 받았습니다!) 앞으로 교수님이 하시는 동명읽 강의는 어떨지 궁금하지만 못 듣는다는 게 좀 아쉽네요ㅠㅜㅜㅜ 정말 최고의 강의입니다 올해 제가 제일 잘한 선택일 거예요"
동서양 명작 읽기,박하림,20,Fall,5.0,천사 그자체. 글 잘 썼다고생각도 안들고 걍 내가 느낀바를 작성했는데 학점은 예상한것보다 훨잘나옴 ㄹㅇ 천사 그자체
동서양 명작 읽기,박하림,20,Spring,5.0,수업시간이 기다려졌습니다. 재미있고 유익했어요!! 책을 즐기는 법을 배웠습니다~~~~
동서양 명작 읽기,박하림,20,Spring,5.0,가볍지만 깊이 있는 문학교양. 밑에 분들이 과제나 시험은 자세하게 설명해주셔서  생략. 이번 학기에 들은 강의 중에 제일 뭔가 들을때 설레는 강의였음. 이거 듣고 다음학기에도 꼭 문학교양 듣고싶다고 생각하게 됨. 문학 작품 원래 그냥 술술 읽어버리고 덮었는데 앞으로 하나하나 짚으며 읽을 수 있을 것 같음. 교수님 강의 후 수강생간의 토의로 이루어지는 강의라 같이 듣는 학우분들이 어떤지도 수업 분위기에 영향을 많이 미치는 듯함. 비대면인데도 교수님께서 학생 한명한명 기억해주시고 친해지시려고 하시는 것 같아서 너무 감동적... 그리고 교수님 너무 유쾌하시고 멋있으심. 책 나름 좋아하고 글쓰는거 크게 안 싫어한다 하는 분들 엄청 추천합니다. 추천 !!!!!!!!! 사실 6점을 드리고싶네요 !!!!!!
동서양 명작 읽기,박하림,20,Spring,5.0,"킹갓빛하림... 매주 책을 읽어야 하는 게 아니라 첫주 공통 하나 읽고, 둘째주부터는 네 그룹(한 그룹당 2~3권) 중 그룹 당 한 권만 읽으면 됩니당 그래서 2~3주에 비평문 하나다 보니까 별로 부담이 크진 않았어요! 그리고 글을 뛰어나게 쓰지 못하더라도 열심히만 쓰면 성적에 영향이 크지 않은 거 같습니당 (저는 엄청 못 쓰지도 않고 잘 쓰지도 않고 그냥저냥 하고싶은 말 썼어요) 기말대체과제는 작성했던 비평문 중 하나를 발전시키는 거랑, 명작의 기준은 무엇인지에 대한 짧은 글을 작성하는 거였어요! 이미 썼던 비평문을 확장하는 거라 과제가 별로 어렵진 않았습니다 쓰는 것보다 뭘 고를지 고민하는 게 가장 오래 걸렸어욬ㅋㅋㅋ 저는 단순암기를 정말 싫어하는데, 이 수업은 배워가는 건 많고 암기할 건 없는 수업이라서 좋았습니다! 문학을 잘 알지 못하는 분이어도 관심만 있으시다면 부담없이 들을 수 있는 수업이에요:) 꿀강이고 명강입니다!!!"
동서양 명작 읽기,박하림,20,Spring,5.0,"진짜 비평문도 처음 써보고, 글도 잘 못쓰고, 책도 많이 읽어본 적 없었는데 책 한 번 읽고 싶어서 이거 신청했거든요?! 근데 책도 한 학기에 5번만 읽으면 되고, 수업시간에는 그냥 책 읽고 토론하고 서로 얘기하고, 교수님이 문학적인 부분 살짝 설명해주시고 그러는거여서 짱 재밌어요!!  비평문 쓰는 것도 엄청 걱정했는데 책 열심히 읽고 쓰면 문제 없어요! 교수님이랑 조교님이 피드백도 해주셔서 그거 참고해서 글 쓰면 점점 비평문 쓰는 거 편해져요! 저도 처음에 엄청 어려웠는데 점점 쓰는 법도 터득하고, 부담 사라졌아요!! 저는 비대면이라 기말고사 없었고, 대체과제 2개 있었어요. 비평문 보완이랑 명작의 기준 쓰는 거였는데, 큰 부담 없었어요!  수업시간에 지각 없이 잘 참석하고, 비평문 열심히 쓰고, 기말고사 잘보면 점수는 잘 주시는 것 같아요! 전 지각 한 번 하고, 비평문 다 제출기한 맞추고 열심히 쓰고, 기말고사 대체과제도 교수님 피드백 바탕으로 열심히 쓰고 하니까 에쁠 나왔어요!!! (제 글쓰기 실력과 문학 실력으로는 나올 수 없는 점수..ㅎ)   물론 책 읽기 싫어하고, 수업시간에 막 토론하고 그런거 싫어해서 책 잘 안 읽고 비평문 대강 쓰거나, 참여 제대로 안하면 점수는 안나오겠죠. 하지만, 열심히 하면 점수는 잘 주시는 어느 정도 꿀강이자 명☆강 이랍니다!! 들어보세요!!"
동서양 명작 읽기,박하림,19,Fall,5.0,"갓하림 교수님의 갓 명작 읽기 강의입니다. 개인적으로 이번 학기가 다른 강의들의 로드와 시험, 개인적 공부 등으로 상당히 고달프고 힘들었는데, 해당 강의는 제게 여러모로 힐링이 되는 강의였습니다. 그만큼 좋은 강의이고 교수님과 조교님도 상당히 수강생들이 조금이라도 얻어가고 편할 수 있도록 도와주십니다. 자세한 평은 아래에 남겨두도록 하겠습니다.  강의: 우선, 강의는 강의계획서에 적혀있는 책들을 수강생들이 읽었다는 전제 하에서 진행되는 것 같습니다. 물론, 그 책을 읽지 않더라도 큰 문제가 없으며, 수강생들마다 자신이 속한 조에 대응되는 과제 및 시험문제(과제 및 시험 부분에서 해당 지점은 상술하도록 하겠습니다.)를 부여받기에 자신의 조에 할당받지 않으나 강의에 대응되는 책을 읽지 않아도 큰 문제는 없습니다. 다만, 조금이라도 무언가를 얻어가고자 하는 학생이라면 책을 미리 읽고 수강하는 것이 큰 도움이 됩니다. 저 역시 강의계획서에 있는 책들을 이미 읽었거나 강의를 수강하면서 읽었는데, 강의 때 교수님이 이야기하신 부분에서 새로운 관점에서 바라보거나 기존 관점과 유사하나 디테일면에서 약간 다른 생각들을 전개해볼 수 있었습니다. 특히, 마지막에 테드 창의 ""당신 인생의 이야기""를 다루면서 소쉬르, 라캉의 이론에 대한 설명까지 이어졌는데 당시 ""실재의 사회적 구성"" 앞부분을 읽으면서 언어에 대한 사고를 접하고 있던 제게 그러한 설명은 언어를 다른 관점에서 볼 수 있게 하는(소쉬르의 이론을 아예 모르는 것은 아니나 라캉의 이론의 설명 측면에서 특히) 역할을 해줬습니다.   또한, 제게 인상깊었던 것은 이번 강의에서는 현대 한국 문학에 대해서도 다소 다루었다는 것입니다. 여기서의 현대 한국문학은 70~80년대 근현대 한국 문학 이외에도 웹툰, 웹소설과 같은 2000년대 한국 문학까지 아우르는 것인데, 교수님께서 이쪽 분야를 연구하고(연구했던?) 계신 것이 반영된 듯 합니다. 2000년대 한국문학이 아무래도 강의에서 주제로 등장하기 어려우나 교수님의 강의는 그러한 2000년대 한국문학에 대한 이야기를 담고 있다는 점이 특징적이라고 할 수 있겠습니다.  다만, 아무래도 교양강의이고 강의실이 강의에 배정된 인원에 비해 커서 분위기가 루즈하게된 측면이 있긴 합니다. 더불어 그러한 분위기에 따라 강의를 안듣고, 핸드폰을 하거나 잠을 청하는(?) 학우분들도 계셨습니다. 개인적으로 저 따위가 그런 분들에 대한 평가를 하는 것은 부적절하다고 생각하나, 의미있는 강의를 그런 식의 태도로 받아들이는 것은 다시 생각해볼 문제일 겁니다.  과제 및 시험: 과제는 우선 각자 조를 배정받고, 그 조에 할당된 책들 혹은 공통으로 배정받은 책을 읽고 비평문을 남기고 다른 학우들의 글에 댓글을 남기는 것입니다. 책들은 이번 강의의 경우 총 4권을 배정받았는데, 3권은 각 조에 별도로 해당되는 것이고 나머지 1권은 ""무빙& 브릿지"" 와 ""당신 인생의 이야기"" 중에서 개인이 선택하는 것이었습니다.   과제가 꽤 많다고 생각하실지 모르나, 독서의 경우 다음 턴이 오기까지 2~3주 간의 기간이기 때문에 그리 부담되지 않을 뿐 아니라, 글쓰기의 경우도 교수님과 조교님이 학생들의 수준과 강의가 교양이라는 것을 감안해서 성적을 부여해주시기에 그리 글 자체에도 그리 부담을 안가져도 됩니다. 즉, 과제 자체의 경우 성실하고 제대로만 이행하면 충분히 따라갈 수 있는 정도입니다. 댓글 작성의 경우도 그리 부담스럽지 않은 정도입니다.  시험의 경우 ‘그리’ 어렵지는 않았습니다. 물론, 누군가에게는 엄청 어려웠을 수도 있고 누군가에게는 그렇지 않다는 상대성을 그냥 넘길 수는 없긴 합니다. 그런데, 그냥 책 읽기만 했으면 풀 수 있는 문제와 한 번 더 꼼꼼히 읽었어야 하는 문제, 그리고 강의 중에서 교수님이 이야기하신 부분과 관련된 문제가 출제되기에 막 그렇게 어렵다고 할 정도는 아닙니다. 물론, 약간의 팁을 알려드리면 다른 조 작품도 읽으시면 한결 수월할 겁니다. 자기 조 문제를 못풀면 다른 조 문제를 풀면되니까요!  총평: 꿀강과 명강 사이 어느 내분점에 위치한 강의라고 저는 생각합니다. 특히, 책을 좋아하시고, 계획서에 있는 책들을 이미 어느정도 읽으신 분들에게는 정말 편하게 느껴질 겁니다. 더불어 교수님이 수강생들과 친해지시려고 많이 노력하십니다! 다만, 정말 꿀강만을 찾거나 수업을 성실히 듣지 않으실 분들을 수강을 재고하시기 바랍니다. 더불어 책을 읽는 것을 정말 싫어하시고 글쓰는 게 역겹다고 생각하시는 분들도요. 그렇지만 않다면 교양으로서 책을 읽고 생각을 나누는 정말 괜찮은 강의라고 생각합니다."
동서양 명작 읽기,박하림,19,Fall,5.0,교수님 진짜 좋아요! 수업도 널널하고 학점도 퍼주시는듯..?
동서양 명작 읽기,박하림,19,Fall,5.0,개씹갓킹꿀강이지만 내가 열심히 안해서 비마맞을듯^^데헷^^
동서양 명작 읽기,이유경,22,Spring,4.0,"많은 것을 얻어갈수는 있으나, 너무 많아서 아무것도 얻어가지 못할 수도 있는 강의 입니다. 여러 명작들에 대해서 많은 것들을 알려주시고 토의도 하는 등 많은 것들을 하며, 그만큼 로드도 많은 강의입니다. 명작들을 소개할 때 책이 나온 배경과 그 시대의 흐름 부터 여러 철학적 요소들을 소개해주시는데, 양이 상당히 많아 저의 경우 일정 시점 부터 머리에 들어오는게 거의 없다 싶이 했습니다. 이 점을 떠나면 강의력도 매우 훌륭하시고, 성적도 열심히 하면 어느정도 잘 주시는 것 같아, 교양 과목을 들어야 할 때 두번째 선택지로는 충분히 좋은 강의인것 같습니다."
동서양 명작 읽기,이유경,22,Spring,4.0,"1점뺀건 과제가 좀 많았어서에요 배울게 많았던 강의였습니다. 막판 에세이를 솔직히 조금 아쉽게 써서 납득할만한 비쁠 받았는데요, 그거랑 별개로 많은걸 얻어가서 별 불만도 불평도 없습니다. 단지 장편 1 + 단편 3이 생각보다 적은 로드는 아니라 미리미리 읽으시는거 추천드려요"
동서양 명작 읽기,이유경,22,Spring,5.0,"책 읽고 에세이 4번 쓰는 게 힘들 수도 있지만 그만큼 얻어가는 게 많은 강의입니다. 강의력도 정말 좋으시고 매 수업마다 생각할 거리를 던져주시는데 이것도 의미있는 내용들이라 좋았습니다 무엇보다 학생들의 의견을 최대한 존중해주셔서 부담 없이 생각을 말할 수 있었던 점이 제일 좋았어요."
동서양 명작 읽기,이유경,22,Spring,4.0,"과제 지각 제출 1회 출석 지각 1회했는데 에쁠 떴어요  근데 교수님이 이번 학기까지만 강의하신다 그래서 자세히 쓰는게 의미있을지 모르겠네요ㅠㅠ 들어본 강의 중에 배워가는게 제일 많은 강의였다고 생각하는데 그만큼 생각을 위한 시간도 노력도 많이 드는 강의였습니다  로드 전혀 적지 않구요 그래서 1점 뺍니다  다만 교수님과 수업에 관해서는 5점이 모자람 너무 명강이었음 교수님의 강의 준비가 꼼꼼하시고 정성스러우심"
동서양 명작 읽기,이유경,22,Spring,5.0,"진심을 다해야하는 명강입니다 개인적으로 과제가 힘들었지만 그만큼 배워가는게 많았어요 ! 힘들었지만 그만큼 뿌듯했고 더 많은 걸 배울 수 있었어요 교수님이 되게 꼼꼼하셔서 성적이 걱정됐는데 A+ 받을 수 있었습니당 시험은 정말 자기생각을 서술하는 형식이었어요"
동서양 명작 읽기,이유경,21,Spring,5.0,제가 들어본 강의 중 정말 최고의 명강... 왜 이때 강의 녹화 안했을까 후회될 정도로 가끔씩 생각나고 다시 듣고 싶어져요
동서양 명작 읽기,이유경,21,Fall,5.0,"들어본 모든 인문대 강의 중 가장 추천하고 싶습니다. 교수님은 상당히 꼼꼼하고, 체계적이고, 합리적인 분이십니다. 실질적으로 수업이 어떻게 나아질 수 있을지 많이 고민하신다는 게 수업 전반에 느껴졌고 인생에 길이 남을 명강인 것 같습니다. 대충 추상적이고 감상적인 논의로 흐르는 몇몇 여타 교양수업들과 달리 조리있고 명확하게 하나하나 설명해주시면서도 과한 정보량은 아니어서 저는 너무 좋았습니다. 수업은 간략히 말하면 한 주에 1차 교수님의 강의, 2차 소그룹 토론을 하는 식이었는데 소그룹 토론 때 주제를 구체적으로 정해주시고, 편하게 의견을 이야기할 수 있는 분위기라 부담이 없었습니다. 강의는 작가의 삶, 해당 시대/문화권에 영향을 미친 철학, 중요한 문학적 메타포 등 다양한 층위에서 책의 핵심을 관통하는 법을 배웁니다. <마음>과 일본 무사문화의 ‘수치’를, <테레즈 라캥>과 라캉의 정신분석학을, <페스트>와 허무주의 철학을 연결했던 내용 등이 기억이 나네요. 이 수업만의 또다른 장점이라고 한다면 수업시간을 단 1분도 오버하신 적이 없다는 점(반대로 일찍 끝난적도 없습니다 ㅋㅋ), 학생들이 직전에 해온 과제내용이 즉각 반영된 ppt로 학우분들의 감상을 수업내용에 자연스럽게 녹여내신 점, 자료는 반드시 수업 전에 매번 게시하고 매번 etl과 web발신 메시지로 필요한 준비사항을 공지해주신 점 등이 있습니다. 물론 자기 조에 할당된 3권의 책에 대해 총 3번 에세이를 작성하고(2페이지), 기말고사도 봐야 하긴 하지만 단편과 장편(그리 길지 않음)이 적절히 섞여있고 사이에 책 읽으라고 휴강기간도 주시기 때문에 큰 부담은 아니었습니다. 강의계획서에 있는 리스트에서 각 조에 배치된 책 한권 정도씩만 읽어놓고 들어가면 굉장히 편하게 수업 들으실 수 있을 것 같습니다. 저는 에세이 한 번 30분 정도, 수업도 한 번 30분 정도 지각했지만 에세이도 열심히 써서 나름 좋은 평가를 듣고 소그룹 토론 때 열심히 참여했더니 A+ 주셨습니다. 추가점수 주신다고 줄거리요약과 등장인물 소개 발제 역할을 돌아가면서 맡게 하시는데 그 영향도 큰 것 같습니다."
동서양 명작 읽기,이유경,21,Spring,5.0,"교수님이 친절하십니다. 질문도 많고 고민도 많았는데, 다 받아주십니다. 두 시간 넘게 상담 받았는데 정말 인상 깊었어요. 조교님도 꼼꼼하게 피드백 다 해주시고, 에세이 실력이 느는 게 느껴져서 만족스러웠어요. 명작 수업이라 딱딱하고 재미없을 것 같았는데 토론도 흥미롭고 같은 학기에 들었던 다른 소설 수업이랑 비교했을 때 비대면 수업임에도 학생들 간에 토론도 훨씬 활발하고 배우는 것도 많았습니다. 단지 A+ 주셔서 그런 게 아니라 그냥 책 읽고 분석만 하는 게 아니라 자기만의 생각과 해석을 존중한다는 점에서 제일 맘에 들었던 수업. 아울러 다른 학생들의 의견을 들어보는 게 중요한 수업이라서, 특정한 틀에 맞춰서 읽는 수업에 질린 분들은 이 수업 꼭 들어보시길..!"
동서양 명작 읽기,이유경,21,Spring,5.0,"제목은 들어봤지만 미처 읽지 못한 명작들을 읽어보고 싶다면, 혹은 읽어는 봤지만 천편일률적인 해석에 지쳤다면 이 수업을 추천합니다. 혼자 읽을 때 그냥 지나쳐 버린 포인트에서 교수님의 새롭고 깊이 있는 해석이 너무 좋았습니다. 이 수업을 통해 책을 비판적으로 그리고 다양한 시선으로 꼼꼼하게 읽는 습관을 들일 수 있었습니다. 리스트에 책은 많지만 조를 나눠서 하기에 한 학기동안 읽는 책은 4권 정도 입니다. 에세이 쓰기로 시험을 대체했습니다. 에세이도 선생님이 다 읽어보시고 코멘트까지 일일이 해주십니다. 에세이를 쓰면서 실력이 점점 늘어 가는 것이 느껴져서 만족스러웠습니다. 우수 에세이를 공유하고 각자의 생각을 말할 수 있는 기회가 많아서 학우들의 다양한 시각을 알 수 있어서 좋았습니다.  일대일 상담의 기회도 있는데 이 역시 유익한 시간이었습니다. 강추!"
동서양 명작 읽기,이유경,21,Spring,5.0,우왕... 사실 과제 지각 몇 번 해서 점수 낮을까봐 속앓이했는데ㅠㅠㅠㅠ 그래도 기말 에세이에서 열심히 했다고 보너스 점수를 얹어주셨어요... 깜짝 보너스에 눈물 흘리고 졸업합니다ㅠㅠㅠ이유경 교수님 그저 빛..!!!
동서양 명작 읽기,이유경,21,Spring,3.0,"자세한 내용은 강계를 참고하시고 이번 학기는 기말 시험을 ㅋㄹㄴ 때문에 에세이로 대체하셨습니다. 학기가 끝나고 성적 산출하실 때 제가 받은 점수를 표로 정리해주셔서 성적을 납득하기에 좋았습니다. 다만 학기 중에는 어떤 점수를 받은 지 알 수 없어서 잘하고 있는지 의아했습니다. 피드백을 달아주시긴 하니까 참고하시면 도움됩니다. 인용법을 배우고 싶으신 분들은 들어보세요. 대학 글쓰기 수업보다는 문학에 초점이 맞춰져 있어서 책 읽고 글 써보고 싶은 분들은 들어보시길 추천드립니다. 교수님께서 선정한 책의 작가 설명+책의 주제로 수업이 진행됩니다.  교수님께서 요구하시는 과제들이 오래걸리진 않지만 자잘한 것들이라서 그런거 성실하게 못챙기시는 분들은 추천드리지 않습니다. 매우 꼼꼼하게 체크하시는 듯해요. 특정 주제나 장면에 대해 자유롭게 토론을 나누는 방식의 수업은 아니니 참고하시고, 들으실 분들은 방학 때 미리 책 읽어보시길!"
동서양 명작 읽기,이유경,20,Fall,5.0,"최고로 재미있게 들었습니다! 일단 책들이 다 한 번씩 들어본 유명한 책들이라서 큰 부담없이 교양으로 딱이었어요. 책은 총 12권? 정도인데 조별로 나눠서 읽는 거라 실제로 읽은 책은 4권 정도라서 힘들다는 느낌은 없었네요. 그리고 이번 학기는 비대면이라 그런지 무엇보다도 시험이 없어서 이게 제일 큰 장점이었습니다. 대신 기말에세이가 있었는데 과제 제출한 에세이에서 확장하면 된다고 하셨어요. 그래서 기말은 정말 편하게 했어요!!! 분량 1-2페이지 더 늘려서 쓰니까 점수도 잘 주시고 코멘트도 좋게 해주셨습니다. 퀴즈도 오픈형ㅎㅎ 제일 좋았던 건 교수님께서 직접 해주시는 상담이었는데, 비평문 쓸 때 이런 점이 고민이다, 문학 비평에 도대체 어떻게 접근해야할지 모르겠다고 하니 제 과제물에서 어떤 점을 더 보완하면 좋을지 알려주셨고, 대신 이런 부분은 큰 장점이니까 더 발전시켜보라고 해주셔서 감동이었어요. 저는 추가로 상담 신청해서 총 2번 상담했습니다. 이 수업에서 제일 재밌었던 게, 분명 문학 수업인데 당대 여자들의 모자나 자동차 운전같은 사생활 얘기로부터 끄집어내는 작품 해석이 너무 신기했어요. 헤겔 철학도 인용된 적 있는데 너무 쉽게 설명해주셔서 아직도 기억에 남습니다. 살면서 꼭 읽어야 하는 책이라는데 읽을 시간이 없다, 아니면 누가 좀 쉽게 떠먹여줬음 좋겠다, 나도 그럴듯한 비평문 한 번 써보고 싶다 하시는 분들에게 강추입니다. 세상이 다르게 보입니다 ㅎㅎㅎ"
동서양 명작 읽기,이유경,19,Fall,2.0,"다시는..듣고싶지 않아요.... 물론 지하철에서 통학할 때 책 읽는 좋은 습관을 한학기 동안 가질 수 있었습니다. 하지만 2주마다 책 한권씩 읽고 2페이지 짜리 비평문 쓰는게 절대 쉬운 일이 아니었어요. 한 학기동안 각 조당 4권의 책을 다루게 되는데, 자기 조에 해당하는 책이 아니면 수업에 집중하기 어렵습니다. 그런데 남의 조 책도 시험문제에 다 나옴...^^ 심지어 시험문제도 지엽적이고 어렵습니다ㅜ전 이 수업 때문에 이번 한학기가 넘 힘들었어요.......책 읽는거 좋아하시면 추천. 배워 가는 것은 많았지만 학점도 끊어주시고, 하,,,,여튼 힘들었음"
동서양 명작 읽기,이유경,19,Fall,4.0,"수업 진짜 열심히 들었습니다. 토론수업이라 항상 앞자리에 앉아서 질문도 많이 했어요. 그래서 교수님이 제 전공까지 외우실 정도여서 A+ 받았는데 올해 처음 수업하셔서 학점을 넉넉하게 주시는 것 같지는 않았습니다.  수업은 책 총 11권을 공통2권중 1권, 그리고 나머지 9권을 3조로 나누어서 한학기동안 읽는 수업이었습니다. (결국 한명당 꼭 읽고 발제해야하는 책은 총 4권) 자기 조가 담당한 책은 그 주에 읽고 수업 전까지 3쪽짜리 서평을 써서 이티엘에 제출해야하는데 책 내용을 쓴다기보다는 저기만의 감상을 써야해서 조금 까다로웠고, 인용법도 엄청 꼼꼼하게 채점하십니다.  중간고사는 없고 기말고사 한방인데 기말고사가 되게 지엽적으로 나왔어요. 예를 들면 책에 한문단 떼어다놓고 빈칸 뚫은 다음에 거기에 들어갈 단어를 쓰는 문제가 나왔습니다. (책을 읽었으면 유추할만은 한데 그래도 생각 안날법한 부분도 많았어요) 수업 내용 자체는 잘쓴 에세이 낭독+문학사 개괄+책 속에서 토론할만한 것들 위주로 교수님 강의+학생들 토론이어서 교양수업다운 교양수업이었습니다. 생각해볼 거리가 많아서 좋았어요.  수업 내용도 좋고 학점도 잘 받았지만 책의 분량이 상당해서 로드가 좀 있어서 별 하나 뺐습니다."
동서양 명작 읽기,박정준,19,Spring,3.0,"시험만 따지면 교수님께서 강의하시는 그 잠깐만 들으면 되는 거라, 3시간 중 달랑 20분만 들으면 되는 수업이었습니다. 하지만 열심히 참여해야만 좋은 점수를 받을 수 있을 듯합니다,,, 저는 대부분 졸면서 보냈더니 비쁠을 주셨더라고요,,!! 시험을 딱히 망친 것 같지 않은데 그런 걸 보면 서평 첨삭에서 발전이 없었고 글에 정성이 부족했던 부분을 크게 깎으신 것 같아요. 열의가 있다면 좋은 강의일지 모르겠지만 같은 내용이 다소 반복된다는 느낌에, 수업의 꽤 많은 부분을 차지하는 다른 학생들의 대답 소리가 작아서 잘 안들린다,, 지루하다,,라고 느끼기 시작한 순간 답이 없어지는,, 강의입니다 ㅠㅠㅠ 하지만 열심히 하면 많이 배울 수 있을 것 같습니다."
동서양 명작 읽기,박정준,18,Spring,5.0,"우선 이 수업에서는 선생님께서 매주 첨삭을 정성껏 해주시는 게 큰 장점입니다. 저희 학과 학생들이 여럿 함께 들었는데요. 다들 처음에 글을 썼을 때보다 학기 후반에 갈수록 학문적 글쓰기를 하는 게 수월해진다는 평을 했습니다. 선생님께서 인간미 있고 열정적으로 강의해주셔서 의지가 고무되는 게 좋았습니다. 더불어, 판에 박힌 명작 읽기 수업이 아니라 문제작들을 창의적으로 읽는 게 좋았습니다."
동서양 명작 읽기,박정준,18,Spring,5.0,"수업 재미있습니다! 일단 수업에 최대한 많은 학생들이 참여할 수 있도록 도와주시고,  여러 사람들이 써온 글 들어보면서 코멘트도 잘 해주시고 언제든 글이나 과제 같은 거 보내면 첨삭도 친절하게 해 주십니다! 그리고 엄청엄청엄청엄청 귀여우십니다...! 말투도 완전 졸리지 않으면서도 조곤조곤하시고 무슨 말만 하면 다 받아주십니다ㅜㅜㅜ 정말 열심히 듣고싶어지는 강의에요 시험은 기말 한 번만 봤고, 과제는 한 학기에 책 4권읽고 해당하는 주에 서평 제출하는건데, 책들이 막 고전 엄청 어려운 그런거보다는 그냥 쉽게 지하철에서도 읽을 수 있는 것들이어서 그렇게 부담되지는 않았어요! 또 그거 제출 못해도 다른 때에 제출해도 괜찮습니다. 제가 까먹고 제출 안한 적 있었는데 그냥 다른 책 읽어오라고 해주시고 감점도 안하신 것 같아요! 시험문제도 다 찍어주십니다. 그냥 매시간 뭐가 나올건지 얘기해 주시고, 약간 일관된 주제들이어서 여러 개 겹치기도 합니다. 시험은 그냥 책 내용에 배웠던거 적용하는 것 정도? 아무튼 진짜 좋아요ㅎㅎ"
동서양 명작 읽기,조시정,19,Spring,3.0,세계문학 작품 여러 권을 한 번 읽어보고 싶다는 강한 열망을 가진 분들 이외에게는 그렇게 추천해 드리고 싶지 않습니다. 자기 파트가 아닌 수업 시간에는 몰입도가 많이 떨어지는 게 사실입니다.
동서양 명작 읽기,조시정,19,Spring,1.0,"3주에 한 번씩 3페이지 레포트 제출해야하고 기말은 지엽 중의 지엽입니다 자신의 조에 해당하는 수업이 아니면 몰입하기 꽤 힘든 수업 시스템입니다 성적은 ㄹㅇ 장미칼 꿀강이 목적이라면 피하세요"
동서양 명작 읽기,조시정,17,Fall,5.0,"다루는 책은 10권이지만, 조별로 읽어야하는 책을 분배해주시기 때문에 실제 읽는 것은 4권입니다. 그 4권에 대해서는 A4 2장짜리 감상문을 작성하고 수업시간에 학생들이 가져온 질문을 중심으로 토론을 하게됩니다. 다른 조 학생들은 토론을 청강합니다.  교수님께서 학생들과 거리를 좁히시기 위해 많이 노력하시고, 꼼꼼하게 잘 챙겨주십니다. 매 감상문에 대해 코멘트를 남겨주시고 토론도 잘 이끌어주십니다. 마지막 수업 때는 파스쿠치에서 학생들이 개별적으로 원하는 음료를 사주시고 총평회..? 비슷한 시간을 가졌습니다.  시험은 객관식과 서술형으로 나뉘는데 서술형 문제는 시험 전에 알려주십니다. 객관식은 1) 10권 전체를 다루는 파트 2) 각 조별로 읽은 책에 대해 조금 더 깊게 다루는 파트 로 구성됩니다. 2) 부분은 조별로 푸는 문제가 다른 것이죠. 작가에 대한 정보를 묻는 짜잘한 질문들도 나와 당황했는데 객관식 점수가 나온 것을 보니 학점은 나름 잘 주시는 편인 듯합니다. 문학 교양 수업이라 타과/이과생들도 정말 많이 듣는데, 서술형 점수가 글쓰기 실력으로만 좌우되지 않도록 하려고 신경쓰신다고 합니다. 이 때문에 문제도 미리 알려주시고요. (하지만 수업이 수업인만큼 글을 잘 쓰면 좋긴 하겠죠.) 지각은 크게 신경쓰시지 않는 것 같습니다. 책을 읽고 생각하고 그 생각을 나눌 수 있는 정말 좋은 시간이었습니다. 교양 수업으로 정말 추천합니다."
동서양 명작 읽기,서영채,23,Spring,1.0,관악명강이라고는 하지만... 명강의 허들이 많이 낮아진 것은 아닌가?
동서양 명작 읽기,서영채,23,Fall,5.0,"개인적으로는 이번 학기 가장 얻어간 것이 많은 강의였습니다. 타 강의처럼 ‘시험을 위한 강의 듣기’를 할 필요가 없고, 속기를 많이 할 필요 없이, 수업을 들으며 책과 나의 인생관에 대해 깊이 생각할 수 있는 시간을 가질 수 있다는 것이 이 강의의 최대 장점인 것 같습니다.   총 4권의 책을 읽고 4번의 감상문을 제출하게 되며, 감상문 당 a4용지 2장 분량입니다. 형식도 자유이고 딱딱한 비평문이 아닌 오로지 ‘내 생각을 어떤 식으로든 자유롭게’ 적을 것을 교수님께서 요구하시기에, 인문학 글쓰기를 좋아하시는 분들께는 이 수업이 잘 맞을 것 같습니다.  중간고사 없이 기말 1회를 치르는데, 2개 문제에 대해 자기 생각을 서술형으로 답하도록 합니다. 성적은 아직 나오지 않아 모르겠으나, 교수님의 개념정언 책이 수업 내용을 조금 더 잘 정리해둔 버전이라 저는 해당 책을 가볍게 읽어보고 시험을 치르게 되었습니다. 다만 수업 내용을 달달 외우기보다는 수업 주제와 관련해 평소 자신이 가지고 있던 가치관, 수업을 들으면서 한 생각, 감상문 내용 등을 다시 한번 정리해보는 것이 좀 더 도움이 될 것 같습니다."
동서양 명작 읽기,서영채,23,Fall,5.0,"저는 솔직히 인생강의정도는 아니었습니다. 개인적으로 전자기기 금지라 손으로 다 필기해야 하는 게 괴로웠네요 ㅋㅋ 근데 시험문제는 필기안해도 될수준으로나와서… 안해도될것같긴합니다. 수업 내용보다는 오히려 교수님 책(개념정원)에서 얻는 게 많았습니다. 교수님이 다소 버럭하시는…? 말투로 수업을 진행하시고 다소 수업의 얼개가 완벽하지 않다고 느껴서 저랑은 엄청 잘 맞지는 않았습니다.  정말 인문학적인 교양입니다. 본인 성향이 인문학이면 추천합니다. 학점은 아직 안나와서 모르겠어요"
동서양 명작 읽기,서영채,23,Fall,5.0,"교수님 글 정말 쉽고 재밌게 잘 쓰십니다. 교재 꼭 읽어보시길 추천드립니다. 대학을 왔던 이유, 사는 이유에 대해 다시 한 번 생각해보게 되었습니다. 고등학교 시절 매일을 울면서 했던 고민이 시험문제로 나온 걸 보고 눈물을 참으면서 기말고사 답안지를 썼습니다. 아직 성적은 안 나왔지만 성적이 어떻게나오더라도 상관없이 이번학기 최고의 강의였습니다."
동서양 명작 읽기,서영채,23,Spring,5.0,"명강입니다..처음에야 수업의 흐름이나 교수님께서 말씀하시는 주제가 금세 바뀌고 따라가기 힘들어서 방향을 찾을 수 없었지만..학기가 끝나갈 무렵 점점 그 모든 내용들이 연결된다는 느낌이 들고 마침내 깨달음을 얻을 수 있었습니다. 과제가 약간 많을 수도 있지만, 성적도 잘주시고 시험은 수업에서 다루었던 내용 바탕으로 교수님 책보면 자기 생각 쉽게 쓸 수 있습니다. 저도 공부하는데 몇 시간밖에 안걸리고 A+받아갑니다. 교수님도 인간적으로 좋으신 분이고, 약간 툭툭 던지시면서도 학생들을 사랑하는 마음이 느껴지십니다. 본인이랑 안맞는 분은 빠르게 나가시면 되지만, 전 개인적으로 정말 좋았습니다."
동서양 명작 읽기,서영채,23,Fall,5.0,"자신이 인문학과 잘 맞는 사람인지 확인해볼 수 있는 강의인 것 같습니다. 교수님이 인품이 좋으시고, 인자하시며, 항상 학생들이 생각을 많이 할 수 있도록 유도해주시는, 이상적인 인문대 교수님 스타일이십니다. 아직 학기가 끝나지는 않았지만, 학기 초반에 들으며 도대체 왜 저런 말씀을 하시지 싶었던 내용들이 읽는 책의 메시지와 연결되며 점점 이해가 되기 시작했습니다. 명작 소설 4권을 읽고 각 2페이지 이상 분량의 서평 4번을 제출해야 하고, 1회 이상의 낭독(15분정도 분량의 소설 낭독+간단한 감상 발표)과 기말고사도 있어서 로드가 아주 적다고 보기는 어렵지만, 그만큼 많은 것을 얻어갈 수 있는 명강이라고 생각합니다. 교수님이 학생 한명 한명의 얼굴과 이름을 모두 기억하시고 과제물도 매우 꼼꼼하게 읽어보시는 것 같아서 그 부분도 매우 만족스러웠습니다. 내용이 어렵고 할게 많더라도 버티다 보면 분명 많은 걸 얻어가실 수 있을 것입니다."
동서양 명작 읽기,서영채,23,Spring,5.0,"고등학교 수업이 떠오르는 강의입니다. 교수님께서 수강생 이름 전부 외우시고 친근하게 대해주십니다. 종이의 물질성과 여유를 느껴라고 수업 시간 전자기기 사용을 금지하시는데 이 점 또한 고등학교 같고 참 좋았던 것 같습니다. 바쁘게 쓰고 외우는 수업이 아니라 가만히 듣고, 말하고, 생각하는 수업이라 스트레스가 없었던 것 같습니다. 뒤에 또 말하겠지만 수업도 강연식이 아니라 하나의 수업을 다같이 만들어나가는 느낌이라 재밌었습니다.  로드는 2페이지 가량의 서평 4편, 기말고사 1번 입니다. 서평의 경우 형식이 있기보다는 스스로의 생각을 자유롭게 써내려가는 방식으로 작성합니다. 예컨대 책을 읽다가 한 대목에 꽂혔다면 그 대목에 관해서, 한 인물에 꽂혔다면 그 인물에 관해서 자기 생각을 쭉 써도 됩니다. 그래서 책만 읽는다면 서평은 큰 부담 없습니다. 시험 또한 한 학기 수업 동안 생각해오던 것을 정리하여 적어내는 수준이라 부담 없었습니다. 사실상 공부는 없고 학습은 있는 수업입니다.  수업 방식은 조금 독특합니다. 먼저 9권의 책을 3개의 조가 각각 3권 씩 나누어 맡습니다. 그리고 각 조가 1주일 씩 번갈아가며 수업을 진행합니다. 일주일 2번의 수업 중 하루는 낭독, 하루는 교수님 작품 해석 시간입니다. 여기서 낭독 시간을 각 조가 진짜로 알아서 진행하면 됩니다. 저희는 어쩌다보니 6명이 한 조라고 하면 한 분은 작가 소개, 한 분은 줄거리 요약, 나머지 네 분은 인상 깊었던 부분 발췌하여 낭독하고 스스로의 생각 말하기 정도로 굳어져 진행했습니다. 낭독이 끝나면 15분 정도 남는 자투리 시간과 그 다음 강의 시간에 교수님께서 수업을 진행하십니다.   큰 줄기 안에서 의식의 흐름 기법으로 수업을 진행하십니다. 꼬리에 꼬리를 물며 사방팔방으로 나아가는 방식.. 매 수업마다 흩뿌려지던 조각들이 점차 ""왜 사는가?""에 대한 답을 이루는 걸 보니 변태 같지만 짜릿했습니다. 단순히 ""왜 사는가?""라는 원론적인 이야기를 하는 것이 아니라 수많은 인문학적 개념을 토대로 성숙, 냉소, 낭만, 사랑, 성 등의 가치를 탐구하고 이를 바탕으로 삶까지 도달하는 수업이라 얻어가는 것이 많습니다. 또 교수님께서 질문을 굉장히 많이 하십니다. 제출한 서평, 낭독 시간 발표 내용, 교수님 마음 3가지 요소를 종합하여 한 명을 직접 호명하여 질문하시는데, 교수님과의 티키타카 과정에서 배우는 것이 정말 많습니다. 산파술의 재현입니다.  ""왜 읽는가?""로 시작하여 ""왜 사는가?""로 마무리되는 강의. 책 좀 읽자는 생각으로 가볍게 들어갔던 강의인데 삶에 대한 많은 배움 얻고 무겁게 나섭니다. 교수님께서 학부생을 대상으로 하시는 다른 강의가 또 있다면 다음 학기에 쫓아 듣고 싶네요... 가히 관악의 명강입니다..."
동서양 명작 읽기,서영채,17,Spring,3.0,"명강이라는 말에 들어봤었지만 인문학적인 소양이 부족한 저로서는 이해하기 어려운 수업이었습니다.  책을 읽은 뒤 레포트에 정말 제 생각을 써서 내니까 다른 학우들 앞에서 진짜 이렇게 생각하냐, 왜 이렇게 생각하냐 하고 공개적으로 질문하셨던게 기억에 남습니다.  교수님도 확고한 가치관이 있으신 듯 합니다. 좀 무안했습니다."
동서양 명작 읽기,서영채,18,Fall,5.0,"교수님이 수업시간에 다루는 인문학 개념들이 좀 어려워요. 프로이트랑 라캉 등등 이해되나 싶다가도 듣다보면 무슨 얘긴지 못따라가고 있을 때가 많았어요. 그래도 명작에 대한 해제는 정말 좋았어요. 책을 읽고 홀로 생각했던 점이 상당히 편협하다고 느껴지기도 했어요. 책은 정해진 기간마다 세 권 중에서 하나 선택해서 총 4권을 읽어야 하는데요,  평소에 꾸준히 조금씩 읽는 걸 추천드립니다. 그래야 과제인 서평의 완성도가 높아지고 과제제출일날 여유로워요. 물론 누가 몰라서 그러겠냐마는. 그리고 성적은 성실하게 서평 써서 제출하면 정말 잘 주십니다. 기말고사는 자기 생각 쓰는 거라 준비가 큰 의미는 없었습니다."
동서양 명작 읽기,서영채,18,Spring,5.0,생각보다 수업은 흥미가 떨어짐. 수업 때 가서 거의 좀. 서평은 발췌독으로 적당히 씀. 학점은 잘 챙겨주시는 듯. 기말고사는 무의미. 본인이 서평을 잘 쓴다면 점수 따는 교양으로는 꿀강.
동서양 명작 읽기,서영채,18,Spring,4.0,"아랫분의 의견에 거의 공감합니다. 명강이라고 해서 수강신청했는데 제가 모자란 탓인지 수업내용을 이해하기 쉽지 않았습니다. 그나마 인문학 개념정원이란 교수님의 책을 1~2번 읽고 수업에 들어가면 조금 나을 듯합니다. 책은 정말 잘 쓰셨고, 이해도 쏙쏙 됩니다. 명작을 4권 읽게 됩니다. 책을 자연스레 읽게 되는 건 좋았습니다. 그리고 책에 대한 얘기를 조금 하시면서 정말 의식의 흐름대로 수업을 하십니다. 생각해볼 거리는 많은데, 너무 어렵다고 느꼈습니다. 고학번분들 중에는 굉장히 흥미롭게 들으시는 분들이 계셨던 것 같습니다. 시험문제는 거의 알려주셨습니다. 수업시간마다 ""이거 낼 거야!""라고 하셨던 걸 진짜 내셨습니다. 큰 부담은 아닌 거 같습니다. 신입생 버프인지 학점을 잘 받았는데 사실 왜 잘 받았는지는 모르겠습니다. 전체적으로 학점은 매우 후하다 들었습니다. 한 번 자신의 인문학적 소양을 테스트해보고 싶으신 분은 신청하십시오."
동서양 명작 읽기,서영채,18,Spring,3.0,"분명히 관악의 명강이라는 수강후기를 보고 들었는데 나와는 맞지 않았던 수업. 생각의 깊이가 깊어지는 느낌이라는 평에 그걸 기대하고 갔는데...  교수님의 수업방식이 의식의 흐름임. 뭔가 아는 건 많으신데 그걸 학생들이 이해하기 쉽게 설명하거나 풀어내지 않고 특유의 애매하고 모호한 화법을 쓰심. 이걸 스스로 생각할 기회라고 받아드린다면 문제가 없겠지만, 난 뭘 질문하려는지 이해가 되지 않아서 그냥 아무말 대잔치로만 느껴졌던 시간들이 많았음. 내가 뭘 배우고 있는지 모르겠었음.   로드 많음. 명작 4권을 읽고 그때 마다 서평 2페이지 씩 써가야 함. 발표 무조건 1번 해야함. 책이 있으면 거기에 발표자 학생들의 발표를 듣는게 한 수업, 이어지는 수업에서는 교수님의 강의를 하는 방식. 기말은 진짜 공부할 거 없고 자기 쓰고 싶은거 생각을 쓰면 됨."
동서양 명작 읽기,서영채,18,Spring,5.0,이번학기때는 책 네 권을 읽고 독후감을 썼었는데 책읽고 교수님이 말씀하셨던 텍스트의 증상을 찾는게 책을 더 꼼꼼히 읽을 수 있는 방법아고 생각했고 인상깊었던 부분을 낭독하고 왜 그 부분이 인상적이었는지 다른 사람들에게 얘기해주는 시간이 좋았다. 교수님이 설명하시는 내용은 잘 이해는 되지 않았지만 한번쯤 생각해볼만한 주제들을 던져주셔서 그그런부분도 좋았다. 사실 시험은 기말 한번이었지만 그냥 형식상으로 보는 것이었고 독후감만으로 학점이 매겨지는 거라서 걱정했었는데 학점을 상상 이상으로 잘 주시는 것 같다.
