예술의 가치와 비평,조희원,23,Fall,5.0,"수업이 재미있고 시험 없어서 부담없이 들을 수 있었습니다. 과제는 세 번으로 각각 2p, 2p, 7p가량 작성했습니다. 수업에서 배우는 것과 크게 연관성은 없지만 수업에서 다루는 미학과 작품의 연결고리를 잘 고민하면 조금 더 도움이 될 것 같네요. 분량은 기준만 충족했는데도 세 번의 과제 다 만점 받고 A+ 나왔습니다!"
예술의 가치와 비평,조희원,23,Fall,5.0,"저는 미학에 관심이 있어서 그런지 수업이 참 재밌었어요.
교수님이 수업을 정말 잘하시고 쉽게 설명해주십니다.
과제는 총 세 번으로 배점은 20/20/40 + 출석점수 입니다. 첫 번째 과제를 좀 설렁설렁 했더니 13/20 받았어요.. 그래서 두 번째, 세 번째 과제를 좀 열심히 했더니 둘다 만점 받고 결과적으로 에이쁠 나왔습니다. 성적은 글 잘쓰는 것도 물론 중요하겠지만 성의를 많이 보시는 것 같아요. 마지막 과제 열 세장 썼더니 교수님이 좋게 봐주신 듯 합니다."
예술의 가치와 비평,조희원,23,Fall,4.0,"수업을 열심히 듣진 않았지만.. 보고서 열심히 썼더니 성적 잘 받았어요. 피드백은 진짜 세세하게 해주시는데, 피드백이랑 과제별로 성적 주시는 거 보면 성적을 너그럽게 주시는 건 절대 아닌 것 같습니다. 최종 성적은 좋았지만.. 잔 과제 없이 보고서 3번 쓰면 됩니다. 글 잘쓰면 꿀강. 수업과 보고서는 진짜 연관이 없는 듯. 예술미학 쪽에 관심 많으시면 수업에서도 얻어갈 게 있는 강의라고 생각합니다."
예술의 가치와 비평,조희원,23,Spring,2.0,보고서 잘 쓴다 싶으면 추천. 수업 내용이 보고서랑 크게 상관이 없음
예술의 가치와 비평,조희원,23,Spring,1.0,"최악입니다. 수업에서 배운 내용이 과제와 전혀 연관되지 않을뿐더러, 과제의 내용도 명확한 채점기준을 알 수 없어 접근하기 굉장히 힘들었습니다. 다만, 본인이 해당 분야에 대한 흥미가 높고, 글을 잘 쓴다면 좋은 성적을 받아갈 수 있는 강의라고 생각합니다."
예술의 가치와 비평,조희원,23,Spring,3.0,"수업은 재밌으면서도.. 지루함... 중간 과제가 비평문 분석, 기말 과제가 비평문 작성인데 글쓰기 자체에 대한 방향이나 방법같은 걸 아예 설명해주지 않으셔서 많이 막막했음. 특히 비평문 분석!!... 과제가 이런 식이다보니 수업과의 연관성이 크지 않아서 수업은 대충 들어도 커버 가능한듯 대신 글 잘 쓰는 사람에게 추천함"
예술의 가치와 비평,조희원,23,Spring,4.0,"수업이 흥미로워요
시작할때 호명하시고 과제 2번이었어요"
예술의 가치와 비평,조희원,23,Spring,5.0,수업이 일단 너무 재밌어요 성적과 수업은 크게 연관없는데도 즐겁게 들었습니다. 과제같은 경우도 성실하게 하면 점수 잘 주십니다. 전 너무 만족스러웠네요!
예술의 가치와 비평,조희원,22,Fall,5.0,"레포트 참고문헌 포함 13장 쓰고 a+받았네요 감사합니다
중간 비평문 분석
기말 비평문 작성
수업 내용도 흥미로웠네요"
예술의 가치와 비평,조희원,22,Fall,5.0,예술 비평 잘 몰랐지만 흥미롭게 잘 듣고 있습니다!
예술의 가치와 비평,조희원,22,Spring,5.0,"중간-주어진 비평문 두 편 중 하나 골라 분석 / 기말-작품 자유선택 비평문 그외 과제X
예술 사조/관련 이론을 중심으로 수업합니다 재밌어요👍 3시간 통강이지만 시간 전부 채운 날은 얼마 없음 
하지만 수업이 중간 기말 과제와 직접적으로 연관되진 않습니다 ㅠ
분량 채우는 게 그렇게 힘들진 않고… 하지만 제가 게을러서 둘 다 1~2일만에 갈긴ㅎ 그런 거치곤 성적 잘 받은 듯?? 
글 피드백을 잘해주세요… 조금 아플 정도로… 아주 세세하게…
예술이 제목이지만 주로 회화 조각 설치/영상예술과 이론을 배웁니다 예술 전반에 대한 수업은 아니에여
그래도 수업이 재밌어요 약간이라도 흥미 있으시다면 들어보시는 것두 나쁘지 않음!! 이 수업 하나로 미술 전체를 알긴 어렵지만 흥미는 생겨요~~
요약: 비평 쓸 줄 알고 조모임 싫고 자잘 과제 싫고 발표 싫고 미술 궁금하면 추천
특히 글빨 좋으면 편하게 수업 들을듯(부럽습니다)"
예술의 가치와 비평,조희원,22,Spring,4.0,예술도 비평도 전혀 몰랐는데 수업을 통해 조금은 알게 된 것 같아 좋았습니다! 다만 성적이 글쓰기 2번으로 결정되는데 어떻게 써야 하는지 좀 막막하긴 해요.
예술의 가치와 비평,조희원,22,Spring,5.0,"수업이 재미있고 성적 별로 신경 안 써서 5점이긴 한데… 성적을 잘 받으려면 은근 노력이 필요함. 수업 듣기는 편해서 글 잘쓰면 꿀강이 될수도! 자잘한 과제나 시험 없이 중간/기말 과제 2개인 건 좋았는데(원래 선호하는 방식) 구체적인 예시나 가이드라인이 없으면서 채점은 칼같다. 실제 작품에 대한 미술비평과 이론 소개로 수업이 진행되는데, 비평하는 ‘글’을 쓰는 법에 대한 기술적인 얘기는 없기 때문에 내 비평문 쓰기에 접목하는 게 쉽지 않았다. 중간 기말 합친 최종성적은 비율 맞춰서 주시는 듯?"
예술의 가치와 비평,조희원,22,Spring,3.0,"수업내용 자체는 정말 재밌어요 흥미로운 작품들 많이 보여주시고 학생들 신경 많이 써주십니다. 근데 중간/기말 대체 과제가 저 같이 미학을 잘 모르는 사람에게는 좀 막막합니다. 중간 과제는 비평문 분석, 기말 과제는 비평문 작성입니다만 요구하시는 수준이 절대 쉽지 않아요. 차라리 시험 치고 조별 과제하는  다른 예가비 수업이 낫겠다는 생각이 들 정도…. 3시간 통강인데 중간에 5분-10분정도 한 번 쉬고 쭉 강의 달리신다는 것도 나름의 디메리트……. 비평문을 어느정도 써보신 적이 있다면 수강하시는 것도 나쁘지 않습니다."
예술의 가치와 비평,양민정,21,Fall,5.0,보고서 두 번 다 대충 썼습니다!(20/30정도) 결석 한 번 했더니 B0 나왔네요
예술의 가치와 비평,양민정,21,Fall,5.0,"밑에 분들처럼 시험 없고 보고서 두번이어서 좋았습니다. 솔직히 줌수업땐 다른 분들 자진 발표하셔서 캠꺼놓고 잘 안들었고, 녹강도 보고서 쓸 주제랑 관련된 부분만 잘 듣고 썼습니다. 보고서 두번 다 4점정도씩 깎여서 에이제로 예상했는데 에이쁠 나와서 행복..... 교수님 너무 친절하시고 수업도 교양이 쌓이는 것 같아 좋았는데 아쉽게도 이번 학기가 마지막이셨다네요."
예술의 가치와 비평,양민정,21,Fall,4.0,"나름 꿀강
대충 하라는 거 다하면 b0 이상은 주는 듯
근데 어차피 이전학기가 마지막 강의셔서.. 
G_G"
예술의 가치와 비평,양민정,21,Fall,5.0,너무 좋았는데 마지막 강의라고 하셔서 아쉬울 따름이네요. 보고서밖에 없는 강의에다가 코멘트를 다 달아줘서 너무 좋았습니다.
예술의 가치와 비평,양민정,21,Spring,4.0,"비대면 개꿀일때 들으세요~
시험없고 과제두번인게레알꿀 ㅎㅎ"
예술의 가치와 비평,양민정,21,Fall,5.0,"비대면이면 개꿀강~
보고서 세쪽짜리 두 번 쓰면 끝납니다"
예술의 가치와 비평,양민정,21,Spring,5.0,"하루는 녹강, 하루는 줌으로 수업이 진행됨. 줌에서는 그 주차 녹강에 대해 질문을 받거나 보충설명을 하는 식. 학기 중후반에는 학생 발표로 대부분 진행됨. 과제 한 번, 중간보고서와 기말보고서가 로드의 전부. 심지어 최소 분량이 3쪽이라 그리 부담되지 않음. 그렇지만 성의 있게 쓰다보면 자연스럽게 길어지는 듯! 과제와 보고서 주제가 나름 흥미로워서 자료조사하고 글 쓰면서도 엄청 힘들지는 않았음. 다만 시험이 없다보니까 본인이 노력하지 않으면 얻어갈 수 있는 게 별로 없음. 그래도 확실히 편하게 들을 수는 있는 수업. 교수님도 되게 친절하심."
예술의 가치와 비평,양민정,21,Spring,5.0,"장점: 교수님이 매우 너그럽고 착하심. 질문도 잘 받아주심. 일주일에 녹강 한번 줌강 한번인데, 줌강 때 캠을 켜놓지 않아도 되어서 매우 널널함. 시험은 없고 과제 한번 보고서를 두번 써야하는데, 본인은 마감 당일에 최소분량만 채우고 정말 헛소리를 써놨는데 A0를 받았음. 출석 잘 하고 과제 발표만 하면 A는 주시는듯.

단점: 앞서 말했다시피 녹강 한번 줌강 한번이고 캠을 꺼놔도 되기 때문에 집중도가 매우 떨어질수 있음.. 이 수업을 들으실 분이라면 제대로 하겠다는 마음가짐 없이는 배워가는게 별로 없을 수 있겠습니다"
예술의 가치와 비평,양민정,21,Spring,5.0,강의 내용이 어렵지 않고 보고서도 생각을 많이한 흔적을 보여주시면 점수 잘 주십니다.
예술의 가치와 비평,양민정,20,Spring,4.0,"시험은 없고 보고서 제출 있었어요
저는 레포트 잘썼다고 생각했는데 기대했던 학점은 안나왔네요,,
발표를 했어야 했나봐요
발표하면 점수 괜찮게 주시는 듯 합니다,,,,"
예술의 가치와 비평,양민정,20,Spring,4.0,에제 받을 수준이 아닌 것 같았는데 에제 주심 감사합니다!!
예술의 가치와 비평,양민정,20,Spring,4.0,"온라인 강의를 들은 사람으로서 이번 학기를 듣고 남기는 강의평이 얼마나 도움이 될지는 모르겠지만, 큰 틀에서 봤을 때는 비슷할 거 같아서 강의평을 남겨 봅니다. 우선, 교수님은 무척 좋으신 분이고, 다루는 내용 자체도 (흥미를 가진다면) 정말 재미있게 공부할 수 있는 내용입니다. 수업을 듣다보면 막 없던 교양이 생기는 느낌이라고 할까요? 미학이라는 학문 자체가 감성적인 측면을 다루면서도, 철학적 방법론을 이용해서 지적인 탐구를 하는 학문인 것 같은데, 참 매력있는 학문이라고 생각했습니다. 펀쿨섹한 게 있다면 그건 미학이 아닐까 싶네요. 다만, 이번 강의에 한정해서 전반적인 이야기를 해보자면, 수업의 집중도가 상당히 떨어질 수 있었지 않았나 하는 생각이 듭니다. 왜냐하면 일단 강의에 시험이 없었고, 강의가 수요일 쯤 올라오는 동영상 수업을 보고 목요일에 화상회의를 통해 질문을 하는 방식으로 진행이 되었는데, 솔직히 영상은 그냥 틀어놓아서 출쳌만 하고 화상강의에서는 카메라를 끄고 다른 일을 해도 되었기 때문입니다. 그리고 시험이 과제로 대체되었기에, 과제만 잘 작성하고 발표하는 데(학기 초에 발표할 사람 신청을 받아요) 참여하기만 하면 학점이 잘 나오는 게 아닌가 싶습니다. 이번 학기에는 뭔가 본인이 탐구한 만큼만 얻어갈 수 있게 된 거 같아요. 아, 그리고 <예술과 그 가치>와 <비평철학>이라는 교재도 있는데, 제가 느낀 바로는, 책을 굳이 읽지 않더라도 수업을 따라가는 데 문제는 없을 거 같습니다. 저는 개인적으로 교재로 선정된 책이 흥미로워서 둘 다 반정도는 읽어봤습니다만, 수업시간에 교수님께서 하시는 말씀과 크게 다르지 않다고 느꼈습니다. 다소 두서없이 이런저런 이야기를 했는데,,,,,,,, 20000..."
예술의 가치와 비평,조선우,23,Fall,5.0,성적은 무난합니다. 딱 한 학기 내내 날로 먹은 만큼 나온 것 같아요. 별개로 내용은 참 흥미로웠습니다. 역겨움과 같은 요소들을 새롭게 돌아볼 수 있었던 좋은 시간이었어요.
예술의 가치와 비평,조선우,23,Spring,4.0,성적도 잘 주셨고 미학에 대해 알아기기에 적합한 수업이었습니다
예술의 가치와 비평,조선우,23,Spring,5.0,"다른 것들 전부 차치하고 수업이 흥미롭고 재미있습니다
꿀강 찾으러 오신 게 아니라 강의 주제에 흥미를 가지고 선택하신 분이라면 분명 만족하실 거예요"
예술의 가치와 비평,조선우,23,Spring,5.0,"어렵지만 흥미로운 강의였습니다! 강의력도 좋으시고 내용 구성도 알찼던 것 같아요. 다만 조별발표에 할애하는 시간이 생각보다 많아서 루즈한 날도 있었어요. 그렇지만 발표에 대한 학우들의 질문 들으면서도 많이 배운 것 같습니다
중간과제 각각 B A+이었고 기말과제를 정말정말 늦게 냈는데도 에제를 주셔서 그저 감동 ㅎㅎ
정말 강의 제목에 충실하게 '예술의 가치'와 '비평'에 대해 나름의 답을 찾아볼 수 있는 시간이라 만족했습니다"
예술의 가치와 비평,조선우,23,Spring,5.0,"중간보고서 2번, 기말보고서, 조별발표, 출석
로드가 많지는 않습니다. 그러나 학점을 잘받기 위해서는 글쓰기에 심혈을 기울여야 하기에 조금 머리가 아프다고 느낄 수는 있을 것 같습니다. 그렇지만 개인적으로 재미있게 보고서 작성했습니다. 수업 열심히 듣는다고 딱히 크게 달라지는건 없는 것 같습니다. 그래도 수업 내용이 재밌어서 듣게 되실겁니다. 조별발표는 좀 어렵습니다. 운도 좀 따라줘야하고요.
배우는 내용 자체가 예술에 조금이라도 관심있다면 재밌게 느껴지실겁니다. 학점 조금 낮게 나와도 한번쯤은 꼭 들어봐야할 강의라고 생각합니다. 교수님 강의력도 너무 좋으시고 피피티도 깔끔해서 좋았습니다.
수업 비중에 발표가 좀 큽니다. 저는 좋았으나 호불호가 갈릴 수도 있을거라 생각됩니다. 하지만 발표 내용들도 재밌었습니다.
보고서 좋은 성적은 기본적 글쓰기 능력과 생각의 깊이, 논리 흐름, 자신만의 독창적인 생각 같은게 요구되는 것 같습니다. 성적을 너그럽고 후하게 주시는건 아니라고 생각되네요. 그래도 꼭 들어볼만한 명강입니다."
예술의 가치와 비평,조선우,22,Fall,5.0,"교수님 강의력이 정말 좋고 강의 내용 자체도 예술(대부분 미술임)에 관한 여러 가지 미학적 논의들이라 흥미롭게 잘 들었음

마지막에 레포트 제출하는게 조금 힘들긴 했는데 글을 잘 못쓰는 편이라 성적은 그렇게 좋게 받진 않음ㅎㅎ

그래도 난 글 좀 쓴다, 예술 특히 미술에 관심 많다, 미학 좋아한다, 한학기 진짜 명강 듣고 싶다!, 답답한 강의 싫다! 하면 진짜 추천"
예술의 가치와 비평,조선우,22,Fall,5.0,"2학기 때 가장 재밌게 들은 수업이에요!
교수님 수업, 인품, 강의력 정말 최고입니다 한 학기 동안 교수님 팬이 된 기분...
저는 예술 쪽에는 조예가 전무했지만 발표 조원을 잘 만나는 운까지 따라주어 최종성적 에쁠 받았습니다

아래 강의평에 다른 분들께서 수업 내용과 평가 내용의 관련성이 떨어진다, 수업 내용을 응용하려는 노력은 소용이 없는 것 같다고 하셨는데 개인적으로는 동의하지 않습니다
수업 내용, 주제도 좋고 체계가 있게 짜여 있다 생각하구요
물론 평가가 대부분 글쓰기이니 글쓰기 실력이 영향을 미치겠지만
중간과제 주제 둘 다 수업 내용과 직결되고, 전 중간과제 전부 수업 내용과 교재 기반+응용하여 작성했고 중간 과제1 에쁠, 과제2 에제 받았습니다
중간과제1은 잘 쓰고 싶은 욕심에 거진 사흘 정도 쓴 것 같고, 과제2는 주제 작품 선정과 리서치에 하루+ 글 작성에 반나절 정도 썼습니다 시간 투자에 비례하게 글이 잘 나오고 성적도 잘 나온 것 같습니다

조별발표는 솔직히 운이 좀 따라야하는 것 같고 시간 많이 쓰게됩니다
주제 선정도 중요하고, 내용을 풀어나가는 것이 정말 어렵습니다
처음에 괜찮다고 생각했던 주제도 내용 풀어가다 보면 시시해보이고 매력적이지 않게 느껴져서 조원들이랑 고생 많이 했습니다 그만큼 와성하고 좋은 피드백 들으면 뿌듯해요

아 조별발표 듣는 시간이 많기는 합니다
발표도 흥미로운 주제들 있었지만 아무래도 교수님 수업이 너무 좋아서 교수님 수업이 더 듣고 싶었던 아쉬움은 있어요

여하튼 미학에 관심 있으시다면 정말 추천!
교수님 사랑합니다 다른 수업 여시면 들을 의향 100"
예술의 가치와 비평,조선우,22,Fall,5.0,미학을 잘 모르는 사람인데도 수업을 잘 이해하며 들을 수 있었습니다. 교수님 목소리가 정말 잘 들리고 내용도 재밌어서 잘 집중하며 들을 수 있었습니다. 중간과제 두 개와 기말과제 한 개가 있었는데 중간 때 성적이 잘 안 나오더라도 피드백 받고 이후 과제에서 잘 쓰면 괜찮을 것 같습니다.
예술의 가치와 비평,조선우,22,Fall,3.0,"가르치는건 미학, 평가는 글쓰기
논리적인 글 잘쓰는 분께는 추천
중간글쓰기 2번 기말글쓰기 1번 조발표 1번
개인적으로 강의는 좋았는데 강의 내용과 평가기준이 무관해서 열심히 해도 효과가 없었음"
예술의 가치와 비평,조선우,22,Fall,4.0,"매 수업을 들으러 갈 때마다 설렜습니다. 설명을 너무나 잘하셔서 이해도 잘 되고 격한 끄덕임을 하게 되는 순간도 많습니다. 제가 들어본 강의 중 가장 좋았습니다.
수업은 미학에서 의미 있는 질문들을 던지시면서 이에 대한 배경을 설명하시는 방식으로 구성되어 있습니다. 과제는 중간 글쓰기 2회, 기말 글쓰기 1회, 발표 팀플이 있습니다. 부담이 심하지는 않고 재미도 나름 있습니다.

다만 단점이 없는 것은 아닙니다.
우선 수업 세시간 중 발표 시간이 90분을 넘을 정도로 지나치게 길고, 발표 내용이 수업의 진행과 별 관련도 없으며 사실 진부한 경우가 많습니다. 때문에 발표 시간이 굉장히 따분할 가능성이 있습니다. 마음 같아서는 그냥 교수님께서 세시간 수업하시면 좋겠습니다.
또 조교님의 평가 및 피드백 항목에서 미루어보았을 때, 중간 글쓰기에서 철학적인 생각을 떠올리려는 노력이나 수업 내용을 응용하려는 시도는 별 의미가 없는 것 같습니다. 그냥 글 구성력 테스트라고 느껴집니다. 수업 내용이 개론에 가까운지라, 아마 열심히 수업을 듣는다고 크게 달라질 건 없을 것 같습니다. (다만 기말레포트와 발표는 교수님이 직접 채점하셔서 조금 다른 것 같긴 합니다)

때문에, 학점을 잘 따야만 하시는 분들께는 솔직히 위험할 수 있다는 생각이 듭니다. 하지만 학점 때문에 이런 강의를 놓치는 것은 너무 아깝습니다. 예술에 대해 생각하기를 좋아하시는 분들께 정말 추천합니다."
예술의 가치와 비평,조선우,22,Fall,1.0,"노력했는데 성적은 재수강필요
예술적 글쓰기 강독임 글쓰기만 잘하면 성적 잘 줌 못쓰면? 재수강이지..."
예술의 가치와 비평,조선우,22,Fall,4.0,"미학이라는 학문에 대해서 제대로 배울 수 있었습니다. 개인적으로는 논리적 글쓰기를 해본 적이 별로 없어서 조금 부담이 되었지만, 열심히 했더니 A+ 주셨습니다! 되돌아보니 확실히 사고가 확장된 것을 깨달을 수 있었습니다."
예술의 가치와 비평,조선우,22,Fall,5.0,"미학 입문에 정말 좋은 강의입니다. 미학을 처음 접해본 저도 잘 따라갔을 정도로 쉽게 구성되어있지만, 그렇다고 내용의 깊이가 없지도 않습니다. 매 수업이 3시간임에도 길게 느껴지지 않을 정도로 강의력과 내용이 모두 훌륭한 명강입니다. 
교수님께서 성적을 잘 주시려고 노력하시고, 과제 글을 논리적으로 잘 적어 내면 좋은 성적을 쉽게 받을 수 있을 것이라고 생각합니다. 팀플도 1번 있는데 대부분 학생들이 열심히 하시며, 저 역시도 조원을 잘 만나 즐거운 경험이 되었습니다."
예술의 가치와 비평,조선우,22,Fall,5.0,"졸업하는 학기에 예가비 들을 수 있어서 행복했습니다! 전 예술의 ㅇ도 모르는 사람이었는데, 수업 듣는데 전~혀 지장이 없었어요. 중간 글쓰기 2번, 기말 글쓰기 1번, 조별발표 1번이 로드의 전부입니다. 저는 전부다 하루 밤새서 글쓰고 다음 날 조금 다듬어서 마무리하는 정도로 냈는데, A+, A 나왔습니다. 기말 글쓰기는 성적이 원래 안나오는 것 같고, 조별 발표는 조원을 잘 만난 덕분에 잘했던 것 같아요. 최종성적은 A0 나왔어요! 강의 선택에 참고하시면 될 것 같습니다. 물론 로드나 성적도 만족스러운 강의였지만, 그것과 상관없이 정~~~~~말 명강이니까 꼭 들으시길...!"
예술의 가치와 비평,조선우,22,Fall,5.0,진짜 명강… 교수님 강의력이 엄청 좋으세요.. 시험은 없고 과제는 3개이나 논리적으로만 쓰면 되는것 같습니다! 팀플도 하나 있는데 되게 재밌었어요! 성적도 잘 주십니다!!
예술의 가치와 비평,조선우,22,Spring,4.0,"미학에 미자도 모르는 사람들을 위한 강의인거는 맞는거 같습니다
교수님께서 기초부터 하나하나 차근차근 설명해주시는 점은 굉장히 좋았습니다. 세 번의 레포트와 한 번의 조별과제가 있었는데 미술이나 예술에 크게 관심이 없었다면 아무리 기초부터 하더라도 레포트 쓰는 데에 있어서 부담이 될 수 있습니다. (개인적인 견해입니다.)
저는 결과적으로 비쁠을 받았는데 미학에 입문하고 싶은 분한테는 좋은 강의가 될거 같습니다"
예술의 가치와 비평,조선우,22,Spring,5.0,"중간과제 글쓰기 2회, 기말 글쓰기 1회, 조별모임 1회로 시험 대체됩니다. 미학에 대해서 하나도 모르고 흥미로워보여서 들었는데, 교수님 강의력이 좋아서 재밌게 들었습니다. 아는게 없어서 글쓰는게 약간 힘들긴 했지만, 그래도 글쓰기 과제 점수는 나쁘지 않게 나온 것 같습니다. 근데 조별과제를 제기준 좀 말아먹은거같아서..ㅜ 에제 나온 것 같아요. 그래도 만족합니다 ㅎㅅㅎ 미학에 관심이 있는데 미학에 대해서 아무것도 모르고 암기식 수업 듣기 싫으면 추천드려용!"
예술의 가치와 비평,조선우,22,Spring,5.0,우선 교수님 목소리가 너무 좋으셔서 수업 듣는 내내 행복했습니다. 예술을 바라보는 교수님의 날카로운 시선에 코멘트 주실때마다 감탄했던 것 같아요. 수업 함께 들었던 분들도 열정이 가득하셔서 학우분들 발표와 코멘트를 통해서도 많은 도움을 받을 수 있었습니다. 성적도 열심히하면 잘 주십니다 !! 스스로 생각하면서 배울 수 있는 점도 많아 꼭 한번쯤은 들어보면 좋은 강의인 것 같습니다
예술의 가치와 비평,조선우,22,Spring,5.0,"발표 과제 3번
에쁠 그저 빛 
미학이 뭔지 알 수 있었음."
예술의 가치와 비평,조선우,22,Fall,5.0,"시험 과제 성적 논할 필요가 없습니다
이 강의를 다시 들을 수 없다는게 속상할 따름입니다"
예술의 가치와 비평,조선우,22,Spring,5.0,"이번 학기 예가비는 그저 빛...
학생들 발표하는 것도 재밌고 교수님 강의력도 좋아서 미학 관심있는 학생이라면 무조건 추천합니다."
예술의 가치와 비평,조선우,21,Fall,5.0,"진짜 인생 꿀강,, 예술하는 사람으로서 너무 많은 도움되었고 이 강의 두번듣고싶었지만 그럴수 없다는게 그저 서글플뿐ㅠㅠ 제 인생은 이 강의를 듣기 전과 후로 나뉠수 있다고봐도 과언이 아닙니다,, 교수님만의 인생관과 예술을 바라보는 가치관이 너무 좋았고 수업 진행방향을 투표로 진행하겠다고 하셨지만 실명 투표로 결국 본인이 원하시는 바를 이루시는 등 요즘 보기 드문 학생들의 작은 의견 하나하나 존중하실 수 있는 참 스승님이라 자부합니다 저는 비록 드랍했지만 다른 분들은 꼭 끝까지 잘 수강하시길 바랍니다!"
예술의 가치와 비평,조선우,21,Fall,5.0,교수님 보면서 눈물만 훔쳤다 너무 좋아서....다시 듣고싶다
예술의 가치와 비평,조선우,21,Fall,5.0,"답답한 코시국 대학생활의 한 줄기 빛...
조선우 교수님의 예가비 수업에 예술에 문외한이던 제가 조금이나마 아는 척 좀 할 수 있게 되었습니다.
예술을 주제로 한 논리적 사고와 글쓰기에 자신 있으시다면 강추드립니다..!"
예술의 가치와 비평,조선우,21,Fall,5.0,"로드 많지 않은 명꿀강! 주입식 달달달달 와다다다 교양에 지치신 분들께 강력추천드립니다ㅎㅎ

시험은 없고, 
2-3페이지 분량의 짧은 글쓰기 2번 (중간과제) + 3-4페이지 분량의 긴 글쓰기 1번 (기말과제) + 조별발표 1번이 로드의 전부입니다.
강의는 매주 녹강 1시간반 안팎이 올라오고 학기 중반쯤부터 조별발표를 차례차례 시행하는 형태로 진행됩니다. (이번학기는 유독 수강생이 적어서 11월 중순쯤에 시작했는데 원래는 그 전부터 시작한다고 하셨어요)

-글쓰기는 수업의 큰 줄기와 관련한 질문에 자기만의 답을 제시하는 형태인데, 수업내용에 자기생각을 덧붙이고 사례 찾아보는 정도로 마칠 수 있는데다 시험기간 피해서 내주시기 때문에 큰 부담없이 할 수 있습니다!ㅎㅎ
-조별발표는 특정 예술가/예술작품/예술장르를 정해서 그것의 예술성/예술적 가치를 설득하는 발표인데, 쉬운 작업은 아니지만 발표준비하면서 이리저리 생각하고 논의하는 과정이 꽤 재미있었습니다ㅎㅎ

사실 이 수업의 가장 큰 장점은 속기할 필요가 없다는 것이라고 생각합니다. 적지 않은 교양들이 무지성 속기 + 요약 바탕으로 서술하는 형식의 시험을 치는데, 이 수업에서 교수님의 강의는 사실 평가요소에 직접적으로 관련되지 않아서 그런 부담이 없습니다. 그냥 편하게 보시면 돼요. 강의는 단지 기본적인 내용들을 풀어서 설명해주실 뿐이고 오히려 스스로 사색하는 것이 더 중요한 강의라고 생각합니다. 저 역시도 글쓰기랑 발표를 준비하면서 수업 주제에 대해서 다양한 각도로 생각을 많이 해볼 수 있었고 그 과정에서 미학에 큰 흥미를 느꼈습니다ㅎㅎ 또 다른분들 발표 들으면서 + 발표 내용에 대해 토론하면서 흥미로운 지점들도 아주 많았어요. 그때마다 교수님이 지적하시는 부분들이 상당히 날카로우면서도 흥미로워서 자연스레 교수님의 시선에 감탄했습니다… 사실 강의 들을 때보다 발표 듣고 논의하는 과정이 더 재미있었던 것 같아요ㅎㅎ

이번학기는 학생 수가 적어서 상당히 도란도란(?)한 분위기로 진행되었는데 그 덕에 소심한 저도 나름 많이 발언 기회를 가질 수 있었고 여러모로 얻어가는 게 많았던 강의입니다. 교수님 진짜 좋으시고 로드도 부담스럽지 않으니 꼭 한번 고려해보세요!! 교수님이 한예종에 계신다고 들었는데 부디 서울대에서 다른 강의도 열어주셨으면 좋겠네요!!ㅋㅋㅋㅋ 저는 이번학기 예가비에서만 A+ 받아갑니다 ㅎㅎㅎ"
예술의 가치와 비평,조선우,21,Spring,5.0,"과제 세번인데 강의 보고 자기 생각 잘 녹여서 작성하면 크게 어렵지 않은 것 같아요! 과제 분량도 그렇게 많은 편은 아닌것 같구요

1학년 1학기때 들은 강의 중 가장 재밌게 듣고 가장 많이 배운 강의 같습니다
교수님 강의력도 너무 좋구요! 예술쪽에 관심있는 분들은 한번쯤은 꼭 들어봤음 좋겠습니다"
예술의 가치와 비평,조선우,21,Spring,5.0,"여름학기 수강자입니다. 보고서 과제 원래 두번인데 방학이라고 1번으로 줄여주셨어요! 그외에도 수업도 재밌게 들었고 예술에 대해 관심만 있고 잘 몰랐다면 정말 대학교양의 정석같은 강의였습니다.
팀플이 좀 빡셌는데 그거만 빼면 완전만족이에요. 두번 결석했는데 에이플주신거보면 학점도 잘주시는것 같아요."
예술의 가치와 비평,조선우,21,Spring,5.0,"개인적으로 다른 학점들 중 이 과목 학점이 가장 낮았습니다
그럼에도 불구하고 강의 자체가 굉장히 훌륭하다고 생각합니다
교수님께서 전달력도 좋으시고 내용 구성도 좋으셔서 모든 녹강을 흥미롭게 들었습니다
다만 위에서 언급했다시피 학점은 굉장히 잘라서 주시는 것 같고, 20분 분량의 팀플 발표도 있어서 로드나 학점 면에서 절대 꿀강이라고는 할 수 없을 것 같습니다
그래도 대학에 와서 들을 수 있음에 감사했던 강의였기에 학점과 무관하게 5점 드리고 싶습니다"
예술의 가치와 비평,조선우,21,Spring,1.0,"왜 꿀이라고 하는지 모르겠습니다
비대면에 녹강 매주 나오면서 + 팀플때매 발표 수업도 매주 있습니다. 꿀강 아니에요. 열심히 참여한다고 해서 다 A대로 주시는것도 아니고요"
예술의 가치와 비평,조선우,21,Spring,5.0,로드가 많은 편이지만 강의력 진짜 탑.. 이런 강의를 다시 들을 수 있을까.. 평소 예술에 관심이 별로 없는 사람이었는데도 너무 좋은 강의였다 명강이다 학점은 비율 맞춰 주시는 것 같다
예술의 가치와 비평,조선우,21,Spring,5.0,"시험이 없고 팀플 1번 레포트 3번 있습니다 
분량은 중간 2페이지 기말 3페이지로 부담되지 않습니다
수업 듣는 것도 부담이 없고 학점도 잘주십니다"
예술의 가치와 비평,조선우,20,Spring,5.0,"이게 대학 교양이다!! 관악암기대회 같은 많은 타 교양들에 비해 진정한 대학 교양 수업다운 수업. 미학에 대해 전혀 알지 못한 사람들도 이해하기 쉬울만큼 교수님의 강의력도 뛰어나며, 내용 또한 재미있다. 그러나 이 수업을 듣고 미학에 현혹되어 복전이나 부전은 하지 말자. 이건 교양이다. 그리고 교수님 목소리 진짜 좋다."
예술의 가치와 비평,조선우,17,Spring,5.0,"예전 생각 나서 강의평 달러 왔습니다.
제가 미학 부전하는 계기가 된 수업입니다. 솔직히 미학개론 전공보다 이 수업이 더 좋은 미학개론 수업이라는 생각이 들 정도.. 물론 영미미학 쪽에 한정된 얘기긴 하지만요.
영미미학의 방법과 쟁점들에 대한 체계적인 입문 수업입니다.
그리고 선생님께서 아주 달변가시고, 수업 구성도 알차게 짜오시고, 전달 등에 있어서도 고민을 많이 하신다는 게 느껴지는 수업입니다. 저는 수업내내 선생님 너무 멋있어서 넋놓고 들었었던 기억입니다.
아무튼 미학에 관심이 있어서 입문 수업 들어보고 싶은 분 있다면 저는 무조건 이 수업 추천."
예술의 가치와 비평,조선우,20,Fall,5.0,"너무너무 좋은 강의 좋은 교수님..ㅠㅠ 최고 ㅠ
학점은 생각보다는 안나왔지만 제가 못한거일수도 ㅎ"
예술의 가치와 비평,조선우,21,Spring,5.0,시험은 없고 로드는 꽤 많지만 교수님이 내주시는 과제나 글쓰기를 잘 해서 내면 좋은 성적을 받을 수 있습니다. 글쓰기는 글쓰기 조교님의 도움을 받으면 훨씬 수훨하실겁니다.
예술의 가치와 비평,조선우,20,Fall,5.0,"2학기에 들었던 강의 중 가장 훌륭한 강의였다. 교수님이 강의력이 정말 좋으시고 내용도 알찼다. 강의해주시는 내용을 바탕으로 보고서를 작성하면 되는데, 강의에서 다양한 예시를 알려주면 그것을 바탕으로 나는 그 주제에 대해 어떻게 생각하는지를 정리해서 적으면 된다. 
글쓰기 3번에 조별발표1번으로 로드는 좀 있는 편이지만 하면서 얻어가는게 많다고 생각이 들었다. 글을 쓰면서 예술이 무엇인지나 왜 내가 어떠한 것을 가치있다고 여기는지 생각을 정리할 수 있어 좋았다. 조별발표는 팀 운이 좀 따라줘야 할 것 같은데 난 개인적으로 좋은 사람들 만나서 잘 발표했고 교수님이 따로 지적도 하지 않으셨다. 
글쓰기 점수는 1차 A+ 2차 A+ 마지막은 모르는데 비슷한 느낌으로 적었으니 아마 비슷할 것 같다. 학점은 a+ 받았다. 글쓸 때 내가 왜 이 주제에 대해서 이렇게 생각하는지를 좀 논리적으로 잘 말하면 점수를 잘 주시고 비교적 이상한 문장이나 단어사용은 괜찮은 것 같다. 개인의 주관에 관한 글쓰기라 수업내용도 적절히 섞어가면서 그걸 바탕으로 소신있게 적으면 될 것같다."
예술의 가치와 비평,조선우,20,Fall,4.0,"중간/기말 없어서 대학스러운 강의. 피드백 좋고 스스로 생각할 점도 많음. 하지만 새내기로서 매우 열심히 한 거에 비해서는 학점은 밑 분들과 다르게 그냥 비율대로 주신 것 같음. 기말/팀플 피드백이 없어서 정확히는 모르겠지만 그냥 무난하게 모두 a 받았을 듯. 중간 1, 중간 2, 기말에 각각 전 것 피드백 보고 매우 수정했다고 생각하지만 세부평가만 다르고 평가 그레이드는 똑같은듯. 수업은 좋아요. 과제는 잘하려면 어려워요."
예술의 가치와 비평,조선우,20,Fall,4.0,"1. 교수님 강의력이 너무 좋음. 지금껏 들은 수업 중 가장 좋음.
2. 수업 내용이 풍부하고 스스로 생각해볼거리도 많이 던져줌.
3. 과제 3번. 2페이지짜리 중간과제 2번, 4-5페이지 기말과제 1번 나오는데, 개인적으로 과제 점수가 후하게 나간다고 생각함. 무엇보다 조교님이 피드백을 정말 꼼꼼하고 친절하게 해주시고 나의 논리에 대한 반박, 또는 질문도 날카롭게 던져주셔서 그 다음 과제를 보완할 수 있도록 도움.
4. 팀플 1번. 안타깝게도 제 팀원은 그리 좋지는 않았지만... 팀플의 한계 아닐까요 허허

기말과제, 팀플 점수는 모르지만 중간과제 A, A+ 받고 최종성적 A+ 받았습니다."
예술의 가치와 비평,조선우,19,Spring,5.0,"교수님 최고
강의력 좋음
로드 좀있음
팀플도 1번-조원좋았음
학점느님
절대후회안할수업"
예술의 가치와 비평,조선우,20,Spring,5.0,"문과형 이과생입니다.
교재는 키이란 <<예술과 그 가치>>입니다. 저는 교재는 보지 않았습니다.
과제는 총 중간과제 2개, 팀발표 1개, 기말과제 1개 였습니다.
강의 내용은 교수님께서 강계를 정말 잘 만들어 주시니, 그걸 참고해주시면 감사하겠습니다.

중간 과제는 처음에 A, 2차는 B 받았습니다. 그런데 평가가 후하다고 생각하는 게, 첫 과제는 비문도 꽤 있고 빈약한 부분을 짚으셨음에도 A를 주셨습니다. 2차 중간과제는 글의 방향 자체를 다소 잘못 생각하고 전개했지만 B를 주셨습니다.

팀 발표의 주제는 특정 아티스트(혹은 그룹)를 선정하고 그(혹은 그들)의 작품을 뽑아 ‘좋음’을 설득하는 것이었습니다. 지금까지 꾸준히 해온 주제이기 때문에 바뀔 일은 없을 것 같습니다. 3-4명이 1개 조를 꾸려 20~30분짜리 발표를 시연했고, 다른 수강생들에겐 짤막한 평과 함께 발표에 대한 평가를 1-5점으로 측정하여 교수님께서 비밀 댓글 형태로 받았습니다. 이 때 수강생들이 많이 적극적이라 발표 후 질문도 매번 많이 나왔고, 교수님께서도 다양한 측면에서 질문을 주셨습니다. 발표도 발표지만, 그 이후의 수강생과 교수님과의 소통과정까지 좋아야 좋은 평이 나올 것 같습니다.

참고로, 중간에 개인 발표로 돌릴지 팀 발표를 할지 zoom을 통해 투표를 진행했습니다. 과반수가 팀발표를 선택했고 저는 개인 발표를 선호했지만, 팀 발표가 수업의 만족도에 꽤 많은 영향을 준 것 같습니다. 물론, 동서고금 진리의 사바사-조바조가 있겠지만 전체적으로 보았을 때 저희 조는 물론 다른 조까지도 정말 비대면이었던 게 아쉬울 정도로 분위기가 좋았습니다. 다음 수강자 분들께서는 어떻게 될지 모르지만, 가급적이면 팀발표를 할 수 있으면 좋겠습니다.

마지막 기말과제는 자유주제였습니다. 그런데 이게 너무 막연하지도 않았고 어렵지도 않았던 게, 교수님께서 강의 전체에서 예술의 다양한 측면을 정말 잘 다뤄주십니다. 그리고 그 중간중간에 생길 수 있는 의문이나 아이디어도 제시해주시기 때문에 수업을 열심히 들으시면 기말 과제를 만들어가는 게 꽤 수월할 것이고, 수업을 그렇게 열심히 듣지 않더라도 큰 어려움 없이 주제를 선정하고 논지를 펼칠 수 있을 것입니다.

마지막으로 모든 명강의 공통점이겠지만, 교수님께서 최고십니다 정말 최고 천사... 내적으로도 외적으로도 정말 수업이 너무 즐거웠습니다. 특히 발성과 목소리가 엄청 좋으셔서 라디오를 듣는 것 같았고, 저는 이렇게 젊은 분이 강의를 할 수 있구나 싶었는데 아이를 둔 어머니이신 걸 알고 2차 놀람 경험했습니다. 그리고, 출석기한을 1주일로 넉넉히 주시는 것도 모자라셨는지, 못 들은 강의의 경우엔 그 주차 강의에 대한 감상문을 제춣하면 결석을 지각으로 처리해주셨습니다. 이쯤되면 그냥 안 듣고 후회하지 마시고 천상의 강의를 꼭 쟁취하시길 바랍니다.

그리고 마지막은 성적인데, 저는 A0 받았습니다. 다른 분들 성적을 모르지만 제 기준 결과에 비해 후하게 잘 받은 것 같습니다. 1차 중간을 A, 2차 중간을 B 받았다고 말씀드렸습니다. 팀발표는 실시간 교수님과 수강생들의 평이 좋았다고 직접 zoom 막바지에 언급주셨습니다. 2연속으로 녹강 출석을 놓쳐 지각도 2회 쌓았습니다(감상문을 2회 제출하는데, 종강하고 1주일 정도 감상문 제출 기간을 더 주십니다. 천사). 2차 중간 때문에 A+은 못 받겠구나 생각했고, 성적에 미련이 크진 않지만 B를 절대 띄우기 싫을 정도로 강의가 좋아 기말 과제를 정말 열심히 만들었습니다. 고집쟁이 성격을 지닌 탓에 과제 피드백 기회는 한 번도 쓰지 않았지만 과제의 성격이 구체적으로 어떠한지 여쭸고, 교수님 말씀으로는 이 과제가 다양한 참고자료를 요구하기보다는 자신의 논지가 얼마나 설득력 있는지가 중요하다 하셨습니다, 본인 전공을 엮어도 큰 상관이 없고다 하셔서, 결국 “인식과 욕망을 바탕으로한 예술의 효용“을 주제로 잡고 아득바득 기말 과제를 제출했습니다. 마침내 7월 3일 성적을 확인했고, 학교 쪽으로 감사합니다를 육성으로 크게 외치며 정성 다해 절 올렸습니다. 물론 절평 영향을 많이 받았겠지만 교수님에 대한 감사함과 마지막 성적 공개의 기쁨을 누릴 수 있었습니다.

마지막으로는 감상문을 보내고 교수님께 답장 받은 글을 적어놓고 끝내겠습니다. 강의평이 도움 되길 바라겠습니다. 감사합니다.

-
네 ##씨 잘 받았습니다.

암울한 이메일을 보내려고 했었군요 :)

기분이 조금 가벼워졌다면 다행입니다. 

매우 반성적이면서 긍정적 각오로 마무리되는 세 덩어리의 감상문도 잘 봤습니다.

읽는 저를 고려해서 긍정적 반응만 보여준 것은 아닌가...라는 의심이 들긴 하지만 (ㅋㅋ) 피드백을 받으니 참 좋네요.

그럼 남은 수업도 잘해봅시다.

즐거운 주말 보내길.
-"
예술의 가치와 비평,조선우,20,Spring,5.0,"비대면으로 듣는 것이 아쉬울 정도로 좋은 내용이 가득한 수업이었습니다. 미학과 수업이 처음이었는데 스스로 고민을 깊게 해보는 능력을 필요로 하는 것 같아 조금 어렵긴 했지만, 내용도 흥미롭고 얻어갈 게 많은 강의입니다. 교수님 목소리가 좋으셔서 매주 라디오 듣는 것처럼 편하게 들을 수 있었습니다. 수업이 매우 짜임새있고 논리정연하게 전개되어서 흘러가듯 들어도 이해가 쏙쏙 됩니다. 미학 입문하기에 좋은 강의라고 생각합니다.
시험은 없고 중간레포트 2개, 기말레포트 1개, 조별과제 1개로 과제 양은 좀 많습니다. 과목 특성 상 레포트 쓸 때도 고민을 많이 해보고 스스로 입장을 어느정도 정리해서 논리적으로 펼쳐나가야 하기 때문에 시간도 꽤 걸립니다. 조별과제는 좋아하는 작가의 작품을 선정하여 소개하는 것입니다. 부담되는 팀플은 아닙니다. 다만 저 모든 것을 한 학기에 마쳐야 하는 것이 부담일 뿐... 코로나때문에 절평으로 주셔서인지 학점은 잘 나왔습니다."
예술의 가치와 비평,조선우,19,Fall,5.0,"글쓰기과제 3번, 조별발표 1번으로 시험을 대체하는 과목
교수님 강의력과 강의내용 관악 탑 티어 수준 명강의
글쓰기 과제는 글을 잘 쓰기보다 논제가 요구하는 내용을 잘 담아내는 것이 중요함"
예술의 가치와 비평,조선우,19,Spring,4.0,"총평: 새내기가 듣기엔 좀 그런 교양. 각오하고 들으면 괜찮은 수업.

새내기로서 중간고사 이후 정말 힘든 학기를 보내는데 일조한 수업.
수업은 주로 미학과 관련된 다양한 논쟁점들을 짚어보는 형식으로 진행된다. 교수님의 자기 생각은 그리 크게 묻어나지는 않는다.

중간 레포트 두 개는 주제가 있긴 하나 미학이나 예술 관련한 문외한으로서 구체적인 사례를 찾는 게 힘들었다. 수강생들 중 초고학번이거나 남다른 덕후들이 조금 있어서 중간레포트 성적은 크게 좋지 않았다.

발표는 자유주제 조별발표다. 난 엄청 수준 높은 2학년분들과 해서 정말정말 힘들었다. 거의 강제로 버스에 탑승했다. 그래서 발표점수는 되게 잘 받은 듯하다.(느낌상) 다만 몇몇 초고인물들만 유별난 아웃라어인건지, 전반적인 발표수준은 몇몇조를 제외하면 좀 별로인 경우가 많았다. 

기말페이퍼는 완전 자유주제고 분량도 3~4페이지다. 나는 도저히 쓸게 없어서 자드할까하다가 특강 온 강사님 페이퍼를 바탕으로 부교재를 비판하는 내용을 썻다. 부교재 저자랑 교수님이 사이가 안 좋으셔서 그런진 몰라도 그게 되게 높은 점수를 받은 듯.

채점기준은 중간과제의 경우 일일이 조교가 코멘트를 달아주어 나름 납득할 수 있었다. 과목이 과목이니만큼 채점시비가 생길 수밖에 없는데, 교수님은 기말과제 기준에 대해서 나름대로 수업시간에 설명하려 노력하셨다.  

필기시험은 없지만 페이퍼랑 발표가 정말 대학다운 자유주제라 많이 힘들었다. 고등학교 생활에 익숙해진 새내기는 감당하기 힘들었다. 학점은 잘 챙겨가지만 새내기 라이프 상당수를 희생했다는 점에서 새내기에겐 추천하지 않는다."
예술의 가치와 비평,조선우,19,Spring,3.0,아래평이 잘 설명한듯. 수업 내용도 좋고 로드도 페이퍼3+팀플1(시험없음)이고 같이 수업듣는 사람들에게서 배워갈 것도 많지만 이번학기에 교수님이 너무 수업 힘들어하시는게 눈에 보여서 조금 힘빠지는 면이 있었음. 근데 그걸 교수님 탓을 하기도 조금 뭐하고.. 수업 자체는 좋음
예술의 가치와 비평,조선우,19,Spring,3.0,원래 강의 엄청 잘하시는 거 같은데 이번학기 좀 힘들어하시는게 느껴짐. 중간 중간 계속 끊겨서 전달이 잘 안된거많음. 힘든거 계속 얘기 해서 힘빠지기도함. 약간 뭘 배운다기보다 걍 생각하는 걸 넓히는 수업. 학점 필요시 피하시길추천. 열심히하는 인간들 관악에서 모인듯 열정넘침.
예술의 가치와 비평,조선우,18,Spring,5.0,"1-2장 내외의 글쓰기 2번
기말레포트
 예술을 좋아하신다면 더할 나위 없이 좋은 선생님, 좋은 수업입니다. ㅎㅎ"
예술의 가치와 비평,조선우,18,Fall,5.0,"수강신청기간도 끝났으니 써봅니다. 이런 교수님이 서울대가 아니라 한예종에 계시다니..(서울대는 출강) 얼른 관악에서 영입했으면 좋겠습니다. 마음같아선 온갖 예술 관련 교양 다 맡아주셨으면 좋겠지만 교수님도 쉬녀야 하니까ㅠ..욕심은 부리지 않겠습니다. 쿨하고 똑똑하신 교수님의 강의를 한 학기동안 재미있게 들을 수 있고, 시험 없이 레포트 3번에 팀발표 1번으로 로드도 적습니다. 더불어 픽순까지 혜자라서 정말 18-2 가뭄의 단비 같은 수업이었습니다. 물론 글쓰기 부담이 약간 있기는 하지만, 예술에 관심이 있고 글에 좀 자신있으신 분들이면 무난하리라고 생각합니다! 또 듣고싶네요ㅠ"
예술의 가치와 비평,조선우,18,Fall,4.0,교수님은 정말 좋으시다... 강의력도 뛰어나고 전달력이 좋아서 배워가는건 많았음...  과제는 중간 리포트2/기말리포트1/ 팀플발표 하나고 기준은 잘 모르겟지만 낮진 않ㅇ은듯.. 무엇보다 팀플발표 들으면서 다들 너무 열심히 하실뿐더러 똑똑한 수강생들이 많아서 그런지 글쓰기 과제에서 좋은 성적을 기대하기는 힘들었다. 글쓰기를 웬만큼 한다고 하더라도 얕볼 과제는 아님... 본인이 예술에 어느 정도 식견이 잇고 관심잇는 작가가 잇다면 추천하겟지만 예술에 완전히 지식이 없고 입문러라면 성적을 위해서라면 딱히 추천하진 않겟음.
예술의 가치와 비평,조선우,18,Fall,4.0,"일단 교수님 강의력은 정말 좋으십니다 그리고 너무 시원시원하고 멋있으세요 옷도 너무 잘입으심 매 수업 주제도 흥미롭습니다 미학 관련 주제에 흥미가 있으시다면 즐겁게 들으실 수 있습니다 
다만 시험이 없고 중간 레포트 2번 기말 레포트 1번 발표1 번으로 성적을 내셔서.. 노력해서 좋은 성적을 받아가는 강의가 아닙니다ㅠㅠ 글을 잘써야하고 기말 레포트의 경우에는 첨삭이 제공되지도 않습니다 (문의하면 알려주실수도 있지만..?) 발표와 글로만 성적이 나오다보니 아무래도 성적 기준이 시험처럼 정확하지 않다고 느낄 수 있는 부분도 있구요
그치만 교수님 강의가 너무 재미있어서 한학기 즐겁게 들었습니다!! 멋져요 교수님.."
예술의 가치와 비평,조선우,18,Fall,4.0,나는 예술에 관심이 있다고 생각했는데 아닌것같ㅇ...예술 찌끄레기인 저는 비플을받았지만 만족ㅎㅏ지는않지만 감사합니다 제가 딱 그 정도 한 것 같아용. 수업내용 미리미리 복습하면 이해 따라갈수있고! 참고로 '미학'수업이잖습니까? 거의 철학입니당!
예술의 가치와 비평,조선우,18,Spring,5.0,"킹-갓-조선우 선생님. 예술에 대해 조금이라도 관심이 있다! 하면 들으세요. 먼저 교수님의 강의력이 대단하십니다. 피피티 위주로 수업하시는데,  이번 봄학기는 3시간 통강이었음에도 불구하고 지루할 틈이 거의 없었습니다. 이론수업도 있긴 하지만 이 수업이 시험이 없는 수업이라서 부담이 거의 없고, 그 이론수업도 '예술이란 무엇인가(어떤 조형물이 예술의 범위에 포함될 수 있는가)' 라는 큰 틀에서 포르노그래피는 예술이 될 수 있는가, 예술의 가치에 도덕성은 어떤 영향을 끼치는가 등 모두 흥미로운 주제들로 진행됩니다. 그리고 교수님께서 주로 예시 위주로 수업하셔서 이해하기도 용이하고 썰 풀어주시는걸 듣다 보면 확실히 예술적 인간이 되어가는 것 같다는 느낌을(느낌만...) 받을 수 있습니다. 로드는 중간 페이퍼(2장분량)2번, 기말 페이퍼(3~4장분량) 1번, 조별발표 1번입니다. 시험이 없다는 점을 감안하면 많은 로드는 아니라고 생각합니다. 대신 페이퍼의 주제가 좀 까다롭습니다. 스스로의 머리를 짜내서 되도않는 이론이라도 만들어야 하는 식이라... 그래도 킹황갓조선우선생님의 anyway 와 함께 한 한학기 너무너무 즐거웠습니다. 학점은 중간페이퍼 1 a-, 2 a 받고 기말 평타로 쓰고 발표 중상정도로 했더니 a0 나왔습니다. 쁠몰도 아니고, 조별과제도 있어서 꿀강이라고 보기는 어렵습니다. 그러나 예술, 특히 미술에 약간이라도 관심이 있으신 분께는 명강인건 보장합니다. 저는 정말정말 좋았어요. 에이쁠받은것도 아닌데 이렇게 길게 강의평가를 쓴 저의 진정성은 믿으셔도 됩니다."
예술의 가치와 비평,조선우,17,Spring,4.0,중간 기말 없고 레포트만 3개정도 쓰면 됐던 것 같은데요 레포트도 분량 많지 않았고 배운거랑 생각 좀 섞어쓰면 되는 것 같슴다 조별 과제 썩 잘하지 못했는데 레포트 성적들이 최종 성적이랑 같았어요 내용은  이따금 어려운 내용이 나오는데 수업듣고 교재보면 괜찮습니다 로드 엄청 빡세지도 않고 교수님께서 말씀도 잘하셔서 들어도 좋을 것 같습니다
