컴퓨팅 기초: 처음 만나는 컴퓨팅,최정인,23,Fall,4.0,시험 한번인거 감안하면 무난한 난이도에 진입장벽 높지 않은 강의라고 생각합니다!
컴퓨팅 기초: 처음 만나는 컴퓨팅,최정인,23,Fall,5.0,코딩 진짜 완전 처음 배운건데 그렇게 쉽지만은 않았던 것 같아요. 기말 즈음에는 그냥 받아쓰기만 했네요ㅜ 그래도 교수님 엄청 착하시고 설명도 잘 해주십니다. 에쎈유여서 편하게 들었던 것 같아요
컴퓨팅 기초: 처음 만나는 컴퓨팅,최정인,23,Fall,4.0,교수님 강의력이 좋으셔서 재밌게 들을 수 있어요. 다만 기말고사 기간 쯤에는 받아쓰기 대회가 됩니다 .. 그래도 S/U 3학점 개꿀
컴퓨팅 기초: 처음 만나는 컴퓨팅,최정인,23,Spring,4.0,역시 코딩은 내 길이 아니구나!를 알 수 있었던 강의
컴퓨팅 기초: 처음 만나는 컴퓨팅,최정인,23,Spring,5.0,꿀강. 상대평가였다면 팀플 때문에 스트레스가 심했을 것 같은데 절평이라 마음 편하게 진행할 수 있었다. 파이썬 기초 배우는 용으로 좋습니다!
컴퓨팅 기초: 처음 만나는 컴퓨팅,최정인,23,Fall,5.0,"뒤로 갈수록 그냥 이해하길 포기하게 됩니다
그치만 출석만 잘해도 무조건 S니까 다들 부담없이 들으세요"
컴퓨팅 기초: 처음 만나는 컴퓨팅,최정인,23,Fall,5.0,"컴기는 듣고 졸업하자.
교수님과 튜터님 모두 너무 착하심"
컴퓨팅 기초: 처음 만나는 컴퓨팅,최정인,23,Fall,5.0,적당히 잘 듣고 3학점 받아갑니다! 생각보다 기초 수준에서도 이것저것 얻어간다는 느낌!
컴퓨팅 기초: 처음 만나는 컴퓨팅,최정인,23,Fall,4.0,"그냥 필수교양 채우기에 그냥저냥
뒤로 갈수록 그냥 받아쓰기 테스트가 되어버림"
컴퓨팅 기초: 처음 만나는 컴퓨팅,최정인,23,Fall,5.0,파이썬이 아예~ 처음이라면 중반 이후부터는 조금 빠르게 느껴질 수는 있지만 그래도 얻어가는 게 많습니다. 교수님과 튜터님들이 질문도 잘 받아주셔서 어려운 부분 해결하는 데도 큰 문제 없었어요!
컴퓨팅 기초: 처음 만나는 컴퓨팅,최정인,23,Fall,5.0,코딩이 처음이라 중간 이후부터는 수업을 이해할 수 없게 되었습니다. 그럼에도 실습과제 받아쓰기 열심히 하고 중간기말 어찌저찌 작성했더니 S나왔습니다. 이과 교양 채우기 참 좋은 강의 같습니다.
컴퓨팅 기초: 처음 만나는 컴퓨팅,최정인,23,Fall,5.0,"출석하고 수업 듣기만 해도 U는 나올 일 없음
수업을 자주 일찍 끝내주셔서 너무 좋았음
팀플이 있는 게 굳이 단점이라면 단점인데 그렇게 빡센 편도 아닌지라 
개인적으로 만족 추천함!!"
컴퓨팅 기초: 처음 만나는 컴퓨팅,최정인,23,Fall,5.0,꿀이에요. 수업 집중해서 안 들어도 됩니다. 자료 읽고 흐름만 알아놔도 따라갈 수 있을 정도의 난이도입니다.
컴퓨팅 기초: 처음 만나는 컴퓨팅,최정인,23,Fall,3.0,"개인적으로 교수님 강의력이 조금 아쉬웠던 것 같습니다. 수업을 열심히 하시지만 전달력은 좀 부족했던 것 같습니다. 성적도 칼같이 잘라 주시는 것 같고요. 그와 별개로 교수님이 착하시고, 수업은 대부분 일찍 끝내주십니다."
컴퓨팅 기초: 처음 만나는 컴퓨팅,최정인,23,Fall,5.0,이론 수업하시는 날에는 조금 늦어도 출석 인정해주시는 데다가 항상 학생들 많이 배려해주는 수업. 물론 본인은 컴맹이라 잘 하진 못했지만 적어도 실력이 부족해서 u가 나올 일은 없는 수업. 추천합니다!
컴퓨팅 기초: 처음 만나는 컴퓨팅,최정인,23,Fall,5.0,컴기 졸업 요건이라 들었습니다. 중간 이후 진도부터는 이해 포기하고 영어 받아쓰기 쇼쇼쇼 였습니다만 뭐 그래도 성적이나 과제를 하는데 문제는 없으니 걱정 마세요. 기말 조만 잘 걸리면 꿀? 이겠지만 본인이 총대를 맬수도 있다는 것을 기억하시고… 조는 정말 랜덤이니 행운을 빕니다. 근데 그냥 가서 앉아만 있어도 패스 주셔요
컴퓨팅 기초: 처음 만나는 컴퓨팅,최정인,23,Fall,4.0,컴맹이라 함수부분부터 포기했지만 정말 열정적으로 잘 가르쳐주시고 과제도 없고 실습 시간만 열심히 하면 되는 꿀인 수업. 다만 컴기 과목 특성상 조금이라도 놓치면 따라가기가 힘듦 ㅠ
컴퓨팅 기초: 처음 만나는 컴퓨팅,최정인,23,Fall,5.0,그냥 컴기 들어야 한다면 이 교수님 들으세요. 솔직히 열심히 코딩 배우고 싶다하는 분들한테도 좋은 교수님이고 그냥 대충 학점 받고 넘기고 싶다 하는 분들한테도 좋은 교수님입니다. 팀플이 있다는 게 약간 미스긴 하지만 전 조원분들 각자 열심히 해주셔서 괜찮았어요
컴퓨팅 기초: 처음 만나는 컴퓨팅,최정인,23,Fall,5.0,교수님이 열정적임. 페논페니까 코딩에 관심있다면 해보는 거 추천함
컴퓨팅 기초: 처음 만나는 컴퓨팅,최정인,23,Spring,5.0,노베여도 수업 잘 듣고 실습문제 답안 베껴서 내지 말고 스스로 시행착오하는 과정을 거치면 정말 많이 성장할 수 있는 수업. 그러나 수업 제대로 안 듣고 실습과제 답안 베껴 내고 하면 얻어가는 게 없습니다. 에쎈유라 성적 받기는 쉽지만 본인의 의지에 따라 얼마나 얻어가는지가 달라집니다. 교수님 완전 친절하시고 조교분들도 너무 친절하셨습니다.
컴퓨팅 기초: 처음 만나는 컴퓨팅,최정인,23,Spring,5.0,"파이썬 입문자라면 들으면 좋을 강의라고 생각합니다
다만 수업이 반복적인 설명이 대부분이라 조금 지루하실 수도 있긴 합니다
시험은 따로없고 중간프로젝트(개인), 기말프로젝트(조별) 이렇게 크게 두개, 그리고 2회 수업마다 쉬운 실습제출 과제가 있습니다"
컴퓨팅 기초: 처음 만나는 컴퓨팅,최정인,23,Spring,5.0,"파이썬 프로그래밍의 기초를 배웁니다. 매주 실습시간에 과제가 나오지만 조교님께서 수업시간 중 풀이를 하시기 때문에 문제를 못풀어서 과제를 못 낼 일은 없습니다. 중간 프로젝트는 개인, 기말 프로젝트는 팀플입니다. s&u이기에 성적 부담은 전혀 없고, 파이썬을 제대로 배우고자 마음먹으면 꽤 많은 내용을 얻어가실 수 있을 것입니다."
컴퓨팅 기초: 처음 만나는 컴퓨팅,최정인,23,Spring,5.0,"파이썬을 넓은 범위에서 기본적인 개념들을 배우는 수업 방식임
중간은 배웠던 내용들로 프로그램을 만들고 보고서를 쓰는 것이었고 기말은 조별로 자료를 분석하고 발표를 하는 것이었음
너무 많은 내용들을 배워 모든 내용을 이해할 수는 없었지만 성적도 대체로 후하게 주시고 참여만 열심히 하면 S는 무난하게 받을 수 있음"
컴퓨팅 기초: 처음 만나는 컴퓨팅,최정인,23,Spring,5.0,교수님 너무 좋으십니다!! 질문에 굉장히 친절하게 답해주시고 강의력도 좋으셔서 배워가는 게 많았습니다. 파이썬 초보 입장에서 중간고사 이후부터 내용 따라가기가 다소 어렵긴 했어요. 그래도 s/u라 부담도 없고 좋았어요
컴퓨팅 기초: 처음 만나는 컴퓨팅,최정인,23,Spring,5.0,"S/U인데다 교수님, 조교님들 전부 친절하십니다! 과제의 경우, 수업 시간 내에 해결할 수 있도록 구성되어 있어 중간, 기말 프로젝트를 제외하면 로드는 거의 없는 편입니다. 코딩이 그렇듯 얻어가는 게 있으려면 스스로 공부해야 하는 감은 어느 정도 있습니다. 꿀강 추천합니다!"
컴퓨팅 기초: 처음 만나는 컴퓨팅,최정인,23,Spring,5.0,수업을 잘 들으면 잘 따라갈 수 있습니다!! 수업도 친절하고 튜터님들도 친절하셔서 좋았어요. 저는 놀다가 중간 이후로는 과제 전부 답보고 베껴서 냈습니다 ㅜㅜ 기말 프로젝트가 에센유 과목 치고는 힘들었는데 이건 저희 조원들이 일을 안 해서 그런 것 같습니다. 다들 에센유라 컴기는 뒷전으로 놓고 다른 거 해서 그런 것 같아요…
컴퓨팅 기초: 처음 만나는 컴퓨팅,최정인,23,Spring,5.0,출석만 잘하면 s 받을 수 있는 꿀강입니다. 제가 파이썬에 대해 정말 노베였던 사람인데 이론 수업과 실습 수업 덕분에 파이썬에 대해 어느정도 이해할 수 있게 된 것 같습니다. 교수님께서 매우 친절하십니다. 21세기 대학생으로써 컴기 교양 하나쯤은 듣는 것을 추천드립니다.
컴퓨팅 기초: 처음 만나는 컴퓨팅,최정인,23,Spring,5.0,"고등학교 때 파이썬을 어느 정도 배웠기에 아는 내용이 많아서 그냥 쉬는 느낌으로 들었습니다. 실습 문제도 나름 흥미로웠고, PPT도 되게 잘 만들어서 파이썬 처음 입문하시는 분들이 배우고 또 나중에 필요할 때 복습하기 좋을 것 같다고 생각해요. 실습 문제 빠르게 풀면 일찍 나갈 수 있으니 이미 파이썬 할 줄 아셔도 듣기에 좋은 강의라고 생각합니다(배워가는 건 별로 없어도).
중간과제는 다른 사람이 제안한 프로젝트를 구현하는 것이고, 기말과제는 조별로 프로젝트 하나 만드는 것입니다. 강의에서 아쉬운 점이 하나 있다면 기말과제가 조별이라는 점."
컴퓨팅 기초: 처음 만나는 컴퓨팅,최정인,23,Spring,5.0,교수님께서 너무 친절하시고 시험이 없어서 부담이 작았어요! 중간 기말 둘다 시험 대체 프로젝트가 있고 기말은 팀프로젝트입니다!! 하지만 제 쌩노베인 제가 따라가기에는 내용자체가 좀 버겁긴했네요..
컴퓨팅 기초: 처음 만나는 컴퓨팅,최정인,23,Spring,4.0,"파이썬 쌩초보로서 따라가기 조금 버거웠습니다. 물론 질문할 수 있는 조교님들, 튜터님들 있었지만 개념 자체가 갑자기 어려워져서 중간에 조금 손을 놓게 된 듯 합니다. 그래도 어찌저찌 따라가고 2번 결석했는데도 최종 98점으로 S받은 걸 보니 정말 후하게 점수 채점하시는 것 같습니다! s/u로 가볍게 잘 듣고 갑니다"
컴퓨팅 기초: 처음 만나는 컴퓨팅,최정인,23,Spring,5.0,"아래 강의평처럼 완전 떠먹여주는 수업은 아니어서, 이 수업을 통해 얻어가는게 많으려면 스스로 시간 내서 복습해야할 것 같습니다.(물론 s/u 교양이라 저는 굳이 그러진 않았습니다.) 중간 기말 점수도 엄청 너그럽게 주세요. 기획안에 있는거 다 구현 못하고 중간 프로젝트 제출했는데 만점 주셨습니다. 부담없이 파이썬 접할 수 있어 좋았네요."
컴퓨팅 기초: 처음 만나는 컴퓨팅,최정인,23,Spring,5.0,"너무 친절하세요 설명도 노베들도 쉽게 이해할수있도록 하나하나 차근차근 알려주시는 느낌입니다. 평소 수업때도 잠깐 학생들 실습시킬 시간동안 돌아다니시면서 헤메는 학생들 친절하게 도와주시고 수업 전반적으로 되게 적극적이십니다. 물론 수업을 제대로 다 듣는다는 전제하에 노베도 꽤 따라갈수있는거지, 저는 후반부에서 2번정도 졸아서 놓쳤더니 아예 새로운 주제의 수업이 나올때까지 연결된 수업에서는 계속 이해하지 못했습니다. 수업 때 졸지 않고 듣기만해도 괜찮을듯합니다. 그래서 이해못한 회차들의 과제는 안낸적이 몇번 있었습니다. 그리고 결석은 한번 했었는데 S/U라 그런지 S 받았습니다. 로드는 중간개인프로젝트 하나와 기말팀프로젝트가 있습니다. 기말프로젝트에서 발표는 모든 조원이 필수로 해야합니다. 참고로 교수님께서 마지막 수업때 기말프로젝트에서 발표한 모든 사람들은 꼭 S를 받게끔 하실거라고 하셨습니다."
컴퓨팅 기초: 처음 만나는 컴퓨팅,최정인,23,Spring,5.0,"튜터님 교수님께서 굉장히 친절하시고… 노베인 저도 s/u고 잘 알려주셔서 성적 걱정은 하지 않았지만, 중간에 수업을 좀 놓쳤더니 점점 이해하기 어렵더라구요  본인 의지만 있으면 많은 걸 배워갈 수 있는 수업인듯"
컴퓨팅 기초: 처음 만나는 컴퓨팅,최정인,23,Spring,5.0,"지금까지 강의 중 가장 편했던 강의
튜터님들도 엄청 친절하셔서 모르는거있어도 엄청 잘 알려주세요"
컴퓨팅 기초: 처음 만나는 컴퓨팅,최정인,23,Spring,5.0,"수강하기는 편했지만, 노베로서 조금 어려운 점이 많았던 강의입니다. 수업을 열심히 들어도 과제를 풀기가 어려웠던 것 같습니다."
컴퓨팅 기초: 처음 만나는 컴퓨팅,최정인,23,Spring,4.0,노베로서 중간 이후부터 따라가기 매우 힘들었음.... 매주 실습 과제를 내야하는데 중간 이후부터는 그냥 조교님 말씀하실 때 베낌ㅋㅋㅋㅋ s/u라서 다행이긴 한데 s를 받아도 파이썬은 여전히 못함...
컴퓨팅 기초: 처음 만나는 컴퓨팅,최정인,23,Spring,5.0,파이썬 처음 배우는데 과제나 프로젝트할 때 크게 어려운 것 없었습니다. 과제는 실습시간에 방법 다 알려주십니다. 설명도 잘 해주세요. S&U 개꿀 3학점입니다.
컴퓨팅 기초: 처음 만나는 컴퓨팅,최정인,23,Spring,5.0,"중간개인프로젝트1개, 기말 팀프로젝트1개와 발표, 일주일에 한시간 실습시간에 과제제출이 있습니다
중간개인프로젝트는 별로 어려운내용은 아니라 3시간정도면 끝낼 수 있었구요 
기말도 주제선정 잘하고 팀원만 잘만나면 금방 끝납니다 (만점받을 생각아니고 적당히 패스할정도로만 한다면요)
과제제출도 실습시간마다 정답 알려주셔서 크게 부담은 없습니다
출석은 6번 이상빠지면 패스가 안나오기때문에 제대로 확인하면서 .. 선택을 하시길 바랍니다 
아무튼 컴기 자체가 교수님 상관없이 에센유 꿀강이라 수강을 추천합니다"
컴퓨팅 기초: 처음 만나는 컴퓨팅,최정인,23,Spring,5.0,"수업이 친절하고 원활하게 진행됨
다만 쉬는 시간을 좀 정해서 주셨으면(아침이라 졸림)
프로젝트는 적당히만 하면 S 가능"
컴퓨팅 기초: 처음 만나는 컴퓨팅,최정인,23,Spring,5.0,올해 새로 오신 교수님인데 매우 친절하고 좋으십니다. 제가 많이 잤는데도 팀플 지도하실 때 친절하게 대해주셨습니다. 수업 중에 기말 프로젝트 준비를 위한 시간도 많이 주시고 진행 상황도 수시로 체크해 주셔서 잠수 타는 조원 없이 원활하게 진행되었던 것 같습니다.
컴퓨팅 기초: 처음 만나는 컴퓨팅,최정인,23,Spring,5.0,"레알 꿀강입니다... 물론 제 머리가 미천한 탓에 중간 이후부터는 코드를 겨우겨우 따라가는 상태였지만, 그것과는 별개로 부담 없고 편안한 강의입니다.
시험은 일체 없고 중간프로젝트, 기말프로젝트 있으며 중간의 경우 배운 범위 내의 코드를 이용하여 간단한 프로그램 제작 (전혀 어렵지 않음), 기말의 경우 팀으로 주제를 자유롭게 정해 프로젝트를 진행하는 것입니다. 에쎈유라 부담도 전혀 없고 실상 딴짓하기도 좋으니 꼭꼭 들으십쇼

아 그리고 출석은 매번 직접호명이지만 몇 번 빠져도 타격 없습니다!"
컴퓨팅 기초: 처음 만나는 컴퓨팅,최정인,23,Spring,5.0,"과제는 실습 매주 5문제씩 있는 게 끝인데 모범답안도 실습시간에 다 보여주십니다
조별과제도 무난해요"
컴퓨팅 기초: 처음 만나는 컴퓨팅,최정인,23,Spring,5.0,"기말 팀 프로젝트 때 1인분을 하지 않고 답장도 잘 안 하는 몇몇 조원을 만나 고생했지만(찔리면 반성하시길), 아래 강의평에 쓰인 것처럼 교수님은 굉장히 친절하고 합리적이시며 무난한 s/u 강의였습니다"
컴퓨팅 기초: 처음 만나는 컴퓨팅,최정인,23,Spring,5.0,파이썬 하나도 모르는 상태로 코딩 배우고 싶어서 수업 들었는데 초반에는 쉬워서 재밌어요! 하지만 시간이 지날 수록 양도 많고 너무 어렵더라구요! 교수님도 정말 친절하시고 종강때 팀발표 참여한 사람은 출석문제만 없으면 모두 s받도록 해주신다고 하셨어요!
컴퓨팅 기초: 처음 만나는 컴퓨팅,최정인,23,Spring,5.0,"파이썬 하나도 모르는 사람이었는데 친절하게 잘 가르쳐주시고 수업이랑 실습 때 교수님이랑 튜터분들이 도와주셔서 무난하게 따라 갈 수 있었습니다
복습을 열심히 안해서 실습이 쉽진 않았지만 조교님이 예시답안 보여주셔서 해보다가 안되면 그거대로 해도 되고요
중간 프로젝트(개인) 기말 프로젝트(팀)도 크게 부담되지 않는 수준입니다"
컴퓨팅 기초: 처음 만나는 컴퓨팅,최정인,23,Spring,5.0,"중간 프로젝트 개인별 하나 있습니다 
다른 사람 계획서 현실화하는건데 크게 어렵지 않아요
기말은 팀플이고 배운거 총 동원해서 프로그램 만드는 겁니다 수업 시간에 실습시간 충분히 주셔서 따라가기도 수월해요"
컴퓨팅 기초: 처음 만나는 컴퓨팅,최정인,23,Spring,5.0,"시험이 없고, 3학점인 s/u 과목이라 편하게 들을 수 있습니다.
중간은 프로젝트 과제가 있는데 개인 프로젝트로, 자유롭게 주제 정해서 기획안 만드는 것입니다. 그리고 다른 학생의 기획안을 받아서 구현하는 것까지가 중간 프로젝트입니다.
기말은 팀별 프로젝트입니다.
매주 5문제씩 과제가 있으나 수업시간에 모범답안도 다 공개해주셔서 부담 없을 겁니다.
컴퓨팅에 관심 있다면 추천드립니다!"
컴퓨팅 기초: 처음 만나는 컴퓨팅,이상혁,23,Summer,5.0,"계절로 들었는데, 과제가 매번 있어서 좀 귀찮긴 했지만 자동으로 복습하게 돼서 따라갈만 했습니다 그리고 이해 못해도 교수님이나 튜터님들께 질문하면 친절하게 알려주세요!"
컴퓨팅 기초: 처음 만나는 컴퓨팅,이상혁,24,Spring,1.0,진짜 별로에요. 특히 중간 이후 배우는 내용은 다른 교수님보다 어렵게 가르치셔서 따라가기 힘들고 수업 듣는 걸 아예 포기해버렸어요. 게다가 이번 햑기부터 퀴즈가 추가되서 4번정도 퀴즈를 보는데 이걸 보기 위해 공부하는 시간이 너무 아까워요. 저같으면 다른 교수님 컴기 들으라고 하고 싶네요.
컴퓨팅 기초: 처음 만나는 컴퓨팅,이상혁,23,Spring,5.0,쉽고 강의 ppt만 보면 대부분의 과제/중간/기말 프로젝트도 잘 할 수 있어요!! 추천합니당
컴퓨팅 기초: 처음 만나는 컴퓨팅,이상혁,23,Fall,5.0,정말 친절하십니다. 덕분에 즐겁게 배울 수 있었습니다. 감사합니다.
컴퓨팅 기초: 처음 만나는 컴퓨팅,이상혁,23,Fall,5.0,"대상혁
설명 잘해주시고 과제들도 수업 시간에 들은 내용만 잘 활용한다면 어렵지 않습니다!! 팀플이 마지막에 하나 있긴 하지만 배운 선에서 무난하게 할 수 있는 정도라 좋았습니다"
컴퓨팅 기초: 처음 만나는 컴퓨팅,이상혁,23,Fall,5.0,"또 당신입니까 대상혁..! 숭배합니다 그저 goat
문과로서 이과 교양을 이렇게 쉽게 s/u로 치우다니 그것만으로 이미 최고
더불어 친절하신 교수님의 설명에 눈물을 휘날리면 파이썬에 관심이 생겼습니다. 사랑해요 이상혁!
당신의 드립이 그지같더라도 그것마저 사랑해"
컴퓨팅 기초: 처음 만나는 컴퓨팅,이상혁,23,Fall,4.0,은근 과제와 중간 기말에서 할게 많지만 나름 재밌게 수업 들었습니다.
컴퓨팅 기초: 처음 만나는 컴퓨팅,이상혁,23,Fall,5.0,"모든 길을 대상혁으로 통한다. 숭배합니다 GOAT.

기본적으로 S/U강의라 부담 없이 들을 수 있습니다.
평가 기준을 명확하게 알려주셔서 공부하는 입장에서도 편했습니다.

google colab 또는 앨리스를 이용하는 과제가 거의 매주 있지만, 강의 시간 내에 끝낼 수 있을 만큼 (강의를 제대로 들었다면) 어렵지 않은 과제이기 때문에 부담되진 않습니다.

중간 과제로 ""제작의뢰서 만들기 and 선정된 제작의뢰서대로 코드 짜기""가 있는데 어려운 내용은 아니라서 역시 부담되진 않습니다만, 주제를 정하는데 시간이 좀 걸리고 제작의뢰서를 만들 때 본인이 다 코드를 생각해야 하기 때문에 약간 시간은 걸립니다.

기말고사 과제는 팀플로 자유롭게 주제를 정해서 프로그램을 만드는 걸로 팀원들과 의사소통만 원활하게 된다면 5명이서 만들기 때문에 개인의 부담은 많지 않습니다.

교수님께서 학생들 배려도 많이 해주시고 파이썬에 대해 재밌게 배울 수 있어서 정말 좋은 강의였다고 생각합니다.

숭배합니다 GOAT"
컴퓨팅 기초: 처음 만나는 컴퓨팅,이상혁,23,Fall,5.0,"시험 없고 대체 과제 2번에 짜잘한 실습 과제가 여러 개 있습니다. 근데 거의 수업 시간에 배웠던 내용만으로도 충분히 풀 수 있어 다른 컴기 교양보다 괜찮아요!
수업 진도가 양이 많긴 하지만 이건 다른 컴기도 마찬가지입니다. 교수님께서 초보자를 대상으로 기초부터 재밌고 열정적으로 가르쳐주십니다! 꼭 대상혁 교수님 강의 들으세요!"
컴퓨팅 기초: 처음 만나는 컴퓨팅,이상혁,23,Fall,5.0,기말 팀플 제외하면 로드 정말 빨리끝나고 점수도 잘 주시는 것 같습니다. 재미있어요!
컴퓨팅 기초: 처음 만나는 컴퓨팅,이상혁,23,Fall,5.0,"이괴교양치우기 딱 적절한 정도.
재밌기도 합니다"
컴퓨팅 기초: 처음 만나는 컴퓨팅,이상혁,23,Fall,5.0,교수님은 좋으시지만 안맞는 코딩 꾸역꾸역 하는게 너무 힘들었습니다… 특히 수업 몇 번 빠지니까 절대 못따라가겠더라구요. 코딩 잘 맞으시면 정말 좋은 수업일 것 같아요 ㅜㅜ 저는 이 수업을 계기로 코딩이 안맞는다는걸 깨달았습니다.  그리고 아무리 s/u지만 팀플 무임승차는 하지 맙시다 제발…
컴퓨팅 기초: 처음 만나는 컴퓨팅,이상혁,23,Fall,4.0,코딩 안 맞는 건지 중간까지 재밌었는데 크롤링부터 너무너무너무 재미가 없었어요... 이론 수업 정말 지루해요.. 과제는 마지막 거 하나 안 냈고 지각 한 번 했고 S 받았슴니다~
컴퓨팅 기초: 처음 만나는 컴퓨팅,이상혁,23,Fall,5.0,"처음 컴퓨팅을 배우는 학생을 기준으로 수업해주셔서, 한번쯤 사전에 경험해보았다면 수월하게 수업을 따라갈 수 있습니다. 과제로는 거의 매주 나가는 실습과제, 그리고 중간과제(개인), 기말과제(조별)가 있었습니다. 실습과제는 기억에 많이 남았을 때 해결해서 제출하시는 걸 추천드려요! 기말과제는 수업 때 따로 할 시간을 마련해주셔서 큰 스트레스없이 진행할 수 있는 것 같아요."
컴퓨팅 기초: 처음 만나는 컴퓨팅,이상혁,23,Fall,5.0,"제기랄, 또 대상혁이야. 이 게시글만 보고 자려고 했는데, 대상혁을 보고 말았어. 이제 나는 숭배해야만 해... 숭배를 시작하면 잠이 확 깨 버릴 걸 알면서도, 나는 숭배해야만 해. 그것이 대상혁을 목도한 자의 사명이다. 자, 숭배를 시작하겠어."
컴퓨팅 기초: 처음 만나는 컴퓨팅,이상혁,23,Fall,5.0,파이썬에 대해 배우고싶은데 기초가 전혀 없어서 걱정인 분들께 추천 .. 교수님께서 학생들이 어디서 어려워하는지 잘 알고계셔서 이해가 잘 되는 수업이었습니다. 실습과제도 미리 한다면 과제량이 부담스럽다고 느껴지지는 않습니다!
컴퓨팅 기초: 처음 만나는 컴퓨팅,이상혁,23,Fall,5.0,"대대대상혁 불사대마왕 GOAT 신상혁

어 믿기지 않겠지만 또 형이야. 상혁이형"
컴퓨팅 기초: 처음 만나는 컴퓨팅,이상혁,23,Fall,5.0,로드가 없진 않음 근데 어차피 에쎈유니까 부담 가질 필요는 없고 하라는 걸 하기만 하면 됩니다! 전체적으로 튜터님 교수님 모두 기초자에게 집중하시기 때문에 베이스가 없다고 두려워하지 않아도 됨
컴퓨팅 기초: 처음 만나는 컴퓨팅,이상혁,23,Fall,5.0,S/U라서 성적 부담 없었고 교수님이랑 튜터님들 다 너무너무 친절하게 알려주셔서 이번 학기에 제일 힐링되는 수업이었습니다.. 꼭 들으세요!!
컴퓨팅 기초: 처음 만나는 컴퓨팅,이상혁,23,Fall,5.0,"시험이 없어서 좋지만 거의 매 주마다 실습 과제가 있습니다. 
시험 대신 중간고사는 개인 과제, 기말고사는 팀플 과제입니다!"
컴퓨팅 기초: 처음 만나는 컴퓨팅,이상혁,23,Spring,5.0,"물론 중간에 흐름 놓치면 어렵지만..
다른 교양 반만 투자해도 다 따라갈 수 있는 꿀강!"
컴퓨팅 기초: 처음 만나는 컴퓨팅,이상혁,23,Fall,5.0,교수님이 진짜 열정적이심 아예 쌩노베였는데 수업 들으면 다 따라갈 수 있는 정도였음 성적도 최대한 다 줘서 S 주려고 하셨음
컴퓨팅 기초: 처음 만나는 컴퓨팅,이상혁,23,Fall,5.0,초전도 교수님께서 설명해주시는 초전도 코딩 기초 강의… 교수님 감사합니다!!
컴퓨팅 기초: 처음 만나는 컴퓨팅,이상혁,23,Fall,5.0,교수님께서 너무 좋으세요 넘 친절하게 알려주심…
컴퓨팅 기초: 처음 만나는 컴퓨팅,이상혁,22,Fall,5.0,교수님이 코딩에 대해 건너뛰는 부분 없이 차근차근 이해하기 쉽게 잘 설명해주셔서 너무 좋았습니다! 과제도 크게 부담되지 않았고 조교님도 많이 도와주셔서 재미있게 수강했던 것 같습니다
컴퓨팅 기초: 처음 만나는 컴퓨팅,이상혁,23,Spring,4.0,"실습 시간에는 그 주에 배웠던 내용을 적용할 수 있는 문제를 풉니다. 매주 과제가 있지만 그렇게 부담스럽지는 않습니다.
중간 기말 시험이 아니라 대체 과제이기 때문에 쉽게 s 받을 수 있습니다"
컴퓨팅 기초: 처음 만나는 컴퓨팅,이상혁,23,Summer,4.0,"2023년 여름 수강했습니다. 매주 과제가 있는데 왠만하면 실습시간에 끝내기를 추천합니다. 중간과제는 1개인데 s/u라 힘 빼고 했고,기말조별과제는 일정이 너무 촉박했지만 s/u라 뭐..
3학점 s/u 추천합니다"
컴퓨팅 기초: 처음 만나는 컴퓨팅,이상혁,23,Spring,5.0,"매주 약간의 과제 있는거 말곤 진짜 편하게 수업 들었습니다 
수업도 이론 수업 땐 20분 정도 일찍 끝내주시거나 다 채워서 수업하시고, 실습 시간에는 빨리 하면 20분만에 나갈수도 있어요
교수님도 되게 친절하시고 강의력도 좋으세요
정말 편하고 얻은 내용 많고 보람찼던 수업입니다 강추!"
컴퓨팅 기초: 처음 만나는 컴퓨팅,이상혁,23,Summer,5.0,교수님 정말 차근차근 잘 설명해주십니다! 컴기 이상혁 교수님 수업 들으세요~
컴퓨팅 기초: 처음 만나는 컴퓨팅,이상혁,23,Spring,5.0,"Faker!
컴퓨팅 기초를 들을건데 이 강의를 인 듣는다?
단단히 미쳤군"
컴퓨팅 기초: 처음 만나는 컴퓨팅,이상혁,23,Spring,5.0,"대대대대상혁 찬양하라 GOAT 

강의력은 무난하신데 교수님 자체가 너무 너그러우시고 친절하심 튜터 분들도 굿

과제랑 중간 기말 조금 조져도 s받는 데엔 지장 X"
컴퓨팅 기초: 처음 만나는 컴퓨팅,이상혁,23,Spring,5.0,"파이썬 처음 배우는 분, 파이썬 이미 알아서 꿀빨고 싶은 분 모두 들으세요"
컴퓨팅 기초: 처음 만나는 컴퓨팅,이상혁,23,Spring,5.0,"일단 교수님이 유쾌하시고 노베의 입장을 정말 잘 이해해주세요! 수업은 하루에는 이론수업을, 또 다른 하루에는 실습수업을 진행합니다. 이론수업은 보통 수업시간 다 채워서 끝났고 실습수업은 조교님이나 교수님이 먼저 시범 보여주시고 저희가 직접 해보는 그런 형식입니다! 실습수업 날 과제도 나오는데 실습 시간에 과제를 끝낼 수 있을 때도 있어요ㅎㅎ 뒤로 갈수록 확실히 어려워지긴 하는데 교수님이 수업 때 사용하신 코드 보거나 튜터님께 질문하면 해결할 수 있습니다! 교수님께서 열정적이셔서 한 학기 동안 정말 감사했습니다😊"
컴퓨팅 기초: 처음 만나는 컴퓨팅,이상혁,23,Spring,5.0,"교수님 진짜 좋으세요... 착하고 친절하십니다!
파이썬 하나도 몰라서 걱정 많이했는데 교수님께서 코딩 처음 배우는 학생들 많이 배려해주셔서 충분히 따라갈만 했어요
교수님이나 조교님, 튜터분들 다 친절하시고 질문 잘 받아주십니다
교수님께서 원래 배워도 잊어버리는게 당연하다고 편하게 질문하라고 말씀해주셔서 너무너무 감사했습니다..
파이썬 입문하시는 분들 부담없이 듣기 좋아요!"
컴퓨팅 기초: 처음 만나는 컴퓨팅,이상혁,23,Spring,5.0,"파이썬 노베 분들이 무난하게 들을 만합니다.
컴퓨팅 기초 중에서 어떤 강의 들을까 고민 중이시라면 추천드립니다.
하지만 교수님이 재밌으시다는 강의평에는 동의할 수 없습니다..ㅋㅋㅋㅋㅋ.."
컴퓨팅 기초: 처음 만나는 컴퓨팅,이상혁,23,Spring,5.0,"중간고사 아후로.. 코딩 아~~예 노베인 저한텐 쉽지만은 않았는데요, 질문하면 답변 바로 햐주시고 많이 도와주셔서 어찌저찌 끝낼 수는 있었습니다.
중간은 개인과제(수강생이랑 문제 트레이드 해서 풀기), 기말은 팀플 자유주제 발표였습니다! 
그리고 교수님께서 과제를 못한다고 해서, 중간 기말 발표 주제가 너무 쉽다고 해서 점수를 깎으시는 건 아닌 것 같아요. 저번에 교수님께 직접 여쭤봤을 때도 실력은 모자랄 수 있다고,, 출석이 가장 중요하다고 말씀해주셨던 기억이 있네요. 
에쎈유라 엄청난 부담은 없었고, 교수님과 조교님, 그리고 튜터분들의 열정이 넘치셔서 좋았습니다."
컴퓨팅 기초: 처음 만나는 컴퓨팅,이상혁,23,Spring,5.0,"Greatest of All Time
새내기면 반드시 수강할 것
이하생략"
컴퓨팅 기초: 처음 만나는 컴퓨팅,이상혁,23,Spring,5.0,"고트
수업알차고 무엇보다 유익함
교수님 열정도 돋보이네요"
컴퓨팅 기초: 처음 만나는 컴퓨팅,이상혁,23,Spring,5.0,"내용은 많지만, 여러모로 만족스러운 강의입니다"
컴퓨팅 기초: 처음 만나는 컴퓨팅,이상혁,23,Spring,5.0,"교수님이 친절하고 코드가 맛있어요^^
3학점 채우기 좋은 개꿀강의"
컴퓨팅 기초: 처음 만나는 컴퓨팅,이상혁,23,Spring,5.0,믿고 듣는 컴기! 다만 너무 가볍게 다뤄서 아쉬웠음
컴퓨팅 기초: 처음 만나는 컴퓨팅,이상혁,22,Fall,5.0,교수님 너무 좋으시고 노베였는데 많이 배웠습니당
컴퓨팅 기초: 처음 만나는 컴퓨팅,이상혁,22,Fall,5.0,교수님이 코딩 처음 하는 사람들 마음을 너무 잘 알아주세요! 매주 과제가 있긴 하지만 별로 어렵지 않습니다 :)
컴퓨팅 기초: 처음 만나는 컴퓨팅,이상혁,23,Spring,5.0,"교수님 너무 친절하시고 로드도 매주 실습 과제 하나 있는 거 빼면 안빡세고 좋아요. 실습 과제도 잘 모르겠으면 교수님이나 조교님한테 질문하면 친절하게 다 알려주세요.
중간도 그냥 제작요청서 작성하고 코드 하나 만드는 건데 학생들이 수준이 그렇게 높지 않아서 어느 정도 쉽게 제출할 수 있어요. 조교분들도 질문 잘 받아주시고요.
교수님이 가끔 개그?하시고 혼자 웃으실 때 있는데 나름 재밌어요. 너무 친절해서 좋아욤."
컴퓨팅 기초: 처음 만나는 컴퓨팅,이상혁,22,Winter,5.0,교수님께서 학생들 배려를 많이 해 주시고 살면서 유익한 코딩을 쉽게 배울 수 있어서 좋아요
컴퓨팅 기초: 처음 만나는 컴퓨팅,이상혁,23,Spring,5.0,"교수님이 친절하시고 강의가 재미있어요
모르는게 있으면 교수님이나 조교님께 물어볼 수 있어 좋아요"
컴퓨팅 기초: 처음 만나는 컴퓨팅,이상혁,22,Fall,5.0,s/u라 부담도 없고 교수님께서 학생들 편의를 많이 봐주려 하시는 것 같아서 좋았습니다.
컴퓨팅 기초: 처음 만나는 컴퓨팅,이상혁,21,Spring,5.0,s/u라 부담도 없고 너무 즐거운 수업이었습니다. 파이썬 기초를 알아가고 또 실습도 많이 할 수 있어서 좋았어용
컴퓨팅 기초: 처음 만나는 컴퓨팅,이상혁,23,Spring,5.0,그저 갓상혁... su라 부담도 없는 수업인데 3학점에 재미도?
컴퓨팅 기초: 처음 만나는 컴퓨팅,이상혁,22,Spring,5.0,교수님이 정말 친절하시고 코딩알못들에게 아주 자비롭게 설명해주십니다. 과제가 조금 어렵긴 했는데 질문 드리면 상세하게 설명하고 도와주십니다. 기말 팀플젝도 피드백 주시면서 잘 챙겨주셔서 수월하게 발표했네요 S/U니까 과제 적당히 잘 내시고 출결만 잘 챙겨도 패스합니다
컴퓨팅 기초: 처음 만나는 컴퓨팅,이상혁,23,Spring,5.0,"아직 수강이 끝나진 않았지만 교수님 너무 좋으셔서 모두에게 알리고 싶어서 왔습니다ㅠㅠ
진짜 컴기 듣고싶으신분은 무!조!건 이상혁 교수님께 가세요"
컴퓨팅 기초: 처음 만나는 컴퓨팅,이상혁,22,Winter,5.0,파이썬에 대해서 아예 몰랐는데 쉽게 알려주셔서 많이 배울 수 있던 좋은 경험! 교수님께서 데이터사이언티스트이셔서 데이터들을 다루는 방법들에 좀 집중해서 알려주셨습니다! 중간 기말 둘 다 로드 크게 없어서 편했던 수업
컴퓨팅 기초: 처음 만나는 컴퓨팅,이상혁,22,Fall,5.0,"에쎈유라 부담없이 들었습니다
교수님이 설명도 잘해주시고 열정적이십니다"
컴퓨팅 기초: 처음 만나는 컴퓨팅,이상혁,22,Fall,5.0,"매주 과제는 있지만 s/u라서 부담 1도 없음. 수업시간에 잘 들으면 과제나 중간, 기말 보고서 다 쓸 수 있고 교수님 진짜 친절하셔서 모르는 거 있으면 다 물어보면서 배우면 됨! 다만 기말과제 는 보통 랜덤으로 팀구성되는데 잘못만나면 개고생함."
컴퓨팅 기초: 처음 만나는 컴퓨팅,이상혁,22,Fall,5.0,"학생들 많이 배려해주십니다! 
중간 과제.. 뜨자마자 쉬운 거 선택하세요. 
늦게"
컴퓨팅 기초: 처음 만나는 컴퓨팅,이상혁,22,Fall,5.0,교수님께서 되게 열정적이십니다 조교님이 내주시는 과제는 좀 어려웠던 것 같았는데 s/u라서 부담은 없었어요
컴퓨팅 기초: 처음 만나는 컴퓨팅,이상혁,22,Fall,4.0,문과생인데 진도가 좀 빠르다고 느꼈어요 ㅠㅠ 교수님이랑 조교님들이 너무 따뜻하고 친절하신데 못 따라가는 내가 너무 답답한..? ㅠㅠ 이해가 되기 전에 다른 진도를 나가다보니 수업시간에 필기한 걸로 겨우 과제 매주 해서 냈어요.. ㅋㅋㅋ S/U라서 성적 걱정은 없었지만 조금 스트레스 받을 수는 있다는..
컴퓨팅 기초: 처음 만나는 컴퓨팅,이상혁,22,Fall,5.0,중간부터는 거의 몰라서 그냥 샘플코드 붙여가며 했는데 그래도 패스 주세요^^ 질문에 상냥하게 답변해주시고 마지막에 샌드위치도 사주셨어요 히히
컴퓨팅 기초: 처음 만나는 컴퓨팅,이상혁,22,Fall,5.0,"과제가 좀 귀찮고 빡세지만(다른 컴기수업은 수업 시간 안에 모두 마무리하는 반면, 해당 수업은 추가 과제가 있습니다.) 교수님께서 유쾌하신 분이라 좋았습니다. 라이엇 데이터베이스 관리자여서 그런지 몰라도 중간중간 롤 얘기도 자주 하시더라고요... 에센유라 생각하고 편하게 들으시면 좋을 것 같습니다."
컴퓨팅 기초: 처음 만나는 컴퓨팅,이상혁,22,Fall,5.0,수강 전까지 파이썬이 코딩 프로그램 이름인 줄도 몰랐습니다. 그랬던 저도 충분히 잘 해낼 수 있을 만큼 쉽게 잘 가르쳐주십니다:) 게다가 에센유라 성적 부담도 없습니다!
컴퓨팅 기초: 처음 만나는 컴퓨팅,이상혁,22,Fall,5.0,"매 주 이론수업, 실습, 과제로 구성되며, 
시험은 아니지만 중간 프로젝트 1개, 기말 팀 프로젝트 1개가 있습니다.
기본적인 파이썬 내용들에 부가하여, 중간 이후부터는 웹크롤링 및 데이터시각화 등등 기술들을 가볍게 익히게 됩니다. 
평가는 S/U방식이고, 과락이 있습니다. 그러나 전반적으로 통과하기 어렵지는 않을 것이라 생각됩니다. 
수업에 교수님뿐만 아니라 조교님들이 굉장히 많이 있습니다. 딱히 질문은 한 적 없지만 뭔가 문제가 있을 때 친절하게 가르쳐주셨습니다.
다소 진도가 빠르게 나가는 감은 없진 않지만 이 정도는 참작할 수 있을 것 같습니다.
기말 팀프로젝트에 조원상호평가도 있지만, 무임승차 거르기 용이기에 부담 가질 필요는 없어보입니다. 
개인차는 있겠지만, 전반적으로 꽤 좋은 수업이었다고 생각합니다."
컴퓨팅 기초: 처음 만나는 컴퓨팅,이상혁,22,Fall,3.0,"과제가 매주 나와서
힘들었습니다…..
교수님은 좋으신 분 같은데
수업은 그냥 그래용"
컴퓨팅 기초: 처음 만나는 컴퓨팅,이상혁,22,Fall,5.0,"베리 굿...! 과제할 때 에러 뜨면 신경질이 나긴 하지만, 교수님과 조교님들이 너무 친절하셔서 견딜 수 있음."
컴퓨팅 기초: 처음 만나는 컴퓨팅,이상혁,22,Fall,5.0,"코딩이 어려워도 에쎈유 3학점이라는 점에서 이미 최고입니다. 교수님과 튜터분들이 굉장히 친절히 도와주셔서 매주 과제가 있고 중간, 기말 과제가 있지만 잘 마무리할 수 있었네요! 코딩 입문자 분들께 매우 추천드립니다ㅎㅎ"
컴퓨팅 기초: 처음 만나는 컴퓨팅,이상혁,22,Fall,5.0,"빛상혁 교수님..
입문자의 입장에서 정말 친절하게 가르쳐주시고 도와주십니다. 하나부터 열까지 수업자료도 꼼꼼하게 만드셔서 코딩을 잘 몰라도 충분히 따라갈 수 있는 수업이에요!"
컴퓨팅 기초: 처음 만나는 컴퓨팅,이상혁,22,Fall,5.0,"개꿀 컴기 에쎈유라 부담도 없어요
과제가 매주 있긴 한데 할만함"
컴퓨팅 기초: 처음 만나는 컴퓨팅,이상혁,22,Spring,5.0,"컴기는 무조건 이상혁교수님 ..
과제부담 거의 없습니다!"
컴퓨팅 기초: 처음 만나는 컴퓨팅,이상혁,22,Spring,5.0,"너무 친절하게 잘 가르쳐주시고 매주 과제가 있습니다..!
출석도 널널하고 부담 하나 없이 치울 수 있었어요!"
컴퓨팅 기초: 처음 만나는 컴퓨팅,이상혁,22,Spring,5.0,상혁갓! 상혁갓! 상혁갓! 상혁갓! 상혁갓! 상혁갓!
컴퓨팅 기초: 처음 만나는 컴퓨팅,이상혁,22,Fall,5.0,중간 전까지는 원리를 차근차근 설명해주시나 중간 이후부터는 이런 게 있다는 식으로 대략적으로 알려주십니다. ppt가 정말 정리가 잘 되어 있지만 중간 이후부터는 ppt가 점차 사라져서 이해가 점점 안되나 싶습니다. 하지만 전반적으로 파이썬 정말 즐겁게 배웠어요
컴퓨팅 기초: 처음 만나는 컴퓨팅,이상혁,22,Spring,5.0,"최고의 수업
2학기때 교수님의 컴퓨팅 핵심도 들을 예정입니다."
컴퓨팅 기초: 처음 만나는 컴퓨팅,이상혁,22,Spring,4.0,"꿀강은 아닌 것 같구요.. 교수님 천사는 백번인정입니다. 셀레니움 때부터 뭔소린가 싶어서 강의 못 들었고요,, 파이썬 배웁니다"
컴퓨팅 기초: 처음 만나는 컴퓨팅,이상혁,22,Spring,5.0,"진짜 너무 친절하시고 비전공자의 마음을 너무나 잘 알아주시는 교수님,,,ㅠㅠㅠㅠ 설명도 차근차근 이해하기 쉽게 해주셔서 코딩 아예 처음 접해보는 사람도 수업 잘 따라갈 수 있어요!! 과제는 그때그때 배운 내용 간단하게 활용하는 정도고 기말 팀플은 주제 쉬운걸로 잡아도 배운 내용 잘 활용하기만 하면 감점 거의 없습니다!! 그저 빛,, 컴기는 무조건 이상혁 교수님 들으세요 제발,,,!!!"
컴퓨팅 기초: 처음 만나는 컴퓨팅,이상혁,22,Spring,5.0,이상혁 교수님 천사^^ 진짜 배려 많이 해주시고 과제도 늦더라도 끝까지 다 받아서 성적 반영해주십니다!
컴퓨팅 기초: 처음 만나는 컴퓨팅,이상혁,22,Spring,5.0,"출석 조교님이 가끔 부르십니다. 매주 실습 과제는 있지만 어렵지 않고 중간은 개인 프로젝트, 기말은 팀 프로젝트입니다. 제가 했으면 모두가 할 수 있습니다. 교수님께서 실력 최하하하 학생도 배려해주셔서 행복했습니다... 꼭 들으셔요..."
컴퓨팅 기초: 처음 만나는 컴퓨팅,이상혁,22,Spring,5.0,파이썬 입문 단계에 맞게 쉽고 친절하게 알려주십니다. 학생들 배려도 많이 해 주십니다 컴기 이걸로 들으세요ㅜㅜ짱짱
컴퓨팅 기초: 처음 만나는 컴퓨팅,이상혁,22,Spring,5.0,교수님이 정말 친절하시고 너그러우십니다 그냥 과제 제출 늦게해도 다 이해해주시고 좋습니다 무조건 들으세요~
컴퓨팅 기초: 처음 만나는 컴퓨팅,이상혁,22,Spring,5.0,코딩을 처음 배워서 걱정을 정말 많이 했었는데 솔직히 초반에는 조금 버거웠지만 나중에는 너무 재미있게 들었습니다. 교수님께서 비전공자 마음을 안 다고 하시면서 잘 가르쳐주시기도 했고 조교님들도 친절하게 알려주셔서 수업 잘 따라갈 수 있었어요!
컴퓨팅 기초: 처음 만나는 컴퓨팅,이상혁,22,Spring,5.0,교수님과 조교님들 모두 매우 친절하게 알려주심. 월요일은 녹화영상이라 편하고 팀플도 간단한 주제 정하면 어렵지 않음. 그렇지만 빠른 감이 있어서 코딩 노베면 따라가기 마냥 쉬운 수업은 아닐 수도 있음.
컴퓨팅 기초: 처음 만나는 컴퓨팅,이상혁,22,Spring,5.0,매우 친절한 교수님과 조교님들 코딩을 처음 하더라도 부담없이 쉽게 배워갈 수 있는 좋은 수업
컴퓨팅 기초: 처음 만나는 컴퓨팅,이상혁,22,Spring,5.0,빛상혁..✨ 교수님 너무너무 친절하시고 파이썬의 A부터 Z까지 차근차근 잘 가르쳐주세요! 과제도 많지 않고 한 학기 동안 힐링하고 갑니다 ㅎㅎ
컴퓨팅 기초: 처음 만나는 컴퓨팅,이상혁,22,Spring,5.0,"일주일 두 번 수업 중에 첫 시간은 비대면 녹화 이론 강의였고, 두 번째 시간은 대면 실습 강의였습니다.  비대면 녹화 강의에서 교수님께서 정말 친절히 세세한 부분까지 알려주셔서 너무 편하게 배울 수 있었습니다. 강의력 짱짱이십니다!!! 매주 제출해야 하는 실습과제가 있습니다. 초반에는 20분~30분정도면 할 수 있었는데, 코딩이 처음이라 그런지 후반부에는 1시간 정도씩은 투자했던 것 같습니다. 매주 배웠던 내용을 혼자 복습해볼 수 있는 시간이어서 좋았습니다. 노네임으로 잡았는데 그저 빛..."
컴퓨팅 기초: 처음 만나는 컴퓨팅,이상혁,22,Spring,5.0,교수님이 너무너무 좋으세요...♡ 정말 부담없이 코딩에 흥미 붙이기에 최고였습니다. 실습 과제하다가 모르는 부분 질문하면 답도 굉장히 빠르시고 자세하게 설명해주셨어요. 컴퓨터에 대해 전혀 알지 못했던 문과생인데 너무 재미있게 수강했습니다!
컴퓨팅 기초: 처음 만나는 컴퓨팅,이상혁,22,Spring,5.0,코딩을 처음 접하는 학생들에게 매우매우 좋은 강의. 교수님 천사셔서 저의 허접한 질문..도 너무나 따뜻하게 잘 받아주십니다. 비전공자로서 왜 코딩을 알아야하고 어떻게 활용할 수 있는지도 잘 설명해주시고요. 들을까말까 고민되면 들으세요!!
컴퓨팅 기초: 처음 만나는 컴퓨팅,이상혁,22,Spring,5.0,교수님께서 굉장히 따뜻하시고 수강생들의 편의를 많이 봐 주십니다. 컴기 실습 가는게 즐거울 정도로 좋은 수업이었어요! 이 수업 듣고 코딩에 흥미가 생겼습니다. 만약 컴기를 들어야 한다면 세상사람 모두 이상혁 교수님 수업을 들으셔야 합니다..!!!!
컴퓨팅 기초: 처음 만나는 컴퓨팅,이상혁,22,Spring,5.0,"그저 갓... 너무 친절하시고 강의 내용도 도움이 많이 되었네요 저는 수업을 따라가는 정도에 머물렀지만 더 적극적으로 임할수록 많이 얻어갈 수 있는 수업 같아요 많이 도와주려고 하시고 여튼 조교님 교수님 너무 감사했습니다ㅠ 개인사정으로 실습 참여를 많이 못했는데 아마 이론강의 잘 챙겨 듣고 주차 과제 잘 제출하면 출석을 성적에 크게 반영은 안하시는 것 같아요ㅠ 너무 가볍지도 딥하지도 않고 여러모로 추천하는 수업이에요

 +) 팀플 프리라이딩이 간간히 있네요 뭐 su라 문제제기는 안했습니다만... 이게 유일하게 아쉬웠던거 같아요ㅎㅎ"
컴퓨팅 기초: 처음 만나는 컴퓨팅,이상혁,22,Spring,5.0,그냥 교수님이 너무 친절하심. 새벽 2시에 메일 보내니까 바로 답장해주면서 칭찬도 섞으시고 나였으면 빡쳤을텐데 천사임 천사. 과제도 우리 수준을 잘 아셔서 어렵게 안 내시고 컴기 들을거면 이상혁 교수님거 너무 좋은듯
컴퓨팅 기초: 처음 만나는 컴퓨팅,이상혁,22,Spring,5.0,비전공자의 슬픔을 이해하는 친절한 교수님. 질문에도 자세히 대답해주시고 강의력도 좋습니다. 코딩을 갓 시작한 우리에게 많은 것을 요구하지 않으세요. 추천추천~!
컴퓨팅 기초: 처음 만나는 컴퓨팅,이상혁,22,Spring,5.0,"부담없이 파이썬이란 이런거구나~를 알아갈 수 있는 수업입니다! 이론 강의에서는 초보자 눈높이에 맞춰서 차근차근 설명해주시고, 과제도 생각 좀 하고 수업 내용 좀 찾아가면서 하면 해결할 수 있는 수준이라 크게 힘들지 않았어요."
컴퓨팅 기초: 처음 만나는 컴퓨팅,이상혁,22,Spring,5.0,파이썬을 거의 모르는 상태에서 들어도 이해할 수 있었습니다! 과제도 수업만 잘 따라가면 쉽게 해결할 수 있습니다.
컴퓨팅 기초: 처음 만나는 컴퓨팅,이상혁,22,Spring,5.0,노네임으로 잡았는데 너무 갓.. 컴기는 무조건 이상혁 교수님 들으세요
컴퓨팅 기초: 처음 만나는 컴퓨팅,이상혁,22,Spring,3.0,코딩 한번도 해본 적 없었는데 많이 배워갑니다!
컴퓨팅 기초: 처음 만나는 컴퓨팅,이상혁,22,Spring,5.0,교수님 정말 친절하시고 파이썬 조금 할 줄 아는 사람 기준 이론수업 한번도 안듣고 과제 가능
컴퓨팅 기초: 처음 만나는 컴퓨팅,이상혁,22,Spring,5.0,"그저 빛 상 혁 갓 상 혁 교수님 ✨✨✨✨✨✨✨
매우 친절하시다. 매우..."
컴퓨팅 기초: 처음 만나는 컴퓨팅,이상혁,22,Spring,5.0,그저 빛... 질문 하면 엄청 친절하게 a부터 z까지 다 알려주심.. 과제를 너무 어려운 주제로 하지 않아도 됨을 강조하셔서 놀라울 정도.. 무조건 듣자
컴퓨팅 기초: 처음 만나는 컴퓨팅,이상혁,22,Spring,5.0,교수님 친절하심 이론은 동영상 녹화본 실습은 대면이었음 실습 때는 이론 강의에서 배운 거 복습하고 실습문제 풀고 과제로 비슷한 문제 주심 때로는 따로 과제 안 주시고 실습시간에 하던 문제 그대로 과제함에 올리게 하심 조교분들도 너무 친절하게 어려운 거 잘 답해주심 파이썬 하나도 몰랐는데 따라가기 좋았던 수업
컴퓨팅 기초: 처음 만나는 컴퓨팅,이상혁,22,Spring,5.0,"초반에는 파이썬에 대한 이런저런 기초들을 많이 배워서 완전 쌩초보라면 매주 배운 내용을 조금씩이라도 반복하고 복습하는 걸 추천드려요! (실력이 늘고 싶다면,,,) 주 2회 중 한 번은 녹강으로 개념 진도 나가시고 나머지 한 번은 대면 실습시간으로 배웠던 개념 복습&적용하는 방식으로 진행됐었습니다. 교수님은 학생들의 눈높이에서 차근차근 친절하게 가르쳐주시고 조교분들에게도 질문할 수 있어서 좋았던 것 같네오 :) 성적도 S/U라서 부담없이 코딩과 웹크롤링에 대해 배울 수 있는 수업이었습니다 강추!!"
컴퓨팅 기초: 처음 만나는 컴퓨팅,이상혁,22,Spring,5.0,일주일 2번 수업 중에 1번은 비대면 이론강의이고 남은 1번은 대면 실습강의+직접해보기 시간이었습니다. 그리고 매주 강의 내용 관련된 과제를 제출해야했는데 강의 들으면 할 수 있는 매우 간단한 과제입니다. 교수님 매우 친절하시고 질문하면 매우 자세히 알려주십니다. 코딩 처음 해보는 데 정말 도움 많이 되었습니다. 다들 꼭 들으세요~!!
컴퓨팅 기초: 처음 만나는 컴퓨팅,이상혁,22,Spring,5.0,교수님이 정말 친절하세요! 코딩 하나도 모르는 사람 기준으로 세세하게 설명해주셔서 수업 따라가기 수월한 것 같습니다. 강력 추천합니다!
컴퓨팅 기초: 처음 만나는 컴퓨팅,이상아,22,Spring,5.0,"처음엔 쉬웠는데 후반부에는 좀 어려웠어요. 약간 몰아치는 느낌.. 근데 질문도 잘 받아주시고 친절하셨어요 (조교님도...) 팀플 조를 잘 만나서 쉽게 기말을 해결했고, 적당히 간단한 코드를 만드는 중간고사도 나름 재미있게 했던 것 같네요"
컴퓨팅 기초: 처음 만나는 컴퓨팅,이상아,22,Spring,5.0,"기말팀플 빼고 다 재밌었음
기말팀플은 파이썬 노베가 하기에는 좀 빡셀수도 있음"
컴퓨팅 기초: 처음 만나는 컴퓨팅,이상아,22,Fall,4.0,"개인적으로 상당히 빡셌던 수업입니다. 
물론 제가 중간 과제 때 엄청 괴랄한 걸 받고 기말 팀플 때도 고생해서 그랬던 건지도 모릅니다.

그러나 과제를 배제해도 수업 진도 따라가기도 다소 벅찼습니다. 
너무 진도가 빠르다고 해야 할까요...? 
수업 내용을 이해할 틈도 없이 실습의 연속이다 보니 상당히 당황스러웠습니다.

수업도 아래 강의평에서 언급된 것처럼 이미 안다는 전제 하에 그냥 넘어가는 것이 많아서... 개인적으로 소화하기 어려웠습니다.

물론 교수님 인품은 최고이십니다.
제 실력이 비천하거나 노력이 부족해서일 수도 있으니 이 강의평은 감안해서 봐주시길 바랍니다.
그래도 이 수업을 통해 코딩 공부를 열심히 해야겠다는 의욕을 얻었습니다.

수업 자체는 괜찮았지만, 5점으로 도배될 만한 수업은 아니라 생각해서 1점 깎았습니다. 그래도 한 학기동안 잘 들었습니다."
컴퓨팅 기초: 처음 만나는 컴퓨팅,이상아,22,Fall,5.0,"살면서 코딩 1도 안해보고, 파이썬은 더더욱 해본 적 없는 사람이라서 수신할 때부터 걱정했는데 충분히 s 받았습니다!! 하지만... 데이터 파트부터 조금 벅찼아요..ㅎ 그래도 교수님 넘 러블리하고 조앗어요"
컴퓨팅 기초: 처음 만나는 컴퓨팅,이상아,22,Fall,5.0,은근히 할 건 많은데 교수님 좋으시고 꿀강에 속함
컴퓨팅 기초: 처음 만나는 컴퓨팅,이상아,22,Fall,4.0,"생각보다 그냥 그랬음… 교수님이 대체로 후루룩? 이정도는 알죠? 이런 애티튜드라 쌩초보는 열심히 수업듣고 매 강의 복습하지 않으면 좀 힘들수도 있겠다 싶었음. 그리고 웹크롤링 파트가 너무 길어서 굳이 이렇게 커리를 짰어야하나 싶었습니다.
하지만 꿀강은 맞았기에 별점 너무 깎진 않았어요.."
컴퓨팅 기초: 처음 만나는 컴퓨팅,이상아,22,Fall,5.0,"수업도 재밌고 흥미롭고 교수님도 친절하세요!
정말 코딩 입문자도 들을 만한 기초 강의입니다"
컴퓨팅 기초: 처음 만나는 컴퓨팅,이상아,22,Spring,5.0,친절하게 설명해주셔서 파이썬 아예 처음인데 따라가기 어렵지 않았습니다! 교수님 너무 귀여우세요
컴퓨팅 기초: 처음 만나는 컴퓨팅,이상아,22,Spring,5.0,성적도 잘 주시고 파이썬 배우는 내용도 매우 좋아요! 과제 기말이 조금 귀찮기는 한데 시험도 없어서 괜찮아요
컴퓨팅 기초: 처음 만나는 컴퓨팅,이상아,22,Spring,5.0,"친절하시고 과제 없고 중간, 기말 과제만 조금 귀찮습니다.
매 시간 파이썬 문제 풀어야 하지만 정말 쉽습니다. 저는 일찍 끝내고 시간 남을때마다 다른 수업 과제 했습니다"
컴퓨팅 기초: 처음 만나는 컴퓨팅,이상아,22,Spring,5.0,"교수님천사시고 중간과제 ㄱ ㅣ말과제 완전 노베면 조금 어려울 수도 있지만 잘만 따라가면 성적은 무조건 s나와여~~ 다만 진도가 매우빠르다는거,, 고등학교 한학기동안배운걸 한달만에했습니다"
컴퓨팅 기초: 처음 만나는 컴퓨팅,이상아,22,Spring,5.0,"진짜 너무너무 좋으세요
과목 자체도 S/U인데 교수님이 너무 친절하십니다. 점심 시간대 강의였는데 밥 먹으라고 캠 안켜도 된다고 하셨어요 ㅎㅎ 파이썬 처음인데 다른 컴기 교수님들과 비교했을때 과제 양도 적고 과제도 모르면 실습 마지막에 조교님들이 해설해주셔서 걱정안하셔도 될거 같아요 채점도 후하시고 행복하고 널널하게 3학점 얻어가실 수 있습니다 !"
컴퓨팅 기초: 처음 만나는 컴퓨팅,이상아,22,Spring,5.0,"과목 자체도 S/U라 좋은데 선생님도 굉장히 친절하십니다!
기초적인 파이썬을 알차게 배울 수 있었고, 하루는 이론(비대면), 하루는 실습(대면) 이렇게 나가서 배운 걸 실제로 적용해 보는 게 도움이 많이 되었던 것 같아요."
컴퓨팅 기초: 처음 만나는 컴퓨팅,이상아,22,Spring,5.0,"파이썬 조금 할 줄 알았던 사람으로서 진정한 꿀강입니다. 
3학점 쉽게 가져갈 수 있습니다. 완전완전 추천"
컴퓨팅 기초: 처음 만나는 컴퓨팅,이상아,22,Spring,5.0,"출석X S/U 꿀강입니다
중간은 타학생 제안서대로 코딩하기
기말은 팀프로젝트 코딩하기(크롤링)입니다"
컴퓨팅 기초: 처음 만나는 컴퓨팅,이상아,22,Spring,5.0,"제가 이번 학기 들었던 강의의 교수님들 중에서 단연 최고십니다... 
우선 교수님께서 학생들 배려를 많이 해주셔서 줌 수업 중에 캠을 안 켜도 무방합니다. 또한, 교수님이 젊으셔서 그런지 강의 자료가 굉장히 재밌고 이해하기가 쉽습니다! 다만 실습 문제는 좀 어려울 수 있는데, 이는 교수님이나 조교님께 질문하면 굉장히 친절하게 답변해주시니 괜찮을 것 같습니다.
시험은 없고 중간은 개인 프로그래밍, 기말은 팀 프로그래밍입니다. 채점이 굉장히 후하시니 성적은 걱정하지 않으셔도 괜찮을 것 같습니다! 교수님 강의력도 정말 좋으시기 때문에 코딩에 문외한이셔도 충분히 이해하실 수 있을 겁니다! 저도 이번 여름방학때 복습하고 2학기 때에는 컴핵으로 넘어갈 생각입니다! 이상아 교수님 컴기를 수강한건 1학기 최고의 선택입니다...!! 모두 갓상아 하세용!!"
컴퓨팅 기초: 처음 만나는 컴퓨팅,이상아,22,Spring,5.0,교수님 진짜 너무너무너무 좋으신데 에센유라고 내가 너무 막 들음.. 좀 제대로 들을걸 정신 안차리고 들어도 s 나와요 교수님 정말 좋으시니까 컴기 들을 생각이면 갓상아! 하세요
컴퓨팅 기초: 처음 만나는 컴퓨팅,이상아,22,Spring,5.0,"갓상아 🤍 언어학과 학부생 출신이시라 문과 배려도 엄청 해주시고, 수업도 넘 흥미롭고 재미있는 소재들로 진행되었어서 좋았어요! 교수님, 조교님, 튜터님들 모두가 넘 귀엽고 착하시고 힐링,,, 🥺🥺 파이썬 기초와 흥미까지 모두 잡아가는 꿀강 !!!!! 모두 퀸상아하세용 😭😭🤍🤍 (메타버스에서 코딩하는 흔치 않은 기회까지 ,, ⭐️)"
컴퓨팅 기초: 처음 만나는 컴퓨팅,이상아,22,Spring,5.0,개좋음 1학년들이 많아서 그런지 팀플도 굉장히 심도있게 하는 분들 많았음
컴퓨팅 기초: 처음 만나는 컴퓨팅,이상아,22,Spring,5.0,교수님이 학생들 배려 잘 해주심. 하루는 실강 하루는 대면 실습으로 진행했는데 실강 때 캠 안 켜도 괜찮다고 하셨음. 근데 확실히 컴퓨팅 '기초'라 그런지 파이썬 파트는 엄청 쉬웠음.
컴퓨팅 기초: 처음 만나는 컴퓨팅,이상아,22,Spring,5.0,"꿀강입니다! 교수님 사랑해요♡
교수님께선 수업을 정말 잘 해주셨지만...S/U라고 방심하면서 대충 들으면 저처럼 머릿속에 남는 게 많이 없어 후회하실수도 있습니다ㅜㅜ"
컴퓨팅 기초: 처음 만나는 컴퓨팅,이상아,22,Spring,5.0,"최고입니다 
조교님들 교수님 모두 친절하시니까 모르는거 있으면 많이 물으세요 @_@ 크롤링 하나는 제대로 배워갑니다:)"
컴퓨팅 기초: 처음 만나는 컴퓨팅,이상아,22,Spring,5.0,"이게 꿀강이 아니면 뭘까
파이썬 하나도 몰랐는데 이 수업 듣고 크롤링 배워서 잘 써먹는중
진짜 능력자가 된 기분
교수님, 조교님들도 다 친절하고 진짜 교양의 기본 교양의 정석 교양의 교보재
중간대체 1개, 팀플 1개 있음
사실 중간대체나 팀플은 수업 안들으면 따라가기 힘들 수도 (팀에 고수 한명 있으면 버스타기 좋은데 반대로 코드 이해도 어려워서 발표도 버거움)"
컴퓨팅 기초: 처음 만나는 컴퓨팅,이상아,22,Spring,5.0,"일단 S/U인데 3학점이라는 데에서 끝입니다
교수님도 설명 친절하게 잘 해주시고 초보적인 거 질문해도 차근차근 설명해주십니다
피피티에도 이것저것 재밌는 요소 넣어 주시고 학생들 생각을 많이 해 주시는 게 느껴집니다
다만 수업 안 들으면 실습 시간에 아무것도 못하고 앉아있을 수 있음
에쎈유라고 너무 놓지 말고 수업시간에는 잘 들어야 함"
컴퓨팅 기초: 처음 만나는 컴퓨팅,이상아,22,Spring,5.0,교수님 정말 친절하시고 귀여우셔서 너무 만족스러운 수업이었어요. 수업도 잘하시고 성적도 잘 주시고 마지막에 종강 선물도 주시고 진짜 만족스러운 수업이었습니다!
컴퓨팅 기초: 처음 만나는 컴퓨팅,이상아,22,Spring,5.0,"시험은 없고 중간고사 대체 개인 프로젝트, 기말고사 대체 팀 프로젝트 2회 진행함. 

중간고사 개인 프로젝트는 프로그램 제안서 작성하고, 타인의 제안서를 받아서 그대로 프로그램을 작성하는 거. 개인적으로는 어렵지 않은 프로그램이 걸려서 한 30분만에 쓰고 제출했는데 만점 받음.

기말 팀 프로젝트는 그 동안 배운 걸 종합해서 프로그램 개발하기 과제인데 본인 조는 인스타그램 게시물 검색해서 정보 따와서 분석하는 프로젝트 진행함. 가끔씩 막힐 때마다 스트레스 받긴 한데 다른 팀플이랑 비교했을 때 어려운 정도는 아니었음. 

주 2회 수업 중 1회는 비대면 실시간으로 설명 강의하시고, 1회는 대면으로 그 주에 배운 거 토대로 실습하는 위주. 실습 문제들이 어렵긴 하지만 다 못 했다고 점수 많이 깎지도 않고, 조교님들에게 질문하면 친절하게 도와주셔서 참석만 제대로 하면 실습 만점은 어렵지 않음. 결론적으로는 수업 때 정신만 붙들고 있고 실습 때 출석만 해도 충분히 많이 얻어갈 수 있는 수업. 실습 과제는 수업 시간 내에 제출하면 되고 그 외에는 로드 하나도 없음. 교수님도 착하시고 성적 잘 주시는 데다가 강의력도 좋으심."
컴퓨팅 기초: 처음 만나는 컴퓨팅,이상아,22,Spring,5.0,"수강신청의 편의를 위해 골랐던 교수 공백의 강의
귀여운 교수님과 함께하는 힐링 교양 느낌인데, 가끔은 코딩을 전혀 몰랐던 사람이라면 헤맬 수 있겠다는 생각은 든다.
그래도 강력추천. 돌아가도 바로 이거 고를듯."
컴퓨팅 기초: 처음 만나는 컴퓨팅,김현주,24,Spring,5.0,실습 들어가면 과제가 매주 하나씩 있지만 바로바로 해치울 수 있는 정도라 괜찮았구요 내용 흐름 한 번 놓치면 따라가기 어렵지만(사실 이건 어느 컴기를 듣든 마찬가지) 교수님들 튜터님들 다 완전 사소한 것들도 질문 잘 받아주셔서 얻어가는 게 많았어용
컴퓨팅 기초: 처음 만나는 컴퓨팅,김현주,23,Fall,5.0,"무조건 이 강의 들으세요 개꿀!
교수님이 엘레강스하신데 성적은 되게 너그러웡ㅅ"
컴퓨팅 기초: 처음 만나는 컴퓨팅,김현주,23,Spring,5.0,"교수님 착하시고 잘가르치십니다
성적도 S/U라서 편안해요!"
컴퓨팅 기초: 처음 만나는 컴퓨팅,김현주,23,Winter,5.0,교수님 좋으시고 덕분에 코딩 잘 배웠어요 조교님들이 수업시간에 많이들 오셔서 도와주셔서 좋아요
컴퓨팅 기초: 처음 만나는 컴퓨팅,김현주,23,Fall,5.0,"중간 프로젝트 이후로 귀에 들어오는 내용이 없었습니다.
모두 제가 우매한 탓입니다. 교수님은 잘못이 없습니다."
컴퓨팅 기초: 처음 만나는 컴퓨팅,김현주,23,Fall,5.0,"내용이 쉽진 않지만 조교님들이 도와주시고, 수업자료 참고하면 따라갈 순 있어요!!"
컴퓨팅 기초: 처음 만나는 컴퓨팅,김현주,23,Fall,5.0,컴퓨터와는 인연이 없는 문과생인데도 무난히 S 받았습니다!
컴퓨팅 기초: 처음 만나는 컴퓨팅,김현주,23,Fall,5.0,"교수님, 조교님, 튜터님들 모두 굉장히 친절하십니다! 감자 같은 질문 해도 상냥하게 답변해 주십니다🥺 다만… 파이썬에서의 사칙연산, 반복문 등 초반부는 즐거웠는데 후반부로 갈수록 난이도가 높아져서 따라가기 힘들었습니다. 이때 교수님께서 제공해 주시는 강의 노트나 영상 강의 참고하면 많이 도움이 될 겁니다!"
컴퓨팅 기초: 처음 만나는 컴퓨팅,김현주,23,Fall,4.0,"강의력은 훌륭하심. 조교님들도 너무 친절하시고 적극적이셔서 코딩 제대로 배우고 싶다면 강추. 매주 실습마다 과제가 있고 직접 호명하시면서 출석 확인하시므로 날먹은 쉽지 않음. 로드는 작은 과제 11-12번, 중간과제 1번, 기말팀프로젝트 1번"
컴퓨팅 기초: 처음 만나는 컴퓨팅,김현주,23,Fall,5.0,"python의 기초를 다룹니다. 아무런 지식도 없는 상태에서 출발했으나 대강의 기초를 쌓고 갑니다.
다만 python이라는 언어의 체계를 이해하는 데에는 다소 어려움이 있을 수도 있습니다. 물론 나중에 배우는 내용이 축적되면서 체계가 어떠한지 감을 잡을 기회가 주어집니다.
코딩 입문을 원하시는 분들께 추천합니다."
컴퓨팅 기초: 처음 만나는 컴퓨팅,김현주,23,Fall,5.0,교수님 너무너무 똑부러지시고 좋으세요 그냥 기초지식 쌓으려고 들었다가 힐링합니다 코딩이 꽤나 재밌더라고요?!
컴퓨팅 기초: 처음 만나는 컴퓨팅,김현주,23,Fall,5.0,헤헤 교수님도 조교님도 수업내용도 다 넘 조아요 s/u인것도 부담없구요!! 컴핵도 들으러 갈게요 교수님~~~~
컴퓨팅 기초: 처음 만나는 컴퓨팅,김현주,23,Fall,5.0,수업 내용이 재밌고 쉬워서 부담없이 듣기 좋아요.
컴퓨팅 기초: 처음 만나는 컴퓨팅,김현주,22,Fall,5.0,파이썬의 기초를 배울 수 있습니다. 다만 수업의 흐름을 놓치면 따라가기 어려울 수 있습니다.
컴퓨팅 기초: 처음 만나는 컴퓨팅,김현주,23,Spring,5.0,"교수님이랑 조교님들 모두 친절하시고 중간, 기말 프로젝트도 그렇게 어렵지 않습니다"
컴퓨팅 기초: 처음 만나는 컴퓨팅,김현주,23,Spring,5.0,교수님 강의력 매우 좋으시고 질문 엄청 잘 받아주세요!!
컴퓨팅 기초: 처음 만나는 컴퓨팅,김현주,22,Fall,5.0,교수님께서 강의력도 좋으시고 수업 내용도 적당해서 즐겁게 수강했습니다!
컴퓨팅 기초: 처음 만나는 컴퓨팅,김현주,23,Spring,5.0,"3학점 달달하게 받아갈 수 있습니다
결석 지각 합쳐서 10번은 한 것 같은데 이걸 S 주시네요
강의력도 좋으시고 중간기말과제 빼면 과제도 거의 없다시피 해서 부담없이 들을 수 있었습니다"
컴퓨팅 기초: 처음 만나는 컴퓨팅,김현주,23,Spring,5.0,교수님 조교님 모두 친절하시고 3학점을 거의 거저먹은거같아요. 부답없이 들을수 있는 과목입니다.
컴퓨팅 기초: 처음 만나는 컴퓨팅,김현주,23,Summer,5.0,"파이썬 초보, 컴퓨터 언어 배워보고싶은 분들께 매우 추천.
교수님 수업이 매우 깔끔하시고, 강의자료 및 동영상 강의도 업로드 해주셔서 못 따라갈 수가 없을 것 같음.
질문도 친절하게 항상 잘 답 해주심.
대학 들어와서 이렇게 챙겨주는 수업은 처음임. 
중간 프로젝트도 어렵지 않았고, 배운것을 최대한 활용하면 됐음.

근데, 에쎈유 + 계절 수업이라 날먹하려는 학우분들이 있었음. 혼자 수업들어서 기말 팀플 조원을 교수님이 짜주셨는데 최악이었음 ㅎㅎ… 
조 임의로 정하기 전에 미리 팀 구성할거면 해도 되는데, 열심히 잘 참여하는 친구들이랑 같이 들어서 팀플도 같이하면 좋을듯.

매우 만족하고 열심히 들었던 수업인데, 팀플 때문에 마지막에 기분이 안 좋았음. 그럼에도 별 5점."
컴퓨팅 기초: 처음 만나는 컴퓨팅,김현주,23,Spring,5.0,"교수님 조교님 다 너무 친절하시고 모르는 부분도 바로바로 질문할 수 있어요. 과제도 그날 배운 부분만 제출하는거고, 마지막 조별 과제도 잘 끝냈습니다."
컴퓨팅 기초: 처음 만나는 컴퓨팅,김현주,23,Spring,5.0,"수업과 실습으로 이루어짐.
시험 없는 대신 중간 개인 과제, 기말 팀플 과제를 수행함.
교수님, 튜터님 모두 친절하시고 질문 받는 것에 굉장히 적극적이심.
파이썬 입문자부터 고수까지 수준별로 맞게 피드백받을 수 있는 듯.
파이썬을 처음 해보는 사람이라면 강의를 따라가는 것이 힘들 수 있으나, S를 받는 것은 큰 무리 없음."
컴퓨팅 기초: 처음 만나는 컴퓨팅,김현주,23,Spring,5.0,조교님들이 항상 곁에서 친절하게 질문 받아주시고 교수님께서도 친근하셔서 너무 좋았음.
컴퓨팅 기초: 처음 만나는 컴퓨팅,김현주,23,Spring,5.0,"학생들을 ""가르치시는"" 교수님과 언제나 친절하고 한명 한명의 속도에 관심 갖는 수업. 컴기 교수님들 좋은 분들 많으시다고 하지만 진짜 압도적으로 추천합니다."
컴퓨팅 기초: 처음 만나는 컴퓨팅,김현주,23,Spring,5.0,"사실 수업 내용이 이해하기 힘들 때가 많아 스트레스도 많이 받았었는데, 교수님이랑 조교분들께서 너무너무 친절하셔서 개인적으로 너무 좋았던 수업이었습니다. 파이썬을 아예 몰라도 조교분들께서 친절하게 하나하나 알려주시고, 메일로 여쭤보아도 교수님께서 정말 친절하고 자세하게 답장해주셔서 너무 감사했어요ㅠㅠ 중간대체과제도 막히는 부분이 있어 교수님께 메일로 연락 드렸더니 헷갈렸던 부분 설명해주시면서 많이 도와주셔서 감사했습니다! 파이썬에 자신이 없으신 분들은 중간, 기말대체과제를 하실 때 조금 힘들고 부담스러우실 수도 있지만, 교수님께 관련해서 여쭤보시면 정말 친절하게 알려주시니까 걱정 안 하셔도 될 것 같습니다."
컴퓨팅 기초: 처음 만나는 컴퓨팅,김현주,23,Spring,5.0,"파이썬의 파 자도 모르는, 정말 코딩을 단 한 번도 접해보지 않았던 사람입니다. 고등학교 때 정보 시간도 없었기에 정말 쌩초보로 시작했음에도 불구하고 강의 따라가기가 정말 수월했습니다. 교수님이 매우 친절하시고, 목소리가 아나운서같으셔서 전달력도 정말 좋습니다. 조교님들도 모두 친절하셔서 한 학기 동안 재미있게 배울 수 있었어요. 입문하시는 분들께 추천합니다 ㅎㅎ"
컴퓨팅 기초: 처음 만나는 컴퓨팅,김현주,23,Spring,5.0,"교수님, 조교님들 너무 친절하십니다
편하게 질문할 수 있는 분위기 좋았어요"
컴퓨팅 기초: 처음 만나는 컴퓨팅,김현주,23,Spring,5.0,"월요일에는 이론설명 (조교없음)
수요일은 실습 (조교 상시 대기 중)

이론설명은 정말 자세하고 친절하게 해 두시고 실습 진행하시는 조교님도 자세하고 친절하게 문제 풀어주십니다.

수업시간 외에 할 건 중간 대체과제랑 기말 프로젝트 할 때밖에 없고 그렇게 어렵지 않습니다."
컴퓨팅 기초: 처음 만나는 컴퓨팅,김현주,22,Fall,5.0,조교님들이 굉장히 친절하시고 모르는 문제 바로 잘 알려주십니다! 에쎈유라 편히 들었어요 코딩에 아예 문외한이었는데도 수업 수강에 문제 없었습니다.
컴퓨팅 기초: 처음 만나는 컴퓨팅,김현주,23,Spring,4.0,굉장히 친절하십니다 모르는데게 많았는데 물어보면 친절하게 답변해주시규 튜터분들이 상시 대기중입니다
컴퓨팅 기초: 처음 만나는 컴퓨팅,김현주,22,Fall,4.0,교수님 엄청 친절하시고 조교님들도 많이 계셔서 질문하기 편합니다. 다만 내용이 중간부터 확 어려워져서 따라가기 힘들었던 기억이 납니다. 기말은 조원분들의 도움 덕분에 잘 넘겼습니다.
컴퓨팅 기초: 처음 만나는 컴퓨팅,김현주,22,Fall,5.0,파이썬 배경지식이 없어도 듣기 좋은 수업! 출석은 표에 본인 이름을 기입해서 확인합니다. 기말 과제가 조별 프로젝트인데 S/U 과목이어서 부담은 크지 않았습니다. 중간 과제 제출 이후에 데이터 추출과 시각화를 다루기 시작할 때부터는 내용을 한 번 놓치면 따라가기가 급격히 힘들어질 수 있어요!
컴퓨팅 기초: 처음 만나는 컴퓨팅,김현주,22,Fall,5.0,U받을 수 없는 수업.. 뒷부분 내용이 조금 어렵지만 시험도 없고 좋았다
컴퓨팅 기초: 처음 만나는 컴퓨팅,김현주,22,Fall,5.0,교수님 친절하시고 많이 알려주려고 하십니다. 프로젝트 과제 있는데 그렇게 부담스럽지는 않습니다.
컴퓨팅 기초: 처음 만나는 컴퓨팅,김현주,22,Fall,5.0,좋아요 근데 학기 후반으로 갈수록 이론시간이 너무 졸림.. 내용의 흥미와 기말기간이 겹치면서 ㅜ
컴퓨팅 기초: 처음 만나는 컴퓨팅,김현주,22,Fall,5.0,여러 컴기 강의 중에 고민중이시라면 김현주 교수님 강의 추천드립니다. 전체적으로 수업/과제 난이도가 높지 않고 교수님 강의력도 좋아 노베이스여도 따라가기 쉬웠습니다. 모르는 거 있을 때 조교님이나 교수님께 여쭤보면 자세하고 친절하게 답해주셔서 비교적 편하게 S 받아갈 수 있었습니다.
컴퓨팅 기초: 처음 만나는 컴퓨팅,김현주,22,Fall,5.0,"교수님 발음이 아나운서 같으시다. 파이썬에 대한 전반적인 내용을 다룰 수 있어 좋았다. 개인적으로 초반에 for문, while문 등을 배울 땐 한 주 한 주가 재밌었는데 나중에 pandas나 그래프 그리는 법 배울 땐 난이도가 확 올라가서 그런지 흥미가 떨어졌다. 그러나 여전히 좋은 수업이라는 것엔 반박의 여지가 없을 것 같다."
컴퓨팅 기초: 처음 만나는 컴퓨팅,김현주,22,Fall,5.0,"설명 잘해주심, 질문 하면 끝까지 봐주심. 특히 중간과제할때 막히면 이메일로 질문해서 도움 받을 수 있었던 점이 좋았음"
컴퓨팅 기초: 처음 만나는 컴퓨팅,김현주,22,Fall,5.0,"그냥 3학점짜리 s/u그 이상도 이하도 아님. 너그러운 출석 기준과, 직관적인 파이선. 다른 프로그래밍을 배운적이 없더라도 충분히 따라갈수 있으리라 생각합니다. 사실 따라가지 못하더라도, 주변에서 도와주시는 조교님, 튜터님들이 계셔서 걱정하지 않으셔도 됩니다. 그냥 s받는 과목이지 않나 싶어요. (물론 아직 성적이 나오지는 않았지만...)"
컴퓨팅 기초: 처음 만나는 컴퓨팅,김현주,22,Fall,5.0,"중간 기말 모두 시험이 아니라 프로젝트 진행인데, 수업에서 모두 배운 내용을 활용하는 정도이고, 부담스럽지 않습니다. 수업만 잘 따라가면 절대 부담없는 수업! 교수님도 친절하시고, 딕션 목소리 모두 좋으셔서 집중이 잘됐습니다."
컴퓨팅 기초: 처음 만나는 컴퓨팅,김현주,22,Fall,5.0,강의력 좋으시고 질문하면 자세히 알려주셔서 너무 좋았어요
컴퓨팅 기초: 처음 만나는 컴퓨팅,김현주,22,Summer,5.0,"파이썬에 대한 개괄적인 학습을 친절하신 조교 쌤들의 도움을 받으면서 할 수 있어서 유익했습니다. 교수님이 천천히 따라오실 수 있도록 친절하게 설명 해주시고 도움을 주십니다. 중간에는 배웠던 파이썬 내용을 바탕으로 프로그램 제작, 기말에는 팀프로젝트 자료시각화를 하면 됩니다. 
 실습이 있긴 하지만, 수업시간 내에 다 따라 하고 파일 제출하면 추가적으로 필요한 로드는 없으니 S 받기도 매우 수월합니다."
컴퓨팅 기초: 처음 만나는 컴퓨팅,김현주,22,Spring,5.0,교수님과 조교님들 착하시고 이메일로 문의하면 친절히 도와주십니다. 교수님의 딕션이 아나운서만큼 뛰어나셔서 깜짝 놀랐네요! 개인적으로 중간 개인 과제 때 고생 좀 하고 기말 조별 과제는 잘 해치운 것 같아요 (그래도 둘 다 재밌었어요). 마지막 수업 때 샌드위치랑 콜라를 쏘셔서 감동이었습니다..
컴퓨팅 기초: 처음 만나는 컴퓨팅,김현주,22,Spring,5.0,"파이썬 배우고 싶으시면 강추합니다. 시험도 안보고 중간은 혼자서 프로그램 제작, 기말은 팀플로 프로그램 제작 후 발표인데 튜터쌤의 도움을 많이 받고 교수님도 많이 도와주십니다. S받기 수월합니다~"
컴퓨팅 기초: 처음 만나는 컴퓨팅,김현주,22,Spring,5.0,진짜 컴퓨팅 기초 들을거면 무조건 김현주 교수님ㅠㅠㅠ!! 정말 최고십니다! 파이썬 노베였는데 정말 처음부터 차근차근 알려주셔서 재미있게 수업에 임할 수 있었네요ㅎㅎ
컴퓨팅 기초: 처음 만나는 컴퓨팅,김현주,22,Spring,5.0,"여름 수강
교수님 아나운서 같이 말씀하십니다. 진짜 신기해요.
상냥하시고 학생들을 좋아하시는 느낌을 받았습니다. 마지막 수업 때 샌드위치 사주셔서 감동받았습니다.
성적은 S/U라 잘 주시는지 아닌지 평가하기 모호합니다.
과제는 2번, 중간 개인 과제, 기말 조별 과제. 2개 모두 재미를 느낄 정도로 부담 없고 유쾌합니다.
매우 추천하는 강의입니다."
컴퓨팅 기초: 처음 만나는 컴퓨팅,김현주,22,Spring,5.0,"3학점 에센유 말해 뭐해
근데 날먹 강의는 아니에요
타대 이과 전공 초반까지 드가는 듯요..."
컴퓨팅 기초: 처음 만나는 컴퓨팅,김현주,22,Spring,5.0,교수님과 조교님들 다들 너무 친절하셔요... 평소에 수업만 잘 듣고 실습때 하라는거 잘 따라가면 수업 따라가기 어렵지 않고 중간은 개인프로젝트 기말은 팀프로젝트인데 둘다 수업만 들었으면 무난하게 만들기 쉽습니다. 그리고 제가 모르는 부분 질문을 좀 많이 드렸는데 질문 드릴때마다 답장이 10분안이면 와서 정말 너무 감사했습니다ㅠㅠ
컴퓨팅 기초: 처음 만나는 컴퓨팅,김현주,22,Spring,5.0,김현주 교수님은 천사이십니다. 다른 조교분들도 다 친절하게 하나씩 알려주고 좋았습니다. 처음엔 쉬웠다가 갑자기 어려워졌지만 얻은게 많은 쉅이었네여
컴퓨팅 기초: 처음 만나는 컴퓨팅,김현주,22,Spring,5.0,"김현주 교수님은 신입니다.

파이썬 기초부터 numpy pandas matplotlib같은 주요 모듈을 배우고 beautifulsoup을 이용한 크롤링도 배웁니다. 

강의록과 예제의 퀄리티가 너무 좋아서 필요할 때마다 보곤 하는데 이것만으로도 충분히 많이 남는 강의입니다."
컴퓨팅 기초: 처음 만나는 컴퓨팅,김현주,22,Spring,5.0,"일단 에쎈유니까 성적 걱정없고 로드 부담도 없습니다
많이 말씀하시는대로 중간 이후부터는 좀 어려워지는데 교수님, 조교님, 튜터님들이 다 친절하게 지도해주셔서 크게 무리없었네요.
나름 재미도 있었고 유익했고 편했던 최고의 교양입니다 차피 이제 다 대면 하실테니 꼭 들으세요 bb"
컴퓨팅 기초: 처음 만나는 컴퓨팅,김현주,22,Spring,5.0,정말 파이썬의 개론 같은 느낌입니다! 친절하게 질문 받아주시고 편의도 많이 봐주십니다
컴퓨팅 기초: 처음 만나는 컴퓨팅,김현주,22,Spring,5.0,아주아주 친절하시고 세심하신 교수님… 파이썬이 뭔지 몰랐던 문돌이 파이썬이 뭔지는 알아갑니다ㅎㅎ 중간과제 전까진 솔직히 쉬웠는데 그다음에 여러 모듈들 배우면서는 넓고 얕게 이것저것 하게 돼서 좀 어려울 수도 있어요 그치만 어차피 S/U니까 부담없이 넘 좋았습니당
컴퓨팅 기초: 처음 만나는 컴퓨팅,김현주,22,Spring,5.0,"아아아주 좋아요 좋아요 꼭 들으세요 좋아요
과제 제출도 대충 기한만 맞춰서 하고 중간 기말도 그냥 대충 했는데 S.."
컴퓨팅 기초: 처음 만나는 컴퓨팅,김현주,22,Spring,5.0,목소리가 아니운서 같구여 최고 넘 친절하심!! 성적도 웬만해서는 다 잘 주시는긋
컴퓨팅 기초: 처음 만나는 컴퓨팅,김현주,22,Spring,5.0,중간 이후부터는 조금 어려웠지만 자세하게 알려주셔서 문제없었습니다
컴퓨팅 기초: 처음 만나는 컴퓨팅,김현주,22,Spring,5.0,컴퓨터 노베도 컴핵으로 이끌게 만드는 매력은 뭐지…?! 파이썬의 ㅍ도 몰랐지만 교수님의 수업을 듣고 프로그램도 제작해볼 정도로 파이썬을 개괄적으로 다룰 수 있었습니다!!
컴퓨팅 기초: 처음 만나는 컴퓨팅,김현주,21,Fall,5.0,"아나운서톤이라 듣기 정말 좋은 목소리,, 수업은 전 좀 어려웠으나 덕분에 좋은 경험했어요"
컴퓨팅 기초: 처음 만나는 컴퓨팅,김현주,21,Fall,5.0,수업 매끄럽고 교수님 좋은데 파이썬 너무 킹받아…
컴퓨팅 기초: 처음 만나는 컴퓨팅,김현주,21,Fall,5.0,S/U라서 부담 없이 들을 수 있고 파이썬 배운 적 없어도 어려움 없이 들을 수 있는 것 같습니다
컴퓨팅 기초: 처음 만나는 컴퓨팅,김현주,21,Fall,5.0,파이썬 기초부터 꼼꼼히 다뤄주시는 모습에 감동..그래서 이번학기에 같은 교수님 컴핵도 듣습니다 ㅎㅎ 파이썬 노베라면 김현주 교수님 강추합니당~!
컴퓨팅 기초: 처음 만나는 컴퓨팅,김현주,22,Spring,5.0,"학점이야 S/U니까 상관 없고, 본인이 열심히 하면 파이썬 정말 잘 배울 수 있어요! 파이썬 노베였는데 선생님+조교님 덕분에 수월하게 잘 배웠습니다"
컴퓨팅 기초: 처음 만나는 컴퓨팅,김현주,21,Fall,5.0,중간까지는 수업내용 잘 따라갔지만 이후는 좀 어려웠어요! 그래도 s/u라 부담없이 들을 수 있었습니다. 그리고 교수님이 정말 친절하십니다. 모르는것 질문해도 굉장히 자세하게 알려주세요. 기말 팀플 에서 조원을 잘못만나면 좀 스트레스 받을수도 있지만 나름 괜찮았어요!
컴퓨팅 기초: 처음 만나는 컴퓨팅,김현주,22,Spring,5.0,"이번 겨울 계절로 들었습니다
개꿀따리 에센유•••
제가 본 교수님중에 가장 듣기 편안했던 아나운서 톤을 가지고 계세요. 
로드는 매주 과제 있는데 실습시간에 답 알려주시고, 중간과제 하나랑 기말프로젝트 하나 있는데 두세시간 정도면 끝나서 부담 없었어용"
컴퓨팅 기초: 처음 만나는 컴퓨팅,김현주,21,Fall,5.0,"파이썬 기초부터 데이터 시각화까지 배울 수 있습니다
쌩노베여도 들을만 합니다
시험도 없고 에쎈유라 넣을 수 있다면 꼭!! 넣으시길"
컴퓨팅 기초: 처음 만나는 컴퓨팅,김현주,21,Fall,5.0,"제가 들은 교양 중 가장 유용했습니다. 코딩 1도 모르는 사람이 듣기에 초반은 충분히 따라갈 수 있었고, 중반은 수업 전에 미리 연습하거나 복습을 살짝 하면 무난히 따라갈 수 있었으며, 후반은 좀 어려웠습니다. 교수님 딕션이 최고입니다. 강의력도 좋으십니다."
컴퓨팅 기초: 처음 만나는 컴퓨팅,김현주,21,Fall,5.0,"S/U 과목이라 제가 성실히 듣지는 못했지만, 교수님께서 엄청 꼼꼼히 가르쳐 주셨습니다. 교수님보다는 조교분이 어떠냐에 따라 수업의 느낌이 달라질 수는 있을 거 같아요"
컴퓨팅 기초: 처음 만나는 컴퓨팅,김현주,22,Spring,5.0,"교수님 너무 친절하십니다ㅠㅠ 
코딩 무지랭이였는데 생각보다 알아간 것도 많았고 어려운 부분은 메일 보내면 상세하고 정확하고 꼼꼼하게 가르쳐주셔서 좋았습니다. s/u라 부담도 적어서 한번쯤 듣는 걸 추천드려요!"
컴퓨팅 기초: 처음 만나는 컴퓨팅,김현주,21,Fall,4.0,"컴기가 s/u인게 장점이자 단점. 장점은 부담이 없는 것이고, 단점은 큰 시간 투자를 안하게 되니 나같은 사람은 종강을 하고도 코딩을 거위 못하는 상태이지만 s를 받았다는 것이다."
컴퓨팅 기초: 처음 만나는 컴퓨팅,김현주,21,Fall,5.0,"이번 학기는 시험이 없어서 부담 없이 들었습니다
그냥 매주 강의 노트/실습 문제가 들은 파일 제출하고 중간/기말도 대체 과제로 했어요
코딩 쌩초보 문과였는데 들을만 했어요"
컴퓨팅 기초: 처음 만나는 컴퓨팅,김현주,21,Fall,5.0,"교수님과 조교님들 모두 수업 자세하게 잘 해주셔서 초보임에도 재밌게 수강할 수 있었습니다
질문도 항상 잘 답변해주시고 넘넘 좋은 강좌!"
컴퓨팅 기초: 처음 만나는 컴퓨팅,김현주,21,Spring,5.0,노네임으로 왔다가 너무 많은 것 얻어가네요. 교수님 너무 친절하시고 배우는 것도 많습니다.
컴퓨팅 기초: 처음 만나는 컴퓨팅,김현주,21,Spring,5.0,"교수님 정말 천사십니다,,, 메일 답변도 정말 빨리 오고 학생들 의견을 많이 들으시려고 하세요.!! 에쎈유라 별로 부담도 없습니다,, 코딩 실력을 향상시키시고 싶으시다면 강의 제때 듣는것을 추천드립니다"
컴퓨팅 기초: 처음 만나는 컴퓨팅,김현주,21,Spring,5.0,매주 내는 과제가 귀찮을 뿐 s/u로 공부 없이 3학점 호로록 할 수 있는 강의. 학점은 그냥 잘 딸 수 있는데 코딩을 배워가느냐는 자기 의지에 달린 듯.
컴퓨팅 기초: 처음 만나는 컴퓨팅,김현주,21,Spring,5.0,s/u 교양이고 코딩을 배워보고 싶어서 듣습니다. 뭐 다른게 안맞고 좀 어렵더라도 s/u 3학점 교양이라는데서 무조건 들을강의(수강신청에 성공한다면)
컴퓨팅 기초: 처음 만나는 컴퓨팅,김현주,21,Spring,5.0,"S/U라 부담없이 편하게 코딩을 배울 수 있는 수업
교수님께 모르는거 여쭤보면 다 알려주시고 과제 답안도 실습시간에 조교님이 다 알려주신다"
컴퓨팅 기초: 처음 만나는 컴퓨팅,김현주,21,Spring,5.0,"su과목이라 처음보는 교수님 수업 들어봤는데 괜찮았음.
컴퓨터언어에 대한 기본 배우기 좋음.
중간기말 과제가 귀찮기는 한데 운이 좋으면 둘다 매우 편하게 넘길 수 있음.(나는 운이 별로였음.)"
컴퓨팅 기초: 처음 만나는 컴퓨팅,김현주,21,Spring,5.0,"꽁으로 먹는 3학점...
비대면 기준 하루 영상 강의 - 하루 조별실습 (조교님과 함께하는) 의 수업 구성이었습니다. 매주 과제가 있는데, 영상강의 내용 + 조별실습 내용 정리본을 제출하는 게 과제라 사실상 과제가 거의 없다고 봐도 무방합니다. 시험은 없고 대체과제가 두 번 있어요. (개인별 하나, 조별 하나) 
교수님께서는 친절하시고, 컴퓨팅을 차근차근 알려주셔서 좋았습니다. 다만 저는 뒷쪽 웹페이지 관련된 내용부터는 거의 따라가지를 못했네요... 강의 내용만 꾸역꾸역 받아적어서 내는 수준..?
아무튼 3학점 S/U라니 세상에. 안 들을 이유가 없습니다."
컴퓨팅 기초: 처음 만나는 컴퓨팅,김현주,21,Spring,5.0,시험 없고 시험 대체 과제물로 편하게 학점 받았습니다. 교수님께서 굉장히 열정적이십니다.
컴퓨팅 기초: 처음 만나는 컴퓨팅,김현주,21,Spring,4.0,초반에는 파이썬의 기초 느낌으로 파이썬에서 사용되는 기본적인 언어? 같은 것들을 배워서 배우기에는 매우 쉽고 이해하기도 쉬웠습니다. 그러나 후반부로 갈수록 슬슬 이해가 안 가는 부분들이 나오기 시작하더니 점점 어려워지더라구요 아무래도 단학기 특성 상 많은 내용을 담기에는 조금 힘드니 어쩔 수 없는 현상이라는 것은 감안한다면 이해가능하지만...ㅠ 쨋든 교수님 설명 깔끔하게 잘해주시고 조교님을 잘 만나는 것이 제일 갈리는 그런 느낌이 아닐까 생각합니당
컴퓨팅 기초: 처음 만나는 컴퓨팅,김현주,21,Spring,3.0,굳 걍 3학점 날름 꿀! 교수님 착하심 허나 생각보다 기말에 과제 많으면 겹쳐서 귀찮아요
컴퓨팅 기초: 처음 만나는 컴퓨팅,김현주,21,Spring,5.0,완전 코딩 쌩 노베인데 따라가는데 큰 어려움은 없었습니다. 물론 뒷부분은 조금 후다닥두리닥닥 배우는 느낌이 있었지만 실습과 함께하니 감이 잡히더군요. 교수님도 정말 좋으시고 조교님도 친절하셔서 좋았습니다. 무엇보다 3학점 패논패…♥
컴퓨팅 기초: 처음 만나는 컴퓨팅,김현주,21,Spring,4.0,"목소리 너무 좋으시고 강의도 체계적임
근데 조교님이 누가 걸리느냐가 진짜 중요한듯....ㅠㅠ
중간, 기말로 실습프로젝트를 하는데 둘 다 재밌었음 
무난!!"
컴퓨팅 기초: 처음 만나는 컴퓨팅,김현주,21,Spring,4.0,약간 교수님 수업 퀄보다 조교님이 누가 걸리느냐에 따라 얻어가는 게 천차만별인 것 같습니당
컴퓨팅 기초: 처음 만나는 컴퓨팅,김현주,21,Spring,4.0,밑에 말 중에 공감되는게 조교를 잘 만나야 할듯. 비대면 수업이라 그런지 모르겠는데 한 번은 교수님 강의 듣기/한 번은 조교님 실습 시간이었는데 시간 조금 주고 혼자 열심히 푸시고 틀린 거 있으면 왜 오류났는지 말 안하시고 고쳐서 재미가 없었음........그래도 강의는 좋음! 파이썬 기초 다지기 좋고 과제 부담도 많지 않음
컴퓨팅 기초: 처음 만나는 컴퓨팅,김현주,21,Spring,5.0,"주당 이론수업 녹강 한번 실습 한번으로 진행됩니다. 중간고사는 프로그램 제작 의뢰하고 남이 의뢰한 프로그램 만들어서 제출, 기말은 팀플로 데이터 시각화 발표하는거 하나 있습니다. 
이론수업은 그냥 들으시면 되고 실습때 작성한 코드를 제출하는 거 빼곤 과제도 없어요. 조교님도 친절하시고 까먹고 녹강 못듣고 실습들어가도 조교님 코드 베끼다보면 이해가 갑니다. 진도가 살짝 빨라서 코딩능력을 향상 시키고 싶으시다면 따로 공부하긴 해야될듯해요 
조교님들 다 친절하시고 교수님 피드백도 열심히 들으시려하는 것 같아요 개꿀강 추천합니다. 아 그리고 교수님 발음 아주 정확하셔서 듣기 편했어요"
컴퓨팅 기초: 처음 만나는 컴퓨팅,김현주,21,Spring,5.0,교수님과 조교님들 모두 친절하셔서 팀플 때 도움 정말 많이 받은것 같습니다. 설명도 쉽게쉽게 해주셔서 저는 한 학기 동안 너무 좋았습니다.
컴퓨팅 기초: 처음 만나는 컴퓨팅,김현주,21,Spring,4.0,"친구랑 비교해봤는데. 다른 교수님 컴기랑 거의 똑같음. 그냥 시간 맞는 거 들으면 될듯. 초반에는 진짜 컴퓨터 처음 만지는 사람도 할 수 있도록 알려주시는데, 생각보다 한학기 진도가 많음. 후반에는 꽤 어려운걸 휙휙 나감. 코딩이 완전 처음이라면 수업 시간 외에도 공부를 좀 해야할듯"
컴퓨팅 기초: 처음 만나는 컴퓨팅,김현주,21,Spring,5.0,"S/u라 코딩 처음 접하는 사람 듣기 매우 좋은 강좌. 강의도 굉장히 좋지만 강의노트도 같이 제공해주시는 점이 너무 좋음. 
파이썬의 기본적인 내용부터 데이터 처리, 시각화까지 체계적으로 배워볼 수 있어 좋음."
컴퓨팅 기초: 처음 만나는 컴퓨팅,김현주,21,Spring,4.0,"교수님 강의력도 좋으시고 학생들을 존중하는 느낌을 많이 받음. 하지만 실습은 조교를 잘 만나야 한다는 느낌을 많이 받았음. 오류의 원인을 잘 찾지 못했을 때 결국 그냥 넘어가는 경우도 있었고, 예시답안을 작성한 후 바로 넘겨버려서 혼자 다시 작성하느라 좀 힘들었음. S/U가 아니었다면 코딩을 처음 하는 사람 입장에서는 부담이 되는 강의였을 듯."
컴퓨팅 기초: 처음 만나는 컴퓨팅,김현주,21,Spring,5.0,"1. 강의력 및 강의 내용
- 강의 초반부에는 파이썬에 대한 기초적인 지식을 배웠으며 강의 후반부에는 numpy나 pandas 모듈을 활용한 데이터 수집 및 시각화를 배움. 

- 일주일에 두 번 수업이 있고 한 번은 이론 녹강, 한 번은 실습 실강으로 이루어짐. 녹강은 교수님 수업 따라서 여러 기능들을 다루어보고 관련된 예제를 몇 개 푸는 느낌임. 실강의 경우는 수업 전에 올려주신 실습 파일을 조교님이랑 푸는 방식. 다만, 우리 조의 경우 다른 조들보다 질문도 별로 없고 애들도 빨리 하는 편이었어서 조교님께 딱히 질문을 안 했었음. 그래도 간혹 질문하면 잘 답해주셨음. 

- 교수님 강의력은 좋았음. 강의 극초반부에는 내용이 쉽다보니 말이 느리다고 생각할 수도 있는데 한 1.1 ~ 1.2배 정도로 수강하면 적당함. (다만 이건 수강자의 성격 차이일 듯). 그리고 실습 시간에도 한 번 교수님이 진행해주신 적이 있는데 한 문제를 여러 방식으로 풀도록 유도해주시는 등 학생들의 코딩 실력 향상을 위해 노력하시는 게 보임

2. 로드 정도
- 매 주 실습 시간 후 다음 날 정오까지 실습 파일을 제출해야 함. (추가 문제는 풀어도 되고 안 풀어도 되고). 실습 잘 듣고 열심히 따라가면 그냥 끝나고 내면 되는 정도라 부담되지 않음.

- 중간고사 대체 과제로는 서로 파이썬으로 제작 문제를 내고 푸는 과제가 주어졌음. 딱히 아이디어가 떠오르지 않아서 고생하긴 했었는데 교수님께서 필요 시 출제자와 어느정도 협의를 볼 수 있도록 해주셔서 크게 어렵지는 않았음.

- 기말고자 대체 과제로는 pandas 모듈을 활용한 데이터 시각화 과제가 주어짐. 팀원을 잘 만나서 그랬는지 몰라도 무난하게 마침. 

3. 출석
간혹 실습 시간에 카메라 켜달라고 말씀은 해주시지만 학생 사정을 잘 봐주심. 나의 경우 카메라를 키면 구글 코랩이 계속 끊긴다고 했더니 꺼도 된다고 허락해주심

4. 총평
파이썬 및 코딩 입문하기에 무난한 강의라고 생각함. S/U 강의답게 큰 부담도 없음."
컴퓨팅 기초: 처음 만나는 컴퓨팅,변해선,23,Fall,5.0,"코딩에 대한 기초 지식을 다질 수 있는 수업.

하이브리드 수업인 점을 잘 이용하면 유용할 듯하다."
컴퓨팅 기초: 처음 만나는 컴퓨팅,변해선,23,Fall,5.0,"교수님과 튜터분들이 엄청 친절하고 쉽게 설명해 주십니다. 실습 과제도 거의 다 같이 푸는 수업이라서 너무 좋았습니다.
원하는 대로 대면과 비대면 수업을 번갈아 가면서 수업을 들을 수 있게 하셔서 가끔 비대면으로 들을 수 있는 장점도 있습니다.
저희 수업은 일주일에 첫 수업은 이론 수업, 그리고 두 번째에 실습을 진행했습니다.
쉽게 쉽게 설명해 주시고 수업 분위기도 쿨해서 이번 학기에 제 테라피 수업이었습니다.
교수님이 열정이 넘치시고 학생들을 배려하시는 모습이 너무 좋았습니다. 튜터분들도 답장도 열심히 해주시고 엄청 친절하십니다!"
컴퓨팅 기초: 처음 만나는 컴퓨팅,변해선,23,Fall,5.0,"점수 너그러워서 대부분 S 받는 것 같아요
대면, 비대면 선택인데 비대면을 3회 연속만 안 하면 돼서 저는 매주 화요일은 대면 목요일은 비대면 이런 식으로 들었습니다

중간은 개인 프로젝트이고 기말은 팀플이에요
만들어서 기한내에 제출한 하면 점수는 잘 주시고요

중간은 파이썬 기초라 다 아는 내용이었고 기말파트는 수업 들어서 이해할 수 있는 쉬운 내용입니다

매주 이론 - 실습 구조로 해서 바로바로 써먹어볼 수 있었습니다(실습 점수도 들어가요)"
컴퓨팅 기초: 처음 만나는 컴퓨팅,변해선,23,Fall,5.0,"관악 최고의 꿀강,
컴기는 들을까 말까의 문제가 아니다.
당신이 잡을 수 있는가 없는가의 문제다."
컴퓨팅 기초: 처음 만나는 컴퓨팅,변해선,23,Fall,5.0,친절하게 잘 알려주심. 프로그램 제작이랑 팀플만 좀 열심히 하면 문제없을 듯. 마지막에 전원 S라는 걸 보니 좀 너무 열심히 한 것 같긴 하지만... 나쁘지 않았음.
컴퓨팅 기초: 처음 만나는 컴퓨팅,변해선,23,Fall,5.0,"대면을 기본으로 비대면도 적절히 섞어서 수강할 수 있는 점, 3학점 s/u인 점이 가장 큰 메리트입니다.

*출석 20%
결석 1회 당 1점 감점을 기본으로 합니다. 비대면 출석이 가능하나, 비대면을 연속으로 3회 이상 하게 되면 누적 감점되는 방식입니다. (연속 총 3회 시 -1, 총 4회 시 -(1+2), 총 5회 시-(1+2+3)... ...) 즉, 비대면을 연속 2번 들었으면 한 번은 대면을 가고 다시 비대면을 들어야 감점을 면할 수 있습니다. 결석도 비대면 누적 횟수에 포함됩니다. 적당히 대면 수업 가시면 점수 많이 깎일 일 없습니다.

*과제 20%
수업은 매 주 2회이며 이론, 실습으로 진행됩니다. 실습은 조교님이 진행하며, 실습에서 다룬 문제 중 일부의 코드를 '엘리스'라는 곳에 일주일 안에 제출하는 것이 과제입니다. 수업 들으시면서 처리하실 수 있고 혹여나 놓친다면 모종의 도움(gpt..)을 받아서 처리할 수 있습니다. 

다만 중간 이후에는 데이터 처리 관련 내용을 배워서 수업을 놓치면 감당하기 힘들 수 있긴 합니다.

*중간과제 30%
중간 전까지는 기초적 파이썬 문법에 대해 배웁니다. 이것들을 활용해 간단한 프로그램을 제작하시면 됩니다. 계획서 5점 최종 보고서 30점을 합산한 점수를 30점으로 환산하여 반영합니다. 계획서 점수는 웬만하면 4ㅡ5점 받으실 수 있습니다. 프로그램은 자신이 계획한 것 혹은 남이 계획한 것 중 하나를 메인으로 제작하되, 추가제작을 통해 추가 점수를 받을 수 있습니다. 프로그램 난이도에 따라 추가되는 점수가 다릅니다. 최종 보고서 점수는 아무리 많은 프로그램을 제작하여도 30점을 초과할 수는 없는 반면, 계획서 점수는 추가제작된 횟수만큼을 추가로 줍니다. 남들이 자신의 프로그램을 많이 제작해 주면 좋지만 뜻대로 안 될 수도 있기에 S가 위험하다면(실제로 그럴 가능성은 거의 없지만) 추가제작을 여러 개 하시는 것도 방법입니다.

*기말팀플 30%
기말 팀플은 조교, 교수, 튜터가 30점 만점 기준으로 부여한 점수의 평균과 팀원평가 5점을 합산한 값을 30점으로 환산하여 반영합니다. 팀운이 중요한데, 같이 수강하는 사람이 있으면 자율 팀을 구성하시는 것이 좋습니다. 팀플 참여를 소극적으로 한다면 팀원의 과반 이상이 당신에게 2점 이하의 점수를 부여할 수도 있습니다. 그 즉시 기말팀플 점수는 5점이 되며 25점이 감점되기에 다른 곳에서 0.1점이라도 감점되면 바로 U를 면할 수 없게 되니 주의하시기 바랍니다.(총점 75미만 U) 기말 팀플은 중간 이후 데이터 처리 관련한 내용을 바탕으로 특정 데이터를 추출. 가공. 분석한 내용을 코드와 함께 보고서로 적고, 발표 포스터를 만들어 발표합니다. 평가는 발표를 기반으로 이루어집니다.

출석 평균 18.8
과제 평균 19.1
중간 평균 26.14
기말 평균 23.3

평균 합 87.34

S/u컷 75 이상

즉 평타만 치면 U나올 일 절대 없습니다."
컴퓨팅 기초: 처음 만나는 컴퓨팅,변해선,23,Fall,5.0,"중간 이후로는 거의 손을 놓긴 했지만.. 어찌저찌 코딩을 모르고 잘 안 맞는 입문자도 S 충분히 받으실 수 있으니 꼭 드랍하지 말고 끝까지 들으시면 좋겠습니다.
출석이랑 과제는 무난하게 만점 챙겨가실 수 있고 조금 신경쓰셔야 할 부분이 중간과제랑 기말팀플인데 중간과제는 난이도 (하) 문제 2개 정도 추가로 제작(챗지피티 사용 강추..)하면 문제 없습니다. 기말 팀플은 팀원 능력과 의지가 정말 중요한데 저희팀은 최악의 멤버들이었지만 각자 역할만 열심히 하시고 발표 완전 못해도 마치기만 한다면 S 받는데는 문제없습니다.(꽁으로 먹는 팀원들을 예방하기 위해 동료평가가 있습니다) 저는 조금 일찍 솜을 놨지만 이만큼 3학점 S 쉽게 받아갈 수 있는 강의도 많지 않을 것 같습니다!!"
컴퓨팅 기초: 처음 만나는 컴퓨팅,변해선,23,Fall,5.0,"너무 친절하시구 학생 하나하나 잘 챙겨주십니당
강의를 끝까지 따라갔다면 좋았겠지만 에쎈유라는 유혹을 참지못하고 중간에 놓아서 s는 받았지만 파이썬은 모르는 그런 사람이 되었네용ㅋㅋㅋㅋㅋㅋㄱ"
컴퓨팅 기초: 처음 만나는 컴퓨팅,변해선,22,Summer,5.0,교수님과 조교분들이 친절하게 알려주십니다. 수월하게 S 받으실 수 있습니다.
컴퓨팅 기초: 처음 만나는 컴퓨팅,변해선,23,Spring,5.0,"수업 좀 열심히 들을 걸 후회되긴 하지만..
교수님 조교님 튜터님들 모두 친절하셨습니다
어떻게든 따라가면 S 받을 수 있습니당"
컴퓨팅 기초: 처음 만나는 컴퓨팅,변해선,23,Spring,5.0,변해선 교수님은 너무 착하심 ㅠㅠㅠ 물어보는 거 있으면 바로 답해주시고 ㅠㅠ 성적도 잘 주신다 ㅠㅠ
컴퓨팅 기초: 처음 만나는 컴퓨팅,변해선,23,Spring,5.0,"S/U답게 부담스럽지 않고, 성적도 후하게 주십니다. 중후반 들어 내용이 복잡해지긴 하지만 큰 지장이 있을 정도는 아니기도 하고 어려운 문제들은 정답 제공해주십니다"
컴퓨팅 기초: 처음 만나는 컴퓨팅,변해선,23,Spring,5.0,"무척 후하게 s 주십니다
매일은 안되지만 온라인으로 수업 들을 수 있어서
좋았어요"
컴퓨팅 기초: 처음 만나는 컴퓨팅,변해선,23,Spring,5.0,"교수님 너무 친절하시고, 학생들 도와주시려고 정말 섬세하게 노력하십니다. 한 학기동안 잘 배웠습니다."
컴퓨팅 기초: 처음 만나는 컴퓨팅,변해선,23,Spring,5.0,교수님 좋습니다 파이썬 처음이었는데 덕분에 잘 배웠습니다
컴퓨팅 기초: 처음 만나는 컴퓨팅,변해선,23,Spring,5.0,"중간 이후부터는 내용이 조금 어려웠지만
파이썬을 처음 해봐서 새로웠습니다"
컴퓨팅 기초: 처음 만나는 컴퓨팅,변해선,23,Spring,5.0,"교수님과 조교님들이 너무너무 친절하십니다. 컴퓨팅에 대한 사전 지식이 없으면 조금 어려울 수 있지만, 과제만 성실하게 잘 제출하면 실력과 상관없이 무난하게 s받을 수 있는 것 같습니다."
컴퓨팅 기초: 처음 만나는 컴퓨팅,변해선,23,Summer,5.0,"교수님 정말 친절하시고, 수업도 잘해주심.
점수도 예상보다 너무 잘 주셔서 출석 잘하고 수업만 열심히 따라가면 S 받을 수 있음."
컴퓨팅 기초: 처음 만나는 컴퓨팅,변해선,23,Summer,4.0,"빡센 계절학기에 너무 좋았던 부담없는 강의 
에쎈유라 부담 전혀 없었습니다. 과제, 출석 열심히 하고 중간, 기말 과제 최대한 열심히 하면 무난히 s 맞을 수 있습니다.
저는 쌩문과 성향이라서 수업을 따라가고 과제를 해내기 개인적으로 힘들었지만, 그래도 교수님과 조교님, 튜터님들 피드백과 도움 덕분에 잘 끝낼 수 있었습니다! 
중간 프로젝트는 개인별 프로그램 제작, 기말은 팀플입니다. 개인적으로 팀플이 정말 힘들긴 했습니다. (계절학기에는 준비 시간이 타이트해서 더 그렇게 느껴진 것 같습니다.)
계절이라 격일로 비대면 수강이 가능했습니다! (정규학기는 조금 다른 것으로 알고 있습니다.)"
컴퓨팅 기초: 처음 만나는 컴퓨팅,변해선,23,Spring,5.0,"안 들을 이유가 없음
에센유라 부담 없고. 과제도 있는 듯하나 거의 수업 시간 내에 끝나기 때문에 사실상 없고
중간과제로 하는 프로그램 만들기 너무 재미있었고
기말과제 팀프로젝트는 일단 팀플이라는 점에서 약간 마이너스이긴 하지만 에센유라서 부담 없기도 하고 저는 팀원들 잘 만나서 좋은 발표 했습니다
헬로월드의 ㅎ 자도 모르는 상태로 들었는데 꽤 들을만했어요"
컴퓨팅 기초: 처음 만나는 컴퓨팅,변해선,22,Fall,5.0,"파이썬의 기본 강좌입니다.
중간 때까지는 기본 문법, 반복문 배우고 중간 과제로 게임 만들기 합니다!
그리고 기말 때는 웹 크롤링 하는데 갑자기 어려워진 거 같아요. 기말은 팀플로 주제 하나 정해서 문제 해결하는 거 하는데, 데이터 마이닝 및 시각화 등 복합적인 방법을 사용합니다.
중간과제 좀 까였지만 S 받았고, 어렵지 않게 필교를 치운 거 같아요 :)"
컴퓨팅 기초: 처음 만나는 컴퓨팅,변해선,23,Spring,5.0,"초반엔 쉬웠으나 후반엔 집중 안해서 내용을 모름, 그래도S
변해선 교수님 최고"
컴퓨팅 기초: 처음 만나는 컴퓨팅,변해선,23,Spring,5.0,파이썬을 아예 모르는 학생이 듣기 좋습니다 강의도 쉽게 나가주시고 실습도 사실상 튜터님들이 많이 도와주시며 수업 당일에 바로바로 해결되는게 대부분입니다 그러나 중간 프로젝트를 혼자 해나가기 약간 어려울 수 있습니다 그러니 적당히 쉽게 코딩 짜시고 그렇다고 막 난이도 하로 책정하시진 말고 중 정도로 하면 적당하실거 같습니다..! 하란 대로 잘 따라가면 무난하게 s 받을 수 있습니다
컴퓨팅 기초: 처음 만나는 컴퓨팅,변해선,23,Spring,5.0,"정말 취향을 많이 탈 것 같습니다. 잘 맞는 사람은 한없이 잘 맞을거고 안 맞는 사람은 한없이 안맞을거 같아요. 전 후자라 고생을 많이 했습니다. 함수부터 정말 어려워지더라고요. 
장점으로는 s/u라 편한 점, 교수님 조교팀 튜터님 모두 친절하시고 열정이 있으신 점, 과제가 있긴 하지만 조교님이랑 같이 수업시간에 처리한다는 점이 있네요. 출석도 줌이랑 대면수업이랑 자유롭게 선택하실 수 있습니다. S도 많이 주십니다.
단점으로는 한번 놓치면 정말 어렵다는 점, 복습을 해야 따라갈 수 있다는 점이 있겠네요.
단점들은 제가 컴퓨팅이랑 안맞아서 생긴거라 강의는 5점 만점의 강의입니다. 교수님 정말 좋으신 분이고, 컴퓨팅을 한번 배워보고 싶으시면 어차피 기초니까 듣기 좋습니다."
컴퓨팅 기초: 처음 만나는 컴퓨팅,변해선,23,Spring,5.0,"코딩에 대해 정말 1도 몰랐던 사람입니다.
반복문부터 멘탈 나가서 힘들었지만 그래도 어찌저찌 S 받았네요.
수업을 들으면서 코딩에 흥미가 많이 생겼어요
과제도 다 부담없는 것들입니다!
교수님이랑 튜터님들이 다 너무 친절하시고 좋으세요 완전 추천 👍👍"
컴퓨팅 기초: 처음 만나는 컴퓨팅,변해선,23,Spring,4.0,"에쎈유라 부담 없이 수강할 수 있어서 좋았습니다!
중간평가 이전엔 파이썬을 배우고 그 이후엔 데이터 수집하고 분석하는 방법을 배웁니다. 평가는 중간평가, 기말평가 이렇게 두 번인데 중간은 파이썬 프로그램을 개별적으로 제작하는거고 기말평가는 팀프로젝트로 데이터 수집하고 분석해서 발표를 했습니다.
저는 개인적으론 파이썬 배우는건 너무 재밌었고 따라가기에도 벅차지 않아서 중간평가 과제도 쉽게 한 편이었으나, 중간평가 이후에 배우는 내용은 좀 방대하고 따라가기에 벅차다고 느꼈습니다ㅜㅜ 중간평가 이후에 수업을 놓치지 않고 따라가려고 노력하는게 중요할듯 합니다..!! 
그래도 변해선 교수님께서 친절하시고 조교님들도 다 좋으셔서 한 학기 동안 재미있게 배우고 갑니다! 아 그리고 줌으로도 수업을 연속 2번까지 들을 수 있게 해주신게 꿀이었습니당👍👍"
컴퓨팅 기초: 처음 만나는 컴퓨팅,변해선,23,Spring,5.0,배워가는 것은 많으나 마음의 준비가 필요함. 코딩 초보라면 너무 쉽게 생각하지는 말것!
컴퓨팅 기초: 처음 만나는 컴퓨팅,변해선,22,Fall,5.0,수업 완점 좋아요! 교수님도 친절하시고 로드도 기말 발표 말고는 아예 없었어요 :)
컴퓨팅 기초: 처음 만나는 컴퓨팅,변해선,22,Fall,5.0,"교수님도 좋으시고 에쎈유라서 학업 부담도 없습니다
기말 때 조별과제로 평가되는데, 에쎈유라 그런지 책임감없는 조원들도 많아서.. 그 것만 주의하시면 꿀강이에요
코딩 입문하기 좋습니다"
컴퓨팅 기초: 처음 만나는 컴퓨팅,변해선,23,Spring,5.0,천사 교수님과 조교님들 아래서 쉽고 편하게 공부했습니다. 로드도 없구 설명도 잘하셔서 많이 배워갑니다.
컴퓨팅 기초: 처음 만나는 컴퓨팅,변해선,22,Fall,5.0,컴퓨터 코드 단 하나도 모르고 수강하면 생각보다 어렵습니다.(저처럼요) 그러나 조교님과 교수님이 워낙 친절하게 잘 설명해주십니다. 수업 듣다보면 늘어지기 마련인데 절대 진도 놓치지 마세요. 한번 놓치면 공부해야할 양이 감당 못할만큼 쌓입니다.
컴퓨팅 기초: 처음 만나는 컴퓨팅,변해선,22,Winter,5.0,파이썬 하나도 모르는 상태에서 들었는데 차근차근 잘 가르쳐주시고 엄청 스윗하십니다 ㅎㅎ 과제는 살짝 어려운 감이 있긴 했는데 수업시간에 열심히 듣고 복습 하는게 중요한 것 같아용
컴퓨팅 기초: 처음 만나는 컴퓨팅,변해선,22,Fall,4.0,"여러분은 꼭 수업시간에 열심히 듣고 예습이나 복습해서 잘 따라가시길… 완전 쌩노베 문과성향이라 따라가기 좀 힘들었지만 그래도 다들 저보단 수월하게 s 맞으실 수 있을거에요!
교수님 친절하시고 튜터님들도 카톡으로 직접 질문도 친절히 받아주셔서 도움 적극적으로 받을 수 있다는데 장점입니당!"
컴퓨팅 기초: 처음 만나는 컴퓨팅,변해선,22,Fall,5.0,교수님 정말 친절하시고 강의력도 좋으셨어요!! 다만 한번 놓치다보니 끝까지 못따라갔지만..ㅠ 1학년때 들었다면 끝까지 열심히했을 것 같아요 팀플 2번이 있긴 했지만 각자 따로따로 해서 마지막에 한 스크립트에 합치는 팀플이었어요 S/U라서 부담도 없고 컴기 들으시려는 분 이 강의 완전 추천합니다!!
컴퓨팅 기초: 처음 만나는 컴퓨팅,변해선,22,Fall,5.0,코딩의 ㅋ도 모르는데 잘 설명해주셔서 나름 잘 따라갈 수 있었습니다! 중간 이후 데이터 마이닝 양이 좀 많은데 올려주신 자료와 수업 잘 들으면 쉽게 할 수 있어요
컴퓨팅 기초: 처음 만나는 컴퓨팅,변해선,22,Fall,5.0,"천천히 복습하면서 따라가면 어렵지 않습니다. 
프로그래밍 노베이고 과제들도 무난했습니다."
컴퓨팅 기초: 처음 만나는 컴퓨팅,변해선,22,Fall,5.0,"교수님 친절하시고 강의력 정말 좋으세요. 근데 코딩 처음배우는 저에게는 공부할 양이 상당히 많다고 느껴져서 공부하는데 투자한 시간이 꽤 많았어요 그만큼 재미도 있었구요.
수업 하루 놓치면 따라가기 정말 힘들어질 수 있을거 같으니까 코딩을 처음 배우시면 성실히 임해야 할 것 같아요.
매주마다 코드입력해서 채점서버사이트에 내는 과제가 있고 중간고사로는 간단한 게임만들기 팀플, 기말고사로는 웹크롤링해서 자료만들기 팀플이 있어요"
컴퓨팅 기초: 처음 만나는 컴퓨팅,변해선,22,Fall,4.0,"매주 과제 있고 중간기말 팀과제가 은근 할 게 많음 그리고 수업 한번 놓치면 따라가기힘들정도로 내용 많음,,,, 이미 반복문에서 멘탈나갔어서 그 이후론 기억도 안남 그래도 처음 배우니까 이영차이영차하면서 열심히 하긴함,,, S/U니까 공부한다 생각하고 들으시길"
컴퓨팅 기초: 처음 만나는 컴퓨팅,변해선,22,Fall,5.0,"S/U라 부담은 없지만, 과제가 좀 많은 편이에요
파이썬 모르는 상태로 들었는데 수업 내용이랑 강의력은 좋으세요. 근데 다른 과목 시험기간이랑 중간, 기말 과제가 겹치다보니 좀 부담이 될때가 있어요. 다른 분들 수준이 높은 편이라 팀과제 할때 중간에 포기하고 싶었지만, 끝까지 붙잡고 밤새 코딩하다보니 결국 성공해냈습니다. 덕분에 많은걸 얻어가는 수업이었어요."
컴퓨팅 기초: 처음 만나는 컴퓨팅,변해선,22,Fall,4.0,"전반부에는 파이썬, 후반부에는 간단한 데이터 크롤링과 시각화를 다룹니다. 사실 매주 코딩 등 짜잘한 과제에 팀과제도 많고 특히 후반부에 배우는 내용도 정말 컴퓨터 다루시는 게 처음이시라면 많이 어려울 수 있으나... 교수님이 적어도 노력은 많이 하십니다"
컴퓨팅 기초: 처음 만나는 컴퓨팅,변해선,22,Fall,5.0,컴퓨터라면 질색팔색 했었는데 용기내서 컴기 들어보고 나니 자신감이 조금이나마 생겼습니다!
컴퓨팅 기초: 처음 만나는 컴퓨팅,변해선,22,Fall,5.0,"코딩에 입문해보고 싶고 아직 과학 교양을 채우지 못한 문과분들께 추천드리고 싶은 강의입니다. 수업은 항상 하루 이론, 하루 실습 이런식으로 진행되고, 매주 실습 문제를 채점서버에 다 accepted를 받아야 과제 점수를 얻을 수 있습니다. 과제는 이 말고도 조별 과제 + 개인 중간평가 과제 + 조별 기말퍙가 과제 이렇게 세개가 주어지며 S/U 치고는 로드가 적지 않은 편이라고 생각합니다. 
하지만 교수님 설명이 매우 친절하며 튜터님들도 모르는 문제는 기초부터 차근차근 알려주시려고 노력 많이 하십니다. 또한 실습도 이론시간에 집중 잘 하고 이해하려고 노력한다면 푸는데에 그렇게 어려움을 겪진 않습니다. 개인적인 시간을 많이 들이지 않아도 기본적인 참여(출석, 과제제출)만 성실히 한다면 충분히 S를 가져갈 수 있는 수업이기에 부담없이 이과 교양을 듣고싶으신 문과분들께는 좋은 강의라고 생각합니다."
컴퓨팅 기초: 처음 만나는 컴퓨팅,변해선,22,Fall,5.0,"교수님 너무 친절하세요. 다만, 일부 튜터님들은 연락을 잘 안보혀서 질문 후 5일뒤에 답이 오는 경우도 있으니 겨수님께 다이렉트로 질문하는걸 추천드려요"
컴퓨팅 기초: 처음 만나는 컴퓨팅,변해선,22,Winter,5.0,교수님 너무 친절하십니다 중간까지는 코딩입문이라 쉬운데 웹부붕 넘어가고부터는 쉽지않아요 중간 개인프로젝트로 프로그램 만들기 있고 기말 팀프로젝트로 데이터 시각화 과제 있습니다
컴퓨팅 기초: 처음 만나는 컴퓨팅,변해선,22,Fall,5.0,3학점 s/u치고 로드가 많아서 약간 그랬던 강의.  그러나 강의 자료가 너무 깔끔하고 교수님과 조교님이 체계적으로 잘 가르쳐 주시고 강의력도 좋아 이해하는 데 문제는 없음
컴퓨팅 기초: 처음 만나는 컴퓨팅,변해선,22,Spring,5.0,"여름 계절학기로 들었습니다! 
과학교양 치워야하는 인문대생 무조건 들으세요 무조건 .."
컴퓨팅 기초: 처음 만나는 컴퓨팅,변해선,22,Spring,4.0,계절학기라 빡센 거 빼고는 나름 만족해요. 다들 한번씩 들어보시길
컴퓨팅 기초: 처음 만나는 컴퓨팅,변해선,22,Spring,5.0,"저는 정말 좋았습니다.
코딩에 대해 아무것도 모르고 수강했는데도 잘 따라갈 수 있었습니다. 다만 중간고사 이후부터는 내용이 갑자기 확 어려워지는 경향이 있습니다. 조교님 교수님 모두 정말 친절하시고 로드도 많은 편이 아닙니다. 파이썬 입문하고싶으신 인문계 학우 분들, 교양 치워야 하시는 분들께 추천합니당"
컴퓨팅 기초: 처음 만나는 컴퓨팅,변해선,22,Spring,5.0,"파이썬에 대해서 하나도 모르는 상태로 강의를 수강했는데, 코딩에 대한 흥미도 생겼고 파이썬의 기본에 대해서 잘 알아갈 수 있었습니다. 일주일 두번 수업 중에 한 수업은 이론 녹강, 한 수업은 대면 실습이 진행되어서 부담 없이 들을 수 있었고, 이론 녹강과 함께 수업 자료도 다 etl에 올려주셔서 나중에 모르는 거 찾아보기도 수월했습니다. 교수님께서도 학생들을 많이 배려해주셔서 기분 좋게 들을 수 있었습니다. 중간평가는 개인 프로젝트 과제로, 기말평가는 팀 프로젝트 과제로 대체해서 시험 부담도 없습니다. 1학기에 수강할 때는 항상 만족하면서 들었던 강의인데, 이번 여름 계절학기에는 이론 수업을 일부 대면으로 진행하고 중간, 기말 과제 외에 팀 과제가 추가되는 등 1학기와는 변화가 있다고 하니 2학기에 수강하시려는 분들께서는 참고하세요."
컴퓨팅 기초: 처음 만나는 컴퓨팅,변해선,22,Spring,5.0,"파이썬을 이 수업에서 처음 접해서 얻어간 것도 많았고 꿀강 중의 꿀강입니다. 로드가 많지도 않고, 녹강 들어서 가기만 하면 실습시간에 조교님 풀이 보면서 과제 거의 끝내고 올 수 있어요. 실습 시간에 문제 풀이 시간도 충분히 주시고, 질문하면 튜터님들이 정말 친절하게 알려주십니다. 저는 사실 강의를 매우 불성실하게 들어서.. 지각도 많이하고 녹강도 여러번 빼먹고 중간과제 이후로는 과제도 상당히 많이 안 냈는데 S 가져갔어요. 기준이 많이 후하시고 배려 많이 해주시는 것 같습니다!"
컴퓨팅 기초: 처음 만나는 컴퓨팅,변해선,22,Spring,5.0,"일주일에 두 번 수업인데 한 번은 녹강, 한 번은 대면 실습이어서 일주일에 한 번 강의듣는 느낌이었고, 코딩의 코 자도 몰랐는데 처음부터 잘 알려주셔서 흥미 붙였어요. 중간 기말 없는 대신 개인과제, 팀플과제가 있는데 개인과제도 재밌게 했고 팀플과제는 시험기간에 팀플이라 좀 힘들긴 했지만 생각보다 시간이 많이 걸리지는 않아서 괜찮았어요!"
컴퓨팅 기초: 처음 만나는 컴퓨팅,변해선,22,Spring,5.0,"시험이 지필이 아니라 개인 프로그램 작성하는거 1개, 팀 프로젝트 1개 여서 공부 부담은 없었음. 시험기간에 팀 프로젝트가 좀 부담스러웠지만 수업은 재밌었습니다."
컴퓨팅 기초: 처음 만나는 컴퓨팅,변해선,21,Fall,5.0,개인적으로 정말 재미있게 들었습니다 역사 강의가 보통 암기 기반이 많은데 이건 약간 새로운 시각에서 생각하는 느낌의 강의였어서 신선했던 것 같습니다 교수님도 정말 학생들 배려 많이 해주신다는 느낌이 들었어요
컴퓨팅 기초: 처음 만나는 컴퓨팅,변해선,21,Fall,5.0,"21-겨울
컴퓨터 입문자를 위한 강좌이긴 한데, 계절이라 입문자에게는 힘들었을 것 같습니다. 저는 파이썬을 공부한 적이 있었는데도 제대로 따라가기 위해 따로 예습 및 복습을 적지 않게 해야했습니다. 컴기를 들으시려면 여유있게 정규학기에 들으시는 게 좋을 것 같아요. 근데 파이썬 좀 배웠고 임팩트있게 기초를 끝내고 싶다면 계절에 듣는 것도 나쁘지 않을 것 같습니다
그 점을 제외하면 너무너무 좋았습니다. 교수님 아마 학교에서 가장 친절하신 교수님이 아닐까 생각하고요, 조교님 설명이 정말 재미있으셔서 지루하지 않게 들었습니다. 바로 컴개실 듣기가 부담된다면 강추하고 S&U 라서 성적 부담도 없습니다. 다만 코딩을 계속 배울 생각이 있고 기초를 다지기 위해 이 강의를 듣는다면 시간을 많이 투자해서 제대로 실습문제 풀고 복습할수록 나중에 컴핵, 컴퓨팅 응용 혹은 컴개실을 들을 때 수월할 것 같습니다. 
강의 너무 좋습니다 추천합니다~!"
컴퓨팅 기초: 처음 만나는 컴퓨팅,변해선,21,Fall,4.0,"겨울계절입니다.
이전에는 R 강의(전산통계 및 실험, 통계학실험)만 수강했던 상태였는데 파이썬 베이스 없었지만 조금 노력하니까 금방 따라가더라고요."
컴퓨팅 기초: 처음 만나는 컴퓨팅,변해선,21,Fall,5.0,"솔직히 꿀강입니다.
파이썬 조금 한 상태에서는 그때그때 수업듣고 과제만 하면 됩니다."
컴퓨팅 기초: 처음 만나는 컴퓨팅,변해선,21,Fall,5.0,겨울학기 수강했습니다. 원래 커리가 좀 타이트한 편인데 계절에 수강하느라 진도가 너무 빨라 조금 고생했습니다. 그래도 초심자가 따라가기 쉽게 설명을 잘 해주시고 파이썬을 흥미롭게 배울 수 있었습니다. 수업을 제대로 따라가지 못하면 조별 과제 때 다소 민폐일 수 있으나 과제의 난이도가 그리 어려운 편이 아니라 열심히만 하면 무리 없이 패스 받으실 수 있습니다.
컴퓨팅 기초: 처음 만나는 컴퓨팅,변해선,21,Spring,5.0,"여름 계절 수강
파이썬이 뭔지도 모르는 문과생
갑자기 코딩에 흥미가 생겨서 21-1학기 수신때 놓치고 초안지로 수강함
교수님, 조교님 모두 친절하게 잘 가르쳐주시고 기초부터 배울 수 있어서 정말 좋았음"
컴퓨팅 기초: 처음 만나는 컴퓨팅,변해선,21,Fall,5.0,"(겨울학기, 비대면) 파이썬에 대해 엄청 깊이 있게 배우는 건 아니지만 넓은 범위를 기본적인 수준까지 배울 수 있습니다! 파이썬이 처음이시라면 적극 추천합니다. 저도 파이썬을 처음 배웠는데 정말 매 시간이 즐거웠습니다."
컴퓨팅 기초: 처음 만나는 컴퓨팅,변해선,21,Fall,4.0,"처음에는 열심히 하고 재밌었는데
뒤로 갈수록 어려워져서 어차피 S/U니까 좀 놓았네요 ..
중간 대체로 개인이 프로그램 제작하고 기말 대체로 팀 프로젝트가 있습니다 개인이 프로그램 제작하는건 쉽고 재밌는데 기말 팀 프로젝트는 어렵고 팀플이니까 부담스럽고 시험 기간이랑 겹쳐서 짜증납니다
저는 중간 이후부터 그러지 못했지만 다들 열심히 하셔서 얻어가는게 많으시길 .."
컴퓨팅 기초: 처음 만나는 컴퓨팅,변해선,21,Fall,5.0,"에쎈유 3학점이라 정말 꿀입니다!
그러나 대충 하시면 얻어가는게 없을수도..
녹강 열심히 듣고 과제로 정리하면 꽤 많이 배울 수 있습니다!
팀플은 시험기간이랑 겹쳐서 조금 귀찮았지만..
꽤나 좋은 과목입니다! 들으세요!"
컴퓨팅 기초: 처음 만나는 컴퓨팅,변해선,21,Fall,4.0,"에쎈유 3학점이라는 게 큰 메리트였고, 학점 부담 없이 코딩 배울 수 있어서 좋았습니다. 그런데 중간과제 이후로 웹 부분으로 넘어갈 때부터는 좀 이게 뭔가 싶어 길을 잃은 느낌이었습니다. ㅠㅜ 제대로 복습하면 얻어가는 건 정말 많을 것 같습니다. 전 전공 공부에 치이느라 그냥 동영상만 듣고 수업 시간에 실습만 열심히 했는데 이 정도도 안 하는 분들도 많더라구요.. 꿀이지만 그래서 진짜 꿀만 빨려고 신청한 분들도 꽤나 있기에.. 기말 팀프로젝트가 스트레스 받을 수도 있습니다 ㅎ 수업 잘 듣고 코딩 잘 하는 팀원 있으면 그나마 나은데 아니면 좀 힘들 수도 있을 것 같아요 팀플 극혐하시는 분은 조금 고려해보시길.."
컴퓨팅 기초: 처음 만나는 컴퓨팅,변해선,21,Fall,5.0,"매주 동영상 수강 후 소스코드제출이 번거롭고 어려울 수 있으니 궁금하거나 잘 안 풀리는 문제가 있으면 교수님께 메일 ㄲ 바로바로 답장주심. 중간과제 하나, 기말 팀플 하나, 3학점 su 꿀강입니다!!"
컴퓨팅 기초: 처음 만나는 컴퓨팅,변해선,21,Fall,5.0,파이썬 원래 할 줄 알면 3학점 꽁입니다만 아예 노베면 힘들지만 열심히 하면 전부 s 나옵니다
컴퓨팅 기초: 처음 만나는 컴퓨팅,변해선,21,Fall,5.0,S/U 3학점 냠냠. 로드는 과제도 있고 팀플도 있고 없는 건 아닌데 크게 부담되지는 않음. 교수님 조교님 감사해요
컴퓨팅 기초: 처음 만나는 컴퓨팅,변해선,21,Spring,5.0,"snu라 큰 부담도 없고, 열심히 참여하면 얻어가는 것도 많은 수업.  수강신청 할 수 있다면 꼭 들으시길!!"
컴퓨팅 기초: 처음 만나는 컴퓨팅,변해선,21,Spring,5.0,s/u라 학점에 크게 스트레스 받을 필요 없고 내용도 쉬워서 아예 코딩 처음 접하는 사람도 듣기 좋은 강의입니다! 생전 코딩 배워본 적 없는데 이 강의 듣고 흥미 생겨서 같은 교수님 컴핵까지 따라갔어요
컴퓨팅 기초: 처음 만나는 컴퓨팅,변해선,21,Spring,5.0,개론 수업으로 들을 만합니다 정말 좋았어요! 에스앤유라서 부담도 없었어요 교수님도 튜터님들도 좋으십니다
컴퓨팅 기초: 처음 만나는 컴퓨팅,변해선,21,Spring,4.0,과제는 많은편 하지만 에쎈유라 조만 잘 걸리면 우주비행기타고 갈수있음. 그리고 부담거의 없지만 열정 없으면남는거도없는 그런과목
컴퓨팅 기초: 처음 만나는 컴퓨팅,변해선,21,Spring,5.0,"에쎈유라 편하게 들을 수 있어요!
중간고사 끝나고 부터 내용이 좀 어려워지긴 하지만, 적당히 관심만 가져주면 거저먹을 수 있습니다."
컴퓨팅 기초: 처음 만나는 컴퓨팅,변해선,21,Spring,3.0,"아무래도 s/u라 편안하게 수강했던것같네요!
교수님 정말 친절하시고 튜터님들도 잘가르쳐주시려는게 느껴져요ㅜ 정말 최고의 수업이었고 교수님 감사합니다!"
컴퓨팅 기초: 처음 만나는 컴퓨팅,변해선,21,Fall,5.0,그냥 개꿀입니다 무조건들으세요 중간기말과제 솔직히 그냥 거저먹기고 수업도 개쉽습니다
컴퓨팅 기초: 처음 만나는 컴퓨팅,변해선,21,Spring,5.0,"여름계절로 들었는데
파이썬 조금이라도 해본사람이라면 정말 쉽습니다"
컴퓨팅 기초: 처음 만나는 컴퓨팅,변해선,21,Spring,5.0,"S/U인 줄 모르고 시작해서 제가 너무 힘 뺀거 같네요 ㅎㅎ..

기초부터 차근차근 알려주시기에 코딩 감 잡고 싶다 하시는 분은 정말 좋은 강의라고 생각합니다.
중간고사가 학생이 낸 문제를 서로 코딩을 하는 것이고, 기말고사는 팀 프로젝트인데
재밌는 시험 방식이라 생각했고, 실제로 이런 방식의 시험이 오히려 수업 내용 정리하기에 안성맞춤이었습니다.
첫 코딩 시작 강의로 최고라고 생각해요"
컴퓨팅 기초: 처음 만나는 컴퓨팅,변해선,21,Spring,4.0,s/u 치고 로드가 많긴 하지만 얻는 것도 많고 교수님도 정말 친절하세요!!
컴퓨팅 기초: 처음 만나는 컴퓨팅,변해선,21,Spring,4.0,"S/u 치곤 로드가 많지만 교수님, 조교님 둘다 넘넘넘 좋으세여!!!!!추천이요"
컴퓨팅 기초: 처음 만나는 컴퓨팅,변해선,21,Spring,4.0,"우선 이과교양인데 S/U입니다. 여기서 웬만한 강의보다는 엄청난 이점을 지닙니다.
다만, 로드는 S/U 치고 빡셉니다. 매주 colab 결과물을 제출해야 합니다.
중간 과제는 A라는 사람이 나에게 문제를 내면 그 문제를 풀고 나는 B에게 문제를 내는 식으로 진행됩니다. 
기말 과제는 팀플로 진행됩니다. ppt, 발표, colab 프로그램 제작 및 개발 등으로 역할을 분담할 수 있습니다. 
이과 교양 필수인 분들은 이걸로 s/u로 치우십쇼."
컴퓨팅 기초: 처음 만나는 컴퓨팅,변해선,21,Spring,5.0,"여름학기 수강. 파이썬과 웹에 대해서 배울 수 있는데, 이론은 영상강의, 실습은 줌에서 튜터님들과 실습문제풀이 하는것으로 진행됩니다. 파이썬의 기초적인 부분에 대해 잘 배워갈 수 있는 강의"
컴퓨팅 기초: 처음 만나는 컴퓨팅,변해선,21,Spring,5.0,"교수님께서 수업에 대한 열정이 대단하시고 설명을 굉장히 친절하게 잘해 주십니다. 매주 녹화강의 1번, 실시간 줌 실습 1번으로 이루어졌는데 솔직히 로드가 적은 편은 아니지만 얻어가는건 되게 많은 편이에요! 실습은 조교님이나 튜터님 한 분과 학생 6-7명으로 이루어졌고 문제 당 풀이 시간 5분 정도 주시고 조교/튜터님께서 코랩으로 직접 풀이하시는거 보여 주시는 형식이에요. 교수님께서 문제를 미리 올려 주시기 때문에 풀이 시간이 부족하다고 느끼면 실습 수업 전에 풀어와도 되고요. 배우는 것도 많고, 교수님, 조교님, 튜터님 모두 너무 좋으셨어요. 추천 드립니다!"
컴퓨팅 기초: 처음 만나는 컴퓨팅,변해선,21,Spring,5.0,"최고의 꿀강인 것 같습니다
S/U 과목일 뿐 아니라 문과가 컴퓨팅 과목을 들어도 너무 이해 잘돼요"
컴퓨팅 기초: 처음 만나는 컴퓨팅,변해선,21,Spring,5.0,"다른 분들이 다 잘 써주셨네요! 제가 첨언하자면
문과 출신인데 이과 교양을 치워야 한다 -> 물화생지 따위를 고등학교 때 배운 적이 없으므로 과학수업을 듣는 건 무리다 -> 그래서 컴퓨터 과목을 들어야 하는데 코딩 노베다 -> 그냥 무조건 S/U인 컴기 들으세요! 상평 컴개실 ㄴㄴ!"
컴퓨팅 기초: 처음 만나는 컴퓨팅,변해선,21,Spring,5.0,S/U로 이과교양 치울 수 있다는 엄청난 이점을 가졌음...파이썬 내용까지는 재밌게 따라갔는데 웹크롤링이 조금 어렵다고 느껴졌습니다. 시각화는 또 재밌었어요ㅎㅎ파이썬 맛보기 해보고 싶으시다면 괜찮은거같아요
컴퓨팅 기초: 처음 만나는 컴퓨팅,변해선,21,Spring,5.0,"파이썬의 기초를 배우는 과목이지만, 아주 쉽지만은 않습니다. 그러나 교수님의 인품이 대단히 훌륭하시고, 조교님 또한 열정적으로 가르쳐주셔서 배우려는 의지가 있다면 많은 것을 배워갈 수 있습니다. 학점 부담이 없다는 것은 굉장한 장점입니다. 특히 인문대생이라면 흥미로운 내용을 배우며 이과교양도 편하게 해결할 수 있게 됩니다."
컴퓨팅 기초: 처음 만나는 컴퓨팅,변해선,21,Spring,5.0,강의력 매우 좋으심. 에센유라서 원하면 많이 배워갈수도 있고 대충할 수도 있을 것임. 컴퓨팅 기초이나 난이도가 엄청 쉽지만은 않음. 강의가 조금 길고 한번에 나가는 내용이 많은 게 살짝 힘들수는 있음
컴퓨팅 기초: 처음 만나는 컴퓨팅,변해선,21,Spring,5.0,"강의명 그대로 컴퓨팅의 기초을 배울 수 있는 강의.
에센유라서 즐거운 강의.
조바조겠지만 난 팀원 잘 만나서 훈훈한 분위기에서 알차게 팀플 할 수 있었음.
교수님 조교님 다 너무 좋으시고 질문도 잘 받아주심(사실 조교님보다 교수님께서 이메일 답장 속도가 훨씬 빠르심)

짱짱 추천츄천"
컴퓨팅 기초: 처음 만나는 컴퓨팅,변해선,21,Spring,5.0,S/U 기초과목답게 기초 잘 배웠습니다. 대표조교님 설명해주시는게 마음에 들었음. 기초과목 그 이후 공부를 어떻게 할지 설명을 해준다던지... 아니면 f 스트링 가르쳐주시는 거라든지.. 알려주신 사이트는 북마크 저장해놨습니다 나중에 관심 생기면 열심히 공부해볼게요. 예습 복습 열심히는 안해서 팀플하는데 고생 좀 했음 ㅎ
컴퓨팅 기초: 처음 만나는 컴퓨팅,변해선,21,Spring,5.0,중간 이후로 어려워지긴 하는데 이해 완벽히 안해도 별 지장은 없는것 같슴당! 조교님과 교수님 모두 열정이 넘치시고 학생들 배려 많이 해주셔서 좋았어용
컴퓨팅 기초: 처음 만나는 컴퓨팅,변해선,21,Spring,4.0,"S/U이기 때문에 학점  고민은 없습니다
교수님이 굉장히 세심하게 알려주시고 질문도 잘받아주십니다.
중간까지는 파이썬 기본 문법을 배우기 때문에 쉽게 할 수 있지만 그 이후는 좀 어려워집니다"
컴퓨팅 기초: 처음 만나는 컴퓨팅,변해선,21,Spring,5.0,"1. 최대 장점: 3학점인데 S/U라서 부담없이 들을 수 있음, 하라는 거 열심히만 하면 S 주시는 듯 (대신 수업을 따라가려면 어느정도 노력이 필요하고, 수업에서 얻어가고픈 것이 있다면 복습을 열심히 해야한다고 생각)
2. (코시국)수업 일주일 2회: 이론 수업(녹강) 한 번+실습 수업(줌)
3. 평가: 매 실습 수업 후 실습한 내용 제출한 것(수업 제대로 듣고 따라하고 제출하기만 하면 점수 줌)+중간 개인 프로젝트(개인적으로 여기에 시간과 노력을 많이 투자했는데, 좋은 선택이었다고 봄)+기말 팀 프로젝트(웹크롤링, 시각화 부분이고 조원이 여러명이라 역할 분배하면 시간 많이 소요되지 않음)
4. 수강생이 많아 실습 강의는 조교님, 튜터분들이 해주시는데 부족함 전혀 없었음(가끔 교수님 디스..읍읍 여튼 귀여우심)
5. 나 자신에게 아쉬운 점은 수업 후반부로 갈수록 복습을 제대로 안 해서 수업을 이해하며 따라가지 못했다는 점(왜그랬어이자식아..)
6. 코딩, 파이썬에 대해 1도 모르지만 배워보고 싶은 자들에게 강력 추천! (수강신청은 1,2픽 정도면 무난히 성공함)"
컴퓨팅 기초: 처음 만나는 컴퓨팅,변해선,21,Spring,5.0,"중간 기간 까지는 파이썬 기초 문법을 다루고 이후에는 웹크롤링, 데이터 가공 등을 다룹니다. s/u과목이라 학점 부담이 적습니다. 프로그래밍을 접해보신 분이라면 훨씬 부담이 덜할 것입니다."
컴퓨팅 기초: 처음 만나는 컴퓨팅,변해선,21,Spring,5.0,초반엔 열심히 하다가도 언제부터인가 해답 올라오는 것만 기다리게 됨. 수업을 열심히 듣지 않으면 중간과제는 좀 까다로울 수 있는데 기말 팀플은 크게 어렵지 않음.
컴퓨팅 기초: 처음 만나는 컴퓨팅,변해선,21,Spring,5.0,"프로그래밍을 기초부터 차근차근 알려주십니다. 매주 나오는 실습 문제의 양이 점점 많아지기는 하는데, 수업이 끝난 후에 솔루션을 올려주셔서 크게 부담되지는 않습니다. 중간/기말 과제도 간단하게 할 수 있는 것들이라 편하게 마무리 했네요. 교수님께서도 메일 답장도 빠르시고 학생들 배려를 많이 해주십니다."
컴퓨팅 기초: 처음 만나는 컴퓨팅,변해선,21,Spring,5.0,"< 장점 >
질 높은 수준의 기초 프로그래밍 강의 ← Python은 배우기 쉽다(물론 난이도는 상대적이다), 수업자료, 시험 등 준비가 잘 된 수업이라는 느낌
S/U 성적평가 ← 이에 한 학기 전체적인 부담이 확 줄어듦. 스트레스 받지 않고 코딩할 수 있어서 좋음.
친절한 교수님과 조교님 ← 한 번은 녹화강의이다. 교수님의 이론 강의인데 친절하심. 한 번은 Zoom 실습 강의인데 조교님이 그룹별로 진행하는데 친절하심.

< 단점 >
아주 조금 과한? 난이도와 분량 ← 중간 끝나고 BeautifulSoup, Matplotlib, Pandas 등 파이썬 라이브러리를 학습하는데 이 부분이 조금 벅참. 원래 깊이가 있는 부분인데 이 내용들을 한 주에 걸쳐 배우려하니까 초보자 입장에서는 어렵게 다가올 수도 있음

< 총평 >
요즘 프로그래밍에 대한 관심이 날로 치솟고 있다. 꼭 프로그래밍을 깊게 공부하고자 하는 것이 아니라도 프로그래밍을 한 번 경험해보는 것은 중요하다고 생각한다. 이에 해당 강의를 입문 강의로 추천한다."
컴퓨팅 기초: 처음 만나는 컴퓨팅,변해선,21,Spring,4.0,"열정을 가지고 공부한다면 얻는게 많은 과목이고, 그냥 학점만 따려는 용도면 얼마든지 꿀빨 수 있는 과목임. 교수님 친절하시고 좋아요. 중간팀플은 제작요청 난이도에 따라 시간투자가 천차만별일 수 있는데 개인적으로 너무 힘들었음(만드는 사람 고려 안하고 막 짜버린 제작요청 걸리면..) 마지막 팀플은 잘 못하겠으면 ppt 같은거 맡으면 됨."
컴퓨팅 기초: 처음 만나는 컴퓨팅,변해선,21,Spring,5.0,어차피 어떻게든 된다. 이해 못해도 복붙하면서 버텨라. 기말 프로젝트 열심히 하는 친구한테 넘겨라. 어차피 프로그래밍 좋아하는 친구 있으면 혼자 다 할거다. 편하게 이과 교양 채우고 싶은 인문대생들을 위한 강의다.
컴퓨팅 기초: 처음 만나는 컴퓨팅,변해선,21,Spring,5.0,"인문대생이라 이과 교양 하나 들어야 해서 들었는데 짱좋아요. 일단 S/U인것부터가 압도적인 장점!
수업 내용도 완전 쌩노베인 사람 기준으로 알려주시고, 교수님도 완전 친절하심. 아니 걍 천사심... 진짜로.... 조교님도 완전 친절하시고 수업시간에도, 메일로도 질문 다 받아주심.
중간 과제랑 기말 팀플도 그렇게 부담스럽지는 않음.
매주 이론 녹화강의, 실습 줌 강의 있었는데 매주 잘 따라가면 얻어가는 것도 많을 듯
하라는 것만 다 제출 기한 지켜서 하면 무조건 S 받을 수 있음!
진짜로 안 들을 이유 없음 수강신청 할 수만 있다면 추천해요!"
컴퓨팅 기초: 처음 만나는 컴퓨팅,변해선,21,Spring,5.0,"에쎈유라 좋다. 아마 70점 이상?이 S였던걸로 기억한다. 본인이 열심히 하면 많이 배워갈 수 있는 듯하다. 다만 본인은 후반부 갈수록 녹강은 틀어놓고 소스코드 낼 때 몇 문제는 솔루션 복붙했다..^^ 시험을 안 보니까 본인이 열심히 안하면 안된다. 

소스코드 제출 한 주 빼먹음. 녹강으로 출첵하시는데 올출석하고 중간평가 때 100점 만점에 4점 까이고 기말팀플은 만점
 S 받아갑니당."
컴퓨팅 기초: 처음 만나는 컴퓨팅,변해선,21,Spring,5.0,"에센유라 편합니다. 코딩 베이스 있어서 중간과제까지 쉽게 들었고, 후반부에 데이터분석 배우는 것도 재밌어요."
컴퓨팅 기초: 처음 만나는 컴퓨팅,변해선,21,Spring,5.0,"교수님이 착하시고 열정있으십니다. 파이썬으로 간단한 코딩을 배우고 튜터님과 함께 실습을 하는 형태로 수업이 이뤄집니다. 다만 5주차 부터는 조금 어려워지고, 8주차 웹크롤링부터는 난이도가 급 상승합니다. 중간과제, 기말과제로 이뤄졌으며 시험은 없습니다. 중간과제는 개인과제로 요구하는 프로그램을 만들어서 제출하면 됩니다. 기말과제는 팀플로 한 가지 주제를 정한 다음에 웹크롤링을 하고 그 결과를 발표한 영상을 올리는 것이었습니다."
컴퓨팅 기초: 처음 만나는 컴퓨팅,변해선,21,Spring,5.0,"코딩에 대해 거의 아무것도 모르는 학생들도 들을 수 있는, 노베이스를 위한 최고의 컴퓨터 강의입니다! 수업시간에 기본적으론 파이썬 문법을 배우고, 그 다음엔 selenium, pandas 등 모듈을 사용하는 법도 배웁니다.  http/css 도 다루고 이를 바탕으로 최종과제가 나옵니다. 저는 기초적 파이썬 문법만 아는 상태로 강의를 수강했는데 후반부 내용도 다 따라갈 수 있었으니 미리 코딩 공부를 해가는 등의 노력은 굳이 필요없다고 생각합니다. 일주일 2번의 수업 중 한번은 녹강, 나머지는 녹강 내용을 바탕으로 줌에서 실습을 진행합니다.

사람마다 다르겠지만 전 로드도 그렇게 많다고 느끼진 않았습니다.. 하지만 녹강이나 수업을 제대로 듣지 않는다면 중후반부턴 따라가기가 약간 힘들수도 있습니다. 그래도 교수님 조교님 모두 모르는 건 열성적으로 설명해 주셔서 충분히 따라잡을 수 있었습니다. 코딩을 아예 모르지만 관심이 있는 분들 모두에게 적극적으로 추천하고 싶은 강의입니다. 1학기에 들었던 강의 중 가장 얻어간 것도 많고 가장 재밌게 들었던 수업이었습니다!"
컴퓨팅 기초: 처음 만나는 컴퓨팅,변해선,21,Spring,3.0,좀 어렵기도 했고 에쎈유긴 하지만 강의시간이 너무 많아요. 강의도 하고 실습도 하고 체감 5학점은 되는 듯. 그치만 아무튼 에쎈유니까 무조건 들읍시다.
컴퓨팅 기초: 처음 만나는 컴퓨팅,변해선,21,Spring,5.0,열심히 하는만큼 얻어갑니다. 학점은 에쎈유니 말이 필요없고요. 같이 연습할 동료 수강생 한분 얻어가도 좋을듯하네요
컴퓨팅 기초: 처음 만나는 컴퓨팅,변해선,21,Spring,4.0,"꿀강까지는 아니고, 컴맹은 한번이라도 밀리면 좀 힘들다
딱 에센유 정도"
컴퓨팅 기초: 처음 만나는 컴퓨팅,변해선,21,Spring,5.0,"진짜 엄청 좋습니다!! 교수님께서 정말 친절하시고, 질문 올리면 당일, 혹은 다음날까지 답변을 친절하게 해주십니다. 수업 동영상강의 하루, 실습 줌 강의 하루로 일주일에 총 2회 진행하였는데, 동영상 강의에서는 초반에 파이썬 문법을 설명해주실 때 흔히 할 수 있는 실수 혹은 궁금해할 점을 같이 설명해주셔서 정말 이해가 잘 되었습니다. 이후 웹크롤링에 대해 배우는 초반에는 제가 배경지식이 다소 부족해 어렵기는 했지만 후반으로 가면서 이해가 잘 되었습니다. 줌 강의에서는 10명정도의 소그룹으로 나누어져 진행이 되고, 각 그룹마다 조교님 혹은 튜터님께서 계셔서 실습 문제를 풀 시간을 주시고, 푸는 방법에 대해서 설명해주시고, 질문도 받아주십니다. 특히 해당 그룹 튜터님과 교수님께서 첫 실습 수업날 파일을 공유를 해서 이후 질문을 하면 직접 제가 쓴 코드를 보시면서 답변해주시기도 합니다. 교수님께서도 소그룹을 돌아다니시면서 질문을 답변해주시기도 하고, 추가 설명도 덧붙여주십니다. 정말 친절하고 좋으신 분입니다. 튜터님, 조교님들도 정말 좋으십니다! 만약 파이썬의 기초를 배우고 싶으시다면 이 강의를 매우 추천합니다!!"
컴퓨팅 기초: 처음 만나는 컴퓨팅,변해선,20,Fall,5.0,꿀강입니다 무조건 들으세요!!!!!!!!!!
컴퓨팅 기초: 처음 만나는 컴퓨팅,변해선,20,Fall,5.0,"1. 첫 5주 동안 내용 쉽다고 절대 무시하지 마라. 한 6주차쯤 함수 나오면서부터 확 어려워진다. 나는 이때부터 녹강 밀렸는데 결국 학기말까지 복구 못하고 중간/기말과제만 얼레벌레 해서 냈다...

2. 교수님이 정말 열정적이시다. 교수님께서 설명도 이것저것 잘해주고 정말 좋으셨는데 (개인적인 느낌으로는) 조~금 부담스럽기도 했다. 그치만 교수님이 학생에게 관심이 많으셔서 강의에 대한 케어가 잘 되는 건 장점이라고 볼 수 있을 듯하다.

3. S/U 강의라서 학점 부담은 없지만 로드 자체가 적지는 않다는 걸 유념하자. 학점 자체는 S 무난하게 받아갔지만 강의 내용을 제대로 소화하고, 과제를 제대로 수행하기 위해서는 꽤나 많은 시간 투자가 필요하다..."
컴퓨팅 기초: 처음 만나는 컴퓨팅,변해선,20,Fall,5.0,"교수님 친절하시고 열정적이셔서 너무 좋아요
에쎈유이고 시험도 없습니다
다만 수강신청 1픽으로 해야 잡힐듯."
컴퓨팅 기초: 처음 만나는 컴퓨팅,변해선,20,Fall,5.0,"최고의 교수님 최고의 강의
파이썬이나 웹 크롤링에 대해 거의 처음이었는데
정말 열정적으로 수업해주셔서 빠르게 배울 수 있었어요
에쎈유라 부담이 덜해요"
컴퓨팅 기초: 처음 만나는 컴퓨팅,변해선,20,Fall,5.0,"S/U로 컴퓨터와 정보활용 부문 교양 채우기 매우 편한 강좌
파이썬 처음 써보는 사람도 부담되지 않게 교수님이 친절히 답해주시고, 튜터분들도 많으셔서 열정만 있으시면 많이 배우실 수 있습니다.
이미 코딩 할줄 알면 3학점 꿀빨기도 좋음"
컴퓨팅 기초: 처음 만나는 컴퓨팅,변해선,20,Fall,5.0,수강신청이라는 진입장벽만 넘으시면 됩니다.
컴퓨팅 기초: 처음 만나는 컴퓨팅,변해선,20,Fall,5.0,"교수님께서 열정이 가득하시고 에쎈유 수업이라 부담도 없어서 좋아요!!!
다만 뒤로 갈수록 나태해지는 제 자신이 문제였습니다...:("
컴퓨팅 기초: 처음 만나는 컴퓨팅,변해선,20,Fall,5.0,3학점짜리 에센유라는 말도 안되는 이점이 있어서 선택했는데 무조건 잡으면 이득이다..교수님이 또 굉장히 착하셔서 과제와 팀과제에 대한 부담도 줄여주시고 질문에도 답변을 잘 해주셔서 컴퓨티에 대한 지식 없었어도 S받고 갑니다
컴퓨팅 기초: 처음 만나는 컴퓨팅,변해선,20,Fall,5.0,"In Byun we trust
수강신청에 성공하셔서 알찬 3학점 챙기시기 바랍니다!"
컴퓨팅 기초: 처음 만나는 컴퓨팅,변해선,20,Fall,5.0,"아주 만족스러운 강의. 중간고사는 학생들끼리 서로가 구상한 프로그램을 만드는 식으로 이뤄지고, 기말고사는 데이터 분석과 시각화를 하는 팀프로젝트로 이뤄진다. 일단 에쎈유 강의라서 시험 부담이 하나도 없다. 그냥 열심히 과제를 해서 내면 된다. 다만 프로그래밍을 어려워하는 분들은 과제하는데 시간이 조금 걸릴 수는 있다. 나도 그 분들 중에 하나여서 쉽지는 않았다. 그러나 일단 강의 내용이 파이썬의 ㅍ도 몰라도 찬찬히 배울 수 있도록 친절해서 열심히 하기만 하면 무사히 종강할 수 있다. 교수님이 열정적이셔서 강의의 양과 실습 문제가 중반에 좀 많기는 했다. 그러나 선택적으로 풀어도 되는 문제도 많고, 사회에 나가면 경쟁력이 될 수 있는 내용들인만큼 꿀강이 아니어서 더 다행이라고 생각했다. 그냥 강남의 학원을 이용하지 않고 코딩을 알차게 배우고 싶은 학생들에게 강력추천한다.

그리고 교수님이 너무 좋으시다. 모르는 걸 엄청 많이 여쭤봤는데, 엄청 빠르게 칼 같이 답변이 왔다. 메일 드리고 모든 답변이 1시간 안에 오는 걸 보면, 열심히 하게 된다. 해리포터의 맥고나걸 교수님 + 친절함을 갖추신 느낌. 본인도 열심히 도와주시고 많이 가르쳐주시면서 동시에 친절하시다. 이번학기에 가장 알찬 수업이다."
컴퓨팅 기초: 처음 만나는 컴퓨팅,홍화정,20,Fall,3.0,중간고사랑 기말고사는 과제 형식입니다. S/U치고는 로드가 너무 많습니다...
컴퓨팅 기초: 처음 만나는 컴퓨팅,홍화정,20,Fall,5.0,"S/U 과목이었지만, 저는 코딩 자체를 처음 해봐서 정말 낯설었고, 그래서 전공 수업보다 더 열심히 했던 것 같아요. 
기말 프로젝트가 제일 난해하고 어려웠던 것 같은데, 다른 분들이 다 열심히 하셔서 저도 자극 받고 더 열심히 해보려고 노력했던 것 같네용. 새로운 분야를 기초부터 배워갈 수 있어서 저는 이 수업 듣길 잘 했던 것 같아요!"
컴퓨팅 기초: 처음 만나는 컴퓨팅,홍화정,20,Fall,3.0,배우는건 아래 나와있듯이 많지만 알참. 다만 입문자 강의인데도 넘 시키는게 많았다. 여러분이 서울대생이니 버티고 한거예요
컴퓨팅 기초: 처음 만나는 컴퓨팅,홍화정,20,Fall,5.0,"파이썬 아예 노베고 배우고 싶다 하면 추천해요 
저는 개인적으로 매~~~우 만족했습니다
로드 빡세고 과제 매주 있고 중간고사랑 기말 프로젝트에 발표까지 있긴 해서 s/u 수업이란 게 믿기지 않지만
파이썬 아예 무지했기 때문에 성적에 대한 걱정없이 새로운 분야를 배울 수 있어서 좋았어요 
교수님 조교님 튜터님들 모두 매우 좋으시다고 느꼈고 잘 안되는 부분 질문도 적극적으로 받아주십니당 
비대면이라서 아쉬운 점도 있었지만 파이썬 무지라서 좀 기초적인 수업 듣고싶다고 하시는 분들께 추천해용"
컴퓨팅 기초: 처음 만나는 컴퓨팅,홍화정,20,Fall,5.0,"아랫분 보고 별점 3점 받을 강의는 아니라 작성합니다.
S/U 수업이고 교수님 조교님 모두 정말 친절하십니다. 코딩 기본기를 탄탄히 다질 수 있게 수업 정말 쉽게 가르쳐주십니다. 강의-실습도 잘 배분되어 있습니다. 저 같은 경우는 코딩의 기본도 모르던 사람인데 어느 순간 모르는 게 있음 구글에 검색해서 더 배울 수 있는 사람이 되었습니다.

아랫분은 구글에서 배울 수 있는, 독학하면 되는 수업이라 하셨지만 사실 거의 모든 코딩이 그럴 수 있지 않나요?ㅎㅎ  오히려 저는 코딩의 ㅋ도 모르던 제가 이제 구글에 주저없이 검색하고 거기서 배울 수 있는 사람이 되게 해준 거 자체로 이 수업에 아주 감사합니다. 그리고 덕분에 코딩의 재미를 알아갑니다!

파이썬 아예 모르시는 분들께 입문 강의로 강추합니다. 아랫분 말씀처럼 파이썬 기초에서 시작해서 중간고사 있고, 후반부에는  BeautifulSoup, numpy, pandas, mayplotlib 등 다양한 라이브러리 다루고 웹 크롤링 및 데이터 시각화 기말 해커톤 있습니다. 이외 자바나 Html, css도 간략하게 배우긴 했습니다. 

+) 과제는 많은 편인 것 같습니다. 그러나 스스로 문제를 푸는 쾌감을 동시에 얻어갈 수 있습니다. 에센유지만 3학점인 데 이유가 있겠죠ㅎㅎ"
컴퓨팅 기초: 처음 만나는 컴퓨팅,홍화정,20,Fall,3.0,"우선 이 강의에서는 파이썬 기초 + 파이썬 데이터 분석 관련 라이브러리(Numpy, Pandas, Matplotlib 등) + WEB(HTML, CSS 등)을 배웁니다. 

3학점이고, S/U로 평가되며, 출석, 과제, 중간고사, 기말 프로젝트가 주요 평가 요인입니다. 

* 강의평 * 
혼자서도 충분히 학습 가능한 수준에서만 강의하십니다. 
강의를 듣는 것보다 독학하는 것이 시간 절약도 되고 여러모로 더 낫다고 생각합니다. 
또한, 3학점 S/U가 장점일 수도 있지만 S/U 치고는 로드가 굉장히 많다고 생각합니다. 
다만, 정말 파이썬과 프로그래밍 전반에 대해 학습하고자 하는 의지가 있다면 중간고사 + 기말 프로젝트를 하며 (구글에게) 많이 배울 수 있습니다. 
자체 드랍을 하지 않는 이상 강제로라도 구글에게 많은 것들을 배우게 될 겁니다..... 
교수님께서도 프로그래밍은 구글에게 배우는 것이라고 자주 언급하시며 궁금한 게 있으면 검색을 통해 해결하라고 하십니다."
