대학영어 2: 글쓰기,이영화,24,Spring,5.0,교수님 진짜 친절하십니다!! 기영 오래하셨던 분이셔서 그런지 진짜 차근차근 잘 가르쳐주신다고 생각해요
대학영어 2: 글쓰기,Luke Peter Wall,23,Winter,2.0,"23-2 계절 고급영어 수강자이고, 강의가 검색이 안되어 불가피하게 여기에 적습니다.
고급영어의 경우 교수님께서 충분한 경험을 통해 커리큘럼을 현실적으로 짤 수 있으실때까진 수강을 적극 말리고 싶습니다.

교수님의 열정은 충분하나, 이번학기에는 다소 과했습니다.
6가지 선택된 영화를 가지고 수업을 진행하셨는데, 한정된 수업 시간을 고려했을 때 영화 제작의 기술적 분석, 도덕적 함의, 별도 리딩이 나오는 여러 관련 인문사회적 테마의 심화 분석을 모두 아우르는 것은 분명히 무리였음에도 모든 것을 커버하려 하시며 theme essay, 발표, comparative essay, 기말시험, 6번의 영화 감상 및 리뷰 essay까지 준비하셔서 수강생들 전체가 많이 힘들어했습니다. 타 고영 경험자 기준 체감 2배의 로드라는 이야기도 들었습니다.

단순히 로드가 많은 수준에서 그쳤다면 빡센 강의 정도로 평가할 수 있겠으나 교수님부터가 예정된 일정에 허덕이시며 수강생들에게 기초교육원과의 마찰과 과도한 업무량과 관련하여 스트레스를 감정적으로 호소하셨는데, 인간적인 관점에서는 이해할 수 있으나 교수라는 직업적 측면에서는 전문적이지 못한 모습이었다고 생각되며, 자신부터가 감당할 수 없는 로드를 왜 굳이 수강생들 모두에게 부여하며 홀로 사회실험을 진행하셨던 것인지 의문이 듭니다. 수업도 교수님이 제시해주신 주제들에 대한 그룹 토론 방식으로 진행되었으나 애초에 주제들간 연결성이 약하고 분 단위로 주제가 바뀔 정도로 그 진행이 타이트했으며 주제가 충분히 깊이있지 않았고 결국 특정 부분을 화두만 던지고 더 깊이 짚고 넘어가지 않은 채 넘어가는 방식이 계속되었기에 일방적으로 피로감만 가중된다고 느꼈습니다.

변동되는 평가 항목 및 과제에 대한 공지도 제대로 이루어지지 않았으며 그로 인한 문제를 제대로 인식하시거나 인정하지 않고 수강생에게 책임을 전도하는 모습을 보이셨는데, 이 또한 개인적으로 이해되지 않는 모습이었습니다.

수강생들과 친해질 수 있는 기회가 됐다는 건 참 소중하게 생각하지만 제가 생각해도 이건 마치 군대가서 자기계발할 수 있었다는 소리처럼 들리네요.
대학영어2의 경우 수업이 원활하게 잘 진행된 것 같은데, 고급영어의 경우도
기초교육원과의 문제가 어느정도 정리가 되고 커리큘럼도 현실성을 높여서 괜찮은 강의로 바뀌었으면 하는 바람입니다."
대학영어 2: 글쓰기,Luke Peter Wall,23,Winter,5.0,"교수님 너무너무 좋았습니다..
그냥 열정넘치시고 웃기셔서 저도 모르게 항상 집중하고 들었던거같아요. 그냥 겨울계절 대충듣고 끝내려했는데 열심히 듣게 되고 영어 좀 늘었습니다."
대학영어 2: 글쓰기,Luke Peter Wall,23,Fall,5.0,"출결 : 교수님께서 학생들 이름을 모두 외우신다. 누가 없는지 다 아신다.

수업 난도 : 대학영어 2라고 해서 조금 어려운 영어 수업일 줄 알았으나 그렇게 어렵지 않았다. 글의 구조에 대해 주로 설명해주시는데, '설득하는 글을 쓸 때에는 대표문장-근거-예시 순으로 써야 한다' 정도의 난이도이다. 쉽긴 하나 익히면 도움이 된다.

교수님 : 아주 친절하시고 열정적으로 수업하신다. 영국 특유의 여유와 낭만을 가지신 분으로, 아주 좋으신 분이다.

과제 : 4번 정도 나온다. 과제의 성적반영비율이 가면 갈수록 높아지므로 초반부보다는 후반부 과제를 잘 쓰는 게 중요한 것 같다. 피드백을 잘 받아서 쓰면 엄청 어렵지는 않은 것 같다.

시험 : 기말 한 번. 수업 시간 때 알려주셨던 영어 표현 관련 문제가 나오니 흘려듣지 않고 기억해 두는 게 좋은 것 같다. 즉석 글쓰기 시험이다."
대학영어 2: 글쓰기,서주희,23,Fall,5.0,교수님 인품 좋으시고 피드백도 명확하게 주셔서 그대로 잘 고치기만 하면 점수도 잘 주세요! 교수님 말씀대로 “말하기 수업보다 shy한 글쓰기 수업 학생들” 배려 많이 해주시는 맞춤 수업이었습니다ㅋㅋㅋ 실용적인 팁도 많이 주시고 외부 텍스트도 흥미로운 거 잘 가져오셔서 무섭던 영어 수업 재밌게 잘 들었어요.  텝스 간당간당 대영2 성적+영어 퇴화 상태였는데 에이쁠 받아갑니다.
대학영어 2: 글쓰기,서주희,23,Fall,5.0,"최고..최고예요.. 제가 만나뵌 교수님중에 제일 좋으셨어요.
교수님이 학생들을 배려해주시고 아껴주시는 게 잘 느껴져요. 한 번 결석은 점수 안 깎는다고 하셨는데 수업이 만족스러워서 결석을 안 하게 되더라고요. 시험은 없고 퀴즈 4번, 글쓰기 과제 4번 있어요. 로드는 교과서-(수업시간에)과제 초고 작성-피드백-과제 제출-퀴즈를 4번 반복했어요. 전혀 부담되지 않았는데 그렇다고 해서 빈약한 수업이 아니라 딱 필요한 것들만 쏙쏙 챙겨가는 느낌이었습니다. 교수님의 과제 피드백이 자세해서 글쓰기 실력도 늘었습니다. 성적은 지각도 한 번 하고 퀴즈, 글쓰기도 그렇게 잘 했다고 느끼지는 않았는데 A0 받았습니다."
대학영어 2: 글쓰기,서주희,23,Fall,5.0,"강의평이 없는 교수님이셔서 조금 걱정하고 수강신청 했었는데 한 번도 후회하지 않고 수업 들었습니다! 사실 대영2를 빨리 치워야겠다는 생각으로 듣기 시작했는데 얻어간 게 정말 많은 것 같아요. 
 교수님 인품이 너무 좋으시고 강의 내용도 교재에서 그치는 게 아니라 추가로 여러 텍스트 접해 볼 수 있어서 유익했습니다. 과제에 대한 피드백도 꼼꼼히 해 주시고 학생 한 명 한 명에 대한 애정이 느껴지는 강의였습니다.
 중간, 기말은 없고 출석+짧은 에세이 3개+기말 에세이 1개+퀴즈 4번으로 성적 결정됩니다! 퀴즈도 어렵지 않고 수업 시간에 집중하셨다면 쉽게 풀 수 있는 문제들입니다. 조모임은 수업 시간 내 토론 2번 정도 진행하였어요!
 대영2의 빛이라고 생각합니다 추천드려요!"
대학영어 2: 글쓰기,Kara June Ritchhart,23,Fall,5.0,좋아요. 성적도 합리적이에요. 글쓰기 시간도 수업내에 끝나요. 찡찡이들 말 듣지마요. 원래 대영은 지들 전공만큼 점수 못 퍼주는건데 ㅋㅋ
대학영어 2: 글쓰기,Kara June Ritchhart,23,Fall,5.0,"대영2 글쓰기가 워낙 귀찮게 하는게 많지만
그래도 카라 교수님은 웬만하면 수업시간 내에 끝내도록 하십니다! 에세이나 연휴기간 녹강 시청 외 다른 과제는 없었어요
다만 에세이 제출 기한이나 성적 부분에서는 다소 엄격하시기 때문에,
꼭 eTL과 수업시간 구두/서면공지를 꼼꼼하게 확인하시기 바랍니다.
에세이 쓸 때 교수님께 질문 많이하고 피드백 자주 오가면 충분히 높은 점수 받을 겁니다.
기말은 공부한다고 크게 의미가 있지는 않습니다.

96.66%로 A+ 입니다!"
대학영어 2: 글쓰기,Kara June Ritchhart,23,Spring,1.0,성적 개짬. 시험 내용 배운거에서 안나옴 그냥 영어실력으로 품.
대학영어 2: 글쓰기,Kara June Ritchhart,23,Spring,1.0,"수업 쉬움
로드 적음(거의 없음)
시험 쉬움

학점 …?"
대학영어 2: 글쓰기,Kara June Ritchhart,23,Spring,1.0,성적을 뭐 이래 주는 수업이 다 있는지 어이가 없었던 수업입니다. 듣지 마세요. 저랑 같이 들은 친구 둘 다 동의한 의견입니다.
대학영어 2: 글쓰기,Kara June Ritchhart,23,Spring,5.0,과제가 없고 시키는 것도 별로 없어서 꿀강이에요.
대학영어 2: 글쓰기,Kara June Ritchhart,23,Spring,5.0,"기본적인 과제외에 추가적인 로드전혀없고 다른 대영에비하면 진짜 좋다고생각합니다..그리고 수업시간에 글 쓰는시간 많이주셔서 좋아요
피드백도 잘해주십니다
대영2는 이 교수님 추천합니다 넘 좋아요"
대학영어 2: 글쓰기,Kara June Ritchhart,23,Spring,5.0,"대영2 글쓰기 수강했었습니다.
로드는 거의 없고, 학기 동안 3개의 글을 쓰면 되는데 다른 교수님 수업 같은 경우 글을 써오라고 과제를 내주시는반면 이 교수님은 수업시간에 수업하고 글 쓰는 시간을 따로 주셔서 수업 시간 안에 해결하고, 남은 부분만 과제로 조금씩 해오면 돼서 부담 없었습니다.
학생들 이름도 다 외우시고 수업 일정도 학생들 의견을 최대한 반영해서 편하게 해주시려는 것 같습니다.
시험도 그렇게 어렵지는 않았고 따로 공부에 시간을 투자할 필요는 없었지만 영어 실력 테스트의 느낌이 있어서 공부한다고 점수가 오르는, 그런 시험은 아니었던 것 같습니다.
총점에서 8점 까이고 에제 받았습니다."
대학영어 2: 글쓰기,오예슬,23,Spring,5.0,일단 큰 로드는 세개 있는데 분량이 그렇게 많지는 않아서 수월하게 쓸 수 있었음 교수님이 너무 착하시고!!! 열정적이심
대학영어 2: 글쓰기,오예슬,23,Spring,5.0,우선 저는 기말시험이 없어서 좋았습니다. 파이널 전에 있는 3개의 과제에서 교수님께서 피드백을 주시는데 다음 글에 그 피드백 반영해서 쓰시면 더 좋을 것 같아요. 매번 피어리뷰도 진행했는데 다른 분들이 열정적으로 해주셔서 감사했습니다. 고민되는 부분을 교수님께 여쭤보면 친절히 답해주시고 답변할 시간이 부족하시면 메일로도 따로 답변을 주세요! 매 글마다 원하시는 글이 있는 것 같은데 그걸 잘 파악하고 쓰시면 될 것 같아요.
대학영어 2: 글쓰기,오예슬,23,Spring,5.0,"교수님 너무 열정적이시고 수업 구성 많이 고민하신 게 티가 나셔요 강의력도 좋았어요
과제 성실히 정성 조금 들여 다 했더니 에쁠입니다
타 대영에 비해 로드도 없는 편 같아요!"
대학영어 2: 글쓰기,오예슬,23,Spring,5.0,"다른 대영처럼 정확한 점수 공개가 없어서 스트레스 받을 순 있음 다만 교수님이 열정적이고 착하심, 중간고사 전에는 매주 과제 제출, 이후에는 파이널 한 개+점수에 안들어가는 소소한 과제"
대학영어 2: 글쓰기,오예슬,23,Spring,5.0,교수님 열정적이시고 로드는 적당한 것 같아요!
대학영어 2: 글쓰기,Robin Park,23,Spring,3.0,"성적 깐깐하고, 교수님이 원하는대로 글을 무조건 써야 합니당"
대학영어 2: 글쓰기,Robin Park,23,Fall,4.0,"시험 두 번에 과제 대신 퀴즈 두 번으로 성적이 나왔습니다. 출석을 가끔 직접 부르시고 전자출결이에요. 교수님께서 열정적으로 강의해서 좋았고, 개인적으로는 내용이 어려웠어요ㅜ"
대학영어 2: 글쓰기,Robin Park,23,Fall,1.0,기준도 투머치로 깐깐하시고 어느정도 영어 틀 잡힌 사람이면 안 듣는게 나을 수도 있습니다. 아예 글쓰기 틀이 안잡힌 사람한테는 도움이 될 수도 있지만 그게 아니라면 오히려 고생하실 수 있습니다. 저는 뭘 배웠는지 잘 모르겠네요. 교수님 기준 맞추느라 급급해서 오히려 글쓰기가 잘 안됐습니다. 글쓰기 외에 형식적인 기준이 너무 많아서 내용에 집중하기 어려웠어요. 영어 실력이 좋으신 분보다는 꼼꼼하게 기준 맞춰서 쓰는 분이 학점은 잘 받으실 것 같아요. 학점은 에제 받긴 했는데 이번학기 전공 수업보다 더 스트레스 받았습니다;;
대학영어 2: 글쓰기,Robin Park,23,Winter,5.0,"요약: 과제 많음. 채점 깐깐하니 학점 잘받을라면 면담잡을것. 영어말하기 싫은사람 강추. 수업 유익
교수님 좋으셔요 과제도 빡세지만 암튼 신경좀 썼더니 a0나왔네요 반 1등이 93.4점이길래 a-부터시작인줄 알고 식겁했는데 적당히 보정해주사는것 같습니다! 저는 말하기가 너무너무너무싫어서 글쓰기로 튄건데 저같은 사람한테 강추합니다 말 거의 안시키시고 시켜도 조별로 글쓴거 자기들끼리 토론하기정도라 부담 전혀없어요 보통 강의식수업이구 내용도 유익합니다.ㅎㅎ 영어글쓰기인데 한글글쓰기에도 적용해서 써도될듯? 학점 잘받고 싶으시면 면담 자주하시구용 채점을 깐깐하게하셔서 은근 빡십니당"
대학영어 2: 글쓰기,Robin Park,23,Fall,4.0,"한줄평: 이번 학기 최대 실수. 그러나 배운 것은 많다.

해당 수업을 통해 배우는 것은 영어 글쓰기의 기본기 이다. 이때 교수님께선 학생들에 '진짜' 대학생이 쓴 것 같은 영어 작문 수준을 요구하신다. 고등학교 때 쓰던 영어 수준에서 벗어나, 한 단계 높은 수준의 글을 작성하는 것은 쉬운 일이 아니다. 이 과정 속에서 큰 고통이 따르는 것은 당연한 사실일지도 모른다. 그렇지만 그 모든 것을 감내하고 작성된 글을 읽어보면, 훨씬 발전한 나의 글에 뿌듯함을 느낄 수도 있다.

더욱이, 해당 수업에서 주안점을 두고 배우는 것이 학문적 글쓰기이기 때문에 앞으로 더 깊은 공부를 할 계획이 있으시면 꼭 들으시길 추천한다. 필자는 개인적으로 영어 글쓰기가 많이 발전했다고 생각한다.

교수님께서는 굉장히 인내심이 깊으신 것 같다. 필자가 존나 어버버 거려도 시간을 두고 내 말을 이해해주려고 하시고, 말씀도 천천히 하셔서 알아 듣기 매우 편하다.

그런데 점수는 진짜 깐깐하게 채점하신다. 또한, 교수님께서 글을 평가하실 때 단순히 글쓰기 실력 뿐만 아니라, 실제 글의 내용이 얼마나 가치있는지를 평가하신다. 예컨대, 설득하는 글쓰기에서는 사용한 참고문헌이 믿을만한 정보인지 비판적으로 평가하시고, 진짜 논거들이 논리적으로 설득력 있는지를 비판적으로 평가하신다. 학생들 입장에서는 한국말로도 높은 학문적 글쓰기가 어려운데, 교수님께선 영어로 높은 수준의 글을 쓰도록 하시니 어려움이 크다. 교수님과 해당 과제를 두고 면담을 갔을 땐, 나 스스로 바보가 된 것 같은 기분도 들었다 ㅠㅠ 진짜 어려웠다.

시험은 크게 부담되지는 않지만, 그래도 필자는 8시간 정도는 투자했던 것 같다.

나는 주변 친구들에게 해당 강의를 추천했다. 그들도 한 번 큰일 나보라고 추천한 건 아니고, 진짜 글쓰기 실력 향상에 도움이 되서 그렇다. 본인은 원래 영어에 그렇게 자신이 있는 건 아니았는데, 이제 영어로 글쓰는 것도 수월해졌고, 덩달아 말하기도 예전보다 수월해진 것 같다. 그렇지만, 해당 학기에 로드가 많을 것 같다면 수강을 지양하는 것이 좋다. 본인은 전공 12학점 + 물리학실험 2 + 대학글쓰기 2 랑 같이 들었다.

또, 위에 작성한 글을 보고 영어에 자신없는 학생들이 지레 겁을 먹고 수강신청 안할까봐 걱정되서 첨언하는데, 꼭 그렇지만은 않다고 말씀드리고 싶다. 본인 또한 수능에서 영어 91점이라는 아슬아슬한 점수를 받았었고, CE1 수강생이었고, 군대 갔다오니까 영어를 다 까먹었었다. 그런데, 이번 강의를 들으면서 단어랑 구절 같은 것을 많이 배우게 되었다. 그러니 기본적인 영어 가닥만 있다면 도전해보길 추천한다.

대학은 항상 도전의 연속이다. 용기있는 자만이 도전을 할 수 있고, 그에 따른 발전을 할 수 있다고 생각한다. 4.3 절대수호가 필요한 사람이 아니고, 기본적인 영어 글 작성을 배워보고 싶다면 해당 강의를 강력 추천한다.

WHO DARES, WINS!"
대학영어 2: 글쓰기,Robin Park,23,Spring,5.0,"제가 들었던 강의들 중 가장 강의를 잘하시는 교수님이셨습니다. 다만 과제가 매우, 매~우 많습니다. 본인이 점수를 잘받고 싶다면 교수님을 자주자주 만나시고 면담하면 됩니다. 피드백 굉장히 열심히, 자세히 해주십니다. 교수님 매우 친절하시고 학생들 편의도 많이 봐주시려고 합니다. 꿀강은 절대 아니지만 좋은 강의라고 생각합니다."
대학영어 2: 글쓰기,Robin Park,23,Spring,3.0,"과제 개많고 교수님만의 기준이 확고하십니다 거기에 맞추고 싶으면 면담을 많이 하세요
교수님 성품은 매우 친절하시고 강의에 적극적이세요
근데 매주 일기 한편씩 쓰고 자잘한 과제들 내는 거 별거 아닌 거 같아도 진짜 귀찮습니다"
대학영어 2: 글쓰기,Robin Park,23,Spring,4.0,교수님이 정말 젠틀하시고 강의도 유익합니다. 그런데 로드가 정말 정말 정말 많아요. 글쓰기 과제도 교수님만의 기준이 있어서 무조건 면담 일정을 잡아야지 점수가 좀 나옵니다. 정말 글쓰기를 배우고 싶으신 분께는 추천합니다. 대충 점수 받고 싶은 예과생은 듣지 마세요 ㅎ..
대학영어 2: 글쓰기,Robin Park,23,Spring,4.0,"수업 내용은 다른 분들이 잘 설명하신 것 같네요
교수님이 친절하셔서 수업을 편하게 들을 수 있었습니다
학생들 편의를 많이 봐주셔서 좋았어요
과제는 수업에서 배운 내용에 맞춰서 쓰면 점수 잘 나오는 것 같습니다!
첫번째랑 두번째과제 1등하고 마지막과제에서 큰 실수를 하는 바람에 딱 평균 점수가 나왔는데 a-네요,, 
a+은 힘들지만 a0,a-받기에는 수월한 강의인 듯 싶습니다!"
대학영어 2: 글쓰기,Robin Park,23,Spring,5.0,"절대평가라 A+컷이 상당히 높아 꽤 아래 있는 강의평처럼 A+ 받기는 힘들지만 A0, A-는 성실히 따라가면 비교적 받기 수월한 것 같습니다. 문단 내 문장 구성 방식을 강조하셔서 가끔 너무 틀에 맞춘 글쓰기를 한다는 느낌을 받을 수도 있지만, 글을 평소에 두서없이 썼다면 명확한 기준을 마련할 수 있다는 점에서는 훌륭한 강의 같습니다. 세 번 있는 에세이 또한 교수님이 제시하는 문단 내 문장 구성과 이들의 역할을 고려하여 작성한다면 좋은 성적 받을 수 있습니다. 12주 동안 매주 있는 저널 쓰기는 일기처럼 형식에 구애받지 않고 쓰기만 하면 되는 거라 부담이 없고 기한 내 작성만 하면 됩니다. 마지막으로, 시험은 기말 한 번으로 강의 ppt나 보충 자료 같은 곳에서 출제되는데 평소 수업을 잘 듣고 빈칸 잘 채워 놓으면 오픈북으로 진행되기 때문에 성적 잘 나옵니다. 교수님도 과제 별로 면담을 해 주시고 제출한 에세이 세 개 모두 코멘트를 개별적으로 달아주실 만큼 열정적이고 좋으셨습니다. 개인적으로 얻어간 것이 많았던 강의였던 것 같습니다!"
대학영어 2: 글쓰기,Robin Park,23,Spring,5.0,"에세이 교수님이 정해주신 틀대로 쓰면 점수 잘 받을 수 있음.
기말고사는 오픈북이지만 수업때 빈칸 피피티 제때제때 잘 안채우면 못풀 문제가 대부분이므로 필기 잘 할것
본인은 필기 잘 안해서 기말은 조졌는데 에세이 세번 다 점수 잘 받아서 A0받음 
특히 마지막 에세이 비중이 높으므로 열심히 쓰는거 추천
전체적으로 무난했다고 생각함"
대학영어 2: 글쓰기,Robin Park,23,Spring,5.0,"평가는 Attendance, Weekly Journals(12회 제출 일기), Process Paragraph, Descriptive Essay, Persuasive Essay, Final Exam으로 이루어집니다. 그리고 교수님과의 면담을 통해 과제 도움도 받을 수 있고 작은 가산점도 받을 수 있습니다.
Weekly Journal: 분량만 채우면 만점이고 거의 부담은 없습니다.
에세이 과제가 총 3개 있는데, 학기 말로 갈수록 분량이 늘어나고 반영 비율도 커집니다(나열된 순서대로). 수업을 열심히 듣고 교수님께서 알려주신대로 에세이를 작성해 최대한 감점을 당하지 않도록 해야 합니다. 널널하진 않지만 엄청나게 부담스럽진 않습니다.
Final Exam: eTL을 통해 보는데 수업시간에 다룬 ppt를 참고할 수 있습니다. 다만 조금 지엽적일 수 있고 함정도 은근히 있기 때문에 꼼꼼히 풀어야 합니다. 저같은 경우 과제는 평균이하~평균정도의 성적을 받았는데 기말고사를 의외로 실수 없이 잘 봐서 최종적으로 A-를 받았습니다.
총평: 교수님께서 인품이 훌륭하시고 학생들의 진정한 성장을 위해 시간투자를 매우 많이 해 주시는 참스승 같은 분입니다. 강의력도 좋으셨습니다. 과제는 많긴 하지만 엄청나게 스트레스를 주거나 엄청나게 부담스러운 과제는 없고 대영 과목의 특성 상 평균적으로 이 정도 과제부담은 모두 있는 것 같습니다. 따뜻한 교수님 덕분에 한 학기 잘 보냈습니다. 성적도 엄청나게 시간투자를 한 것도 아니고 수업만 열심히 들은 정도인데 이정도면 매우 만족합니다. 교수님 감사합니다!"
대학영어 2: 글쓰기,Robin Park,23,Spring,5.0,"에세이 로드는 많지만 성적 잘 받아서 별5개
시험은 기말 한번인데다가 오픈북이라 꿀이에요"
대학영어 2: 글쓰기,Robin Park,23,Spring,1.0,에세이 3번 쓰는 거가 로드도 정말 미쳤고 전부 교수가 원하는대로 쓰지 않으면 좋은 점수 받기 힘듦 본인이 영어적 감각이 없다고 생각하면 그냥 드랍하세요
대학영어 2: 글쓰기,Robin Park,22,Fall,5.0,"과제 다 잘해놓고 기말을 조져서 성적을 조졌습니다
그러나 교수님 친절하시고 재밌고 유익합니다"
대학영어 2: 글쓰기,Robin Park,22,Fall,5.0,에이쁠 받기는 힘든데 에제~에마는 어렵지 않게 받을 수 있는 수업인 것 같아요. (저는 에제) 과제가 많고 에세이 두 편 쓰는 건 상당히 힘들었지만 교수님께서 친절하고 다정하셔서 좋았어요. 텝스 점수가 애매한 인문대생이라 대영2 듣는 게 너무 싫었는데 오히려 잘 들은 것 같아요. 좋은 수업이었습니다.
대학영어 2: 글쓰기,Robin Park,22,Fall,5.0,과제는 좀 있지만 잘 따라가면 좋은 성적 받을 수 있습니다.
대학영어 2: 글쓰기,Robin Park,22,Fall,5.0,교수님 너무너무 착하셔요 글을 막 잘쓰지 않아도 조건만 맞추면 성적도 잘 주시는거같아용
대학영어 2: 글쓰기,Robin Park,22,Fall,5.0,과제 많아보이는데 할만해요 성적도 하라는거 다하명 a-는 주시는듯
대학영어 2: 글쓰기,Robin Park,22,Fall,5.0,교수님 정말 친절하시고 젠틀하십니다..!! 과제는 많았지만 과제하면서 글쓰기 실력이 는 것 같아서 저는 만족스러웠었어용!♥
대학영어 2: 글쓰기,최문영,22,Fall,5.0,"오티시간에 교수님께서 대영2는 할게 많다고 하셔서 걱정했지만 사실상 로드가 그렇게까지 빡세지는 않은편. 짧은 글(250-300단어)쓰기 세번에 에세이 한번이 끝. 에세이조차도 엄청 긴편이 아님. 기말고사 한번 봤는데, 시험보기 전에 미리 어떤게 나오는지 알려주심. 기말고사 난이도도 평이해서 쉽게 풀 수 있음. 교수님께서 수업도 잘해주시고 피드백도 꼼꼼하게 해주시는 편. 대글1의 살짝 어려운 영어버전이라고 생각하면 편할듯."
대학영어 2: 글쓰기,최문영,22,Fall,5.0,"교수님 안 정해졌을 때 수신 부담 덜려고 고른 강좌였는데 너무 좋은 분이셔서 덕분에 배운 것도 많고 좋았어요! 되게 친절하시고, 피드백도 꼼꼼히 해주시고, 로드도 부담이 별로 없었어요. 한 문단짜리 글쓰기 3번에 네 문단짜리 에세이 1번이 전부인데, 주제도 어렵지 않고 분량 자체도 적어서 편하게 금방 쓸 수 있었어요. 시험도 간단한 것만 물어본 정도였고 직전 수업에서 짚어주시기까지 하니 딱히 준비할 것도 없었고요. 다른 대영2 듣는 친구 얘기 들어보니까 제가 완전 행운이더라고요! 한 학기 정말로 유익한 시간이었습니다."
대학영어 2: 글쓰기,최문영,22,Fall,5.0,"피드백 꼼꼼하게 해주시고 배운 것도 많았어요. 학점은 절평이고, A대 50% 이하로 준다고 하셨는데 전 a0 받아서 실제로 그렇게 됐는지는 잘 모르겠네요."
대학영어 2: 글쓰기,김명환,22,Spring,5.0,되게 친절하시고 수업 내용 하나 하나 잘 짚어주십니다. 글쓰기 과제도 많은 편은 아니라고 생각하고 피드백 또한 차근차근 수업시간에 한 명 한 명 해주십니다. 면담도 두번이나 해주시고••곧 퇴임하신다고 하셨는데 그 부분이 너무 아쉽네요..학점은 열심히 한 만큼 잘 주시는 거 가타요 ㅎㅎ(에쁠 맞아써요)!! 김명환 교수님 한 학기동안 감사했습니다!ㅜㅜ
대학영어 2: 글쓰기,김명환,22,Spring,4.0,"은퇴를 앞두신 노교수님이셔서 수업을 더 하실지는 모르겠으나, 좋은 교수님이심은 분명합니다. 학생들의 말을 잘 들어주려 하시고, 의견을 반영해주십니다. 교수님께서 모르는 것을 잘 인정하시고 학생들과 소통하며 알아가려 하십니다. 수업 시작할 때 학점도 잘 주신다고 하셨는데... 잘 받지는 못했습니다만 그래도 추천할만한 수업입니다! 근데 가끔 귀가 잘 안 들리시긴 해요..."
대학영어 2: 글쓰기,최석영,23,Fall,2.0,"수업 못하고, 과제 많고, 평가 깐깐하고, 성적 짜고, 얻어가는게 딱히 없는 수업이고, 세팅이 잘 되어있지 않은 느낌이지만, 교수님은 평소에 친절하십니다."
대학영어 2: 글쓰기,최석영,22,Spring,3.0,"밑 강의평에 공감합니다.

목소리 작고, 강의력 역시 좋다하기 어렵습니다.

웬만하면 다른 교수님 수업 들으세요"
대학영어 2: 글쓰기,최석영,22,Spring,1.0,"해당 교수님을 최대한 피하라고 말씀드리고 싶습니다.

1. 당일 제출 과제가 대부분입니다. 글쓰기 과제를 제출해주시는데 당일내로 제출해야 본인이 다음날 피드백을 해주신다며 당일까지 해야되는 과제를 주십니다. 물론 피드백은 해주지 않고 수업 초반 5분정도 학생들이 쓴 글 1~2개 읽어보시는게 전부입니다.

2. 수업 시간에 노트북/아이패드/핸드폰은 교수님 허락없이 사용 금지입니다. 책보다 아이패드 필기가 편하신 경우에도 책을 구매후 사용해야 합니다. 

3. 글쓰기 과제를 제출해도 점수만 올라올 뿐 성적 부여 원인은 알 수가 없습니다. 어디서 어떻게 깎였는지 이를 토대로 다음 과제는 어떻게 준비해야하는지 알면서 공부하고 싶으신 분은 피하길 바랍니다. 

4. 강의력이 좋지 않습니다. 같은 얘기를 반복해서 2번~3번하시는 스타일입니다. 또한 영어 실력이 좋지 않아 버벅거리거나 문법적으로 잘못된 문장을 그냥 넘어가며 얘기하시는 경우가 많습니다. 빈도가 적으면 신경쓰일 정도는 아닌데 자주 그러시니 이해하기 어려운 경우가 많습니다.

5. 글에서 강사님의 생각과 다른 주장을 하기 어렵습니다.

6. MLA 형식을 지키기 위해 강사님 이름 앞에 Professor라고 적지않으면 감점합니다."
대학영어 2: 글쓰기,최석영,22,Spring,3.0,"Quiz 4번 2.5점씩 총 10점. PPT 빨간 글씨나 유인물에서 나와요. 어렵진 않은데 달달 외우는게 낫고, 수업시간에 배운 단어로 작문하는 문제도 있으니 한 번 연습하는게 좋아요!

Paragraph 10점 3개 / 250-300단어 3번
주제는 매번 정해져있고, 중간에 첨삭 한 번 해주셔서 첨삭을 보고 교수님이 원하는 스타일대로 맞춰 쓰는게 중요한 것 같네요.

Essay first 15 final 10
첨삭 없이 낸 초안이 15%라 처음부터 잘 써야 하고, 피드백 때는 쿼테이션 샌드위치라는 인용 방식을 잘 지켜써 쓰라고 하셨어요.

나머지 출석 참여 인클래스 라이팅은 시키는 것만 하면 됩니다.

글쓰기 과제들은 채점이 너무 깐깐해서 노력에 비해 점수가 잘 안 나올 때가 많았네요. 교수님 본인 만의 기준에 못 맞추면 어려운 듯.

성적은 50% A고 그 안에서는 대영 공식 기준에 맞춰서 잘라주시는 것 같아요.

대체로 착하시지만 깐깐한 부분이 많고
수업도 나쁘지 않았지만, 이해 안 되는 부분도 많아서
돌아간다면 다른 대영 들을 듯."
대학영어 2: 글쓰기,한예림,22,Spring,5.0,"교수님... 한국어로도 질문 받아주시고 피드백도 상세히 주십니다.
학점도 잘 주세요!"
대학영어 2: 글쓰기,한예림,22,Spring,5.0,"최고의 대영....진짜 대영을 이렇게 편하게 치울 수 있을 줄 몰랐어요
수업은 기본적으로 교수님께서 구글 드라이브에 업로드해주시는 worksheet을 바탕으로 진행하는데, 해야할 것들이 그리 많지 않고 난이도도 높지 않아서 편하게 수업 들을 수 있었어요
이번 학기에는 중간고사를 보기는 했는데, 전자기기 사용 가능한 채로 특정 주제에 대한 개요쓰기 + 샘플 문단 쓰기 하는 정도라서 부담은 정말 1도 없었습니다
과목 특성상 글쓰기 과제가 있는데 교수님께서 여러가지로 편의를 많이 봐주셔서 너무 좋았습니다...수업시간에 진도 나가는거 고려해서 제출일자도 늦춰주시고, 심지어는 1000단어 에세이 쓰는 과제를 200단어 문단 쓰기로 바꿔주시기도 하셨던!!
글쓰기에 대한 방향 제시도 명확하시고, 피드백도 상당히 꼼꼼하고 친절하게 해주십니다 꿀강이면서 영어 글쓰기에 관해서 여러가지 배워가는 것도 많은 강의였어요"
대학영어 2: 글쓰기,한예림,21,Spring,5.0,"시험이 없는 대신 2주에 한 번 꼴로 글을 씀 학기동안 총 6개 썼던 듯
부담 없는 짧은 글로 시작해서 시사 이슈 관련 논설문(에세이)을 쓰는 걸로 마무리됨
글마다 어떻게 쓰는 것이 좋다는 명확한 기준을 제시해 주셔서 좋았음 항상 피드백도 주심
다만 본인 글이 모두와 함께 첨삭하는 글로 선정될 수 있으니 주의... 부끄럽다
대영2부터는 절평이라 그런지 학점 되게 널널하게 주신 것 같음"
대학영어 2: 글쓰기,정소하,21,Spring,2.0,열심히 한 것에 비해 성적이 잘 나오지 않음. 타 과목 시험기간에도 이 수업의 로드가 상당해서 부담이 됨
대학영어 2: 글쓰기,정소하,21,Spring,5.0,"생각보다 혹독한 강평이 많네요...! 저는 개인적으로 만족하며 들었던 수업이었어요! 
- 거의 매 수업마다 제출해야하는 작은 task들이 있긴 한데 그다지 어려운 편도 아니고 나중에 formal writing 과제로 나갈 글에 대한 브레인스토밍 수준이라서 거의 다 in-class로 끝납니다. 이런 자잘한 과제들이 있는 대신 중간, 기말고사는 없고요. 수업 시간에 문법이나 단어도 많이 가르쳐주시는 편이고 이걸로 5%짜리 퀴즈 두 번 보는데 전날 한 번만 보면 어렵지 않습니당! 성적에 큰 영향을 미치는 것 같지도 않고요..
- 중요한 건 세 번의 paragraph writing이랑 final essay 인데요, 각각 초고랑 최종안 일주일 간격으로 제출하게 됩니다. 평가가 되게 깐깐히 이루어지는 것 같긴 한데 교수님께서 해주시는 피드백이 도움이 많이 됩니다. 중간에 한 번 제가 봐도 만족스럽지 않았던 글이 있는데 점수가 바로 훅 떨어지더라고요ㅋㅋㅋㅠㅠ final essay는 초고 올리고 나면 교수님과 개별 면담이 있는데 (대신 주는 수업이 없었습니다) 이 때 해주신 말씀들도 도움이 많이 되었습니다! 글이 전개될 때 논리의 비약이 없어야한다는 점이랑 단어 선정(반복 피하고 thesaurus 잘 활용하는 것)을 중요시하는 것 같아요.
- 소회의실에서 하는 그룹 회의(보통 3-4명)가 꽤 있는데, 한국어 단어 섞어서 얘기하기도 하니까 큰 부담 요소는 아닐 것 같아요ㅋㅋㅋ 중간에 교수님 들어오셨을 때만..☺️
- 개인적으로 글쓰기가 더 잘 맞는 편이라 신청했는데, 글 쓰는 주제들도 재밌었고 크게 힘들다는 생각 없이 대영 잘 치웠습니다! 퀴즈에서 감점도 있었고 글쓰기도 한번 삐끗했는데 A+ 나왔어요:Db다만 글 쓰기 또는 영작에 약간의 기본은 되어있어야 더 편할 것 같다는 생각이 들긴 해요!
- 꿀강은 아니지만 결코 별로인 강의는 아닙니다! 추천해요!"
대학영어 2: 글쓰기,정소하,21,Spring,2.0,"너무 힘들었던 수업. 과제며 시험이며 학점이며.. 어느하나 마음에 들었던 부분이 없었습니다. 그냥 다른 강의 추천해드려요. 교수님은 좋으신 분 같지만.. 학생들에게 좋은 수업은
아닌 것 같습니다,,"
대학영어 2: 글쓰기,정소하,21,Spring,3.0,..저는 너무 힘들었어요 로드가 귀찮고 시험기간에도 풀수업하고 학점은 기대한만큼 안나오고.. 대영이 원래 그런 수업인 것 같긴 하지만 다른 강의평에서 나온 말처럼 정말 굳이입니다
대학영어 2: 글쓰기,정소하,21,Spring,3.0,"잘라줍니다. 굳이 대영을 이 교수님으로 들어야 하나? 하는 생각은 들어요....
피드백 철저한 점은 좋았습니다. 다만 상당히 귀찮은 로드가 몇 있어요!"
대학영어 2: 글쓰기,설연지,23,Fall,1.0,"전 이 수업 드랍자인데요, 이 수업의 강평만 보시지 말기를.... 
일단 수신 사이트에서 원래 장바구니 터졌었는데, 지금 보면 대영인데도 취소여석 오지게 나서 10/15, 11/15 이러네요...

교수님 열정 O, but 수업 빡셈 (활동 많고, 수업 진행 자체도 빡빡)
심지어 수업이 왔다갔다함. (교과서 했다가 사이트 했다가 교과서 다른페이지 했다가 게시판 했다가...) + 발음 좋으신 편 아닌데, 말이 간결하고 명확한 편이라고 하기도 힘듬 = 놓치기 쉽다!

매 수업마다 활동 많음. = 글쓰기, 문제풀기, 채우기, 글읽고 게시판에 의견 작성, 짝이랑 같이 주장글 작성 등등등 
근데 보통 수업시간 내에 하라는 식으로 말해요. 뭐 오버되면 숙제이긴 한데 그건 그것대로 싫죠? 중요한 건 수업시간 내에 다 끝내기 빡셈 ㅋㅋ 

갑자기 ""좋은 친구 사귀는 법"" 같은 별 ???스러운 주제 주고 짝이랑 설명글 써서 게시판에 올리라 하는데,  ""설탕세 찬반"" 이런 근거 대기 명확한 것도 아니고 진짜 저런 애매한 걸 줘서 당황스러움.. 근데 분량도 적진 않음.

설탕세같이 명확한 주제를 줘서 쓸 게 바로 나오게 하든가, 아니면 차라리 미리 이런거 할거다 알려주거나 숙제로 내거나 하면 모르겠는데, 셋 다 아니니까 저런거 순발력 떨어지면 ㄹㅇ 비추. 

그리고 갑자기 수업 중반쯤에? 종이 주고 개인별로 뭔 글 써서 수업 끝나기 전까지 내라 한 적도 있었는데, 그때는 전자기기도 덮으라 했었음. 이때에는 드랍신청한 상태라 이미 제대로 안 들어서 기억이 안나는데, 사전 못쓸수도 있다는 점...

애초에 대부분의 활동이 짝이랑 하는 거라 일상적인 2인 팀플이라 보시면 됩니다. 뭐 모든 대영이 팀활이 많긴 한데, 팀끼리 대화, 토론 하고 뭐라했는지 말만 하는거랑 같이 게시판에다가 글을 써내야하는 거랑은 다르잖아요? ㅋㅋㅋ 게다가... 이건 매일과제같은 느낌이고 주요 평가 대상인 에세이 3개는 따로라는 점도.. 있네용.

--------------------------------------------------------
성적은... 드랍자라 모르겠는데요, 드랍한 이유는 사실 위의 무엇도 아니에요. 놀랍죠? 다름아닌 학생차별임...

본문 읽기, 다른 조 글에 대한 의견 말하기, 문제 푼 거 답변하기 등등을 학생에게 돌아가면서 시킵니다. 발표할 사람? 하고 지망받는 경우는 거의 없구요, 보통 그냥 자리대로 돌아가면서 시키고, 가끔은 교수가 출석부대로인지...? (어떤 규칙성이 있긴함) 돌아가면서 호명합니다.

이런 것도 수업 참여로 평가요소에 들어가는데, 왜인지 한둘을 늘 빼고 시켜요...? 그리고 그게 나임 ㅋ

걍 돌다보니 그런거 아닌가요? 아니구요... 지정좌석제에서 자리대로 돌아가면서 시키는데 ㄹㅇ 나만 빼고 시킴 ㅋㅋㅋ 

내가 싫어서 안 시킨건지 자리가 뒤라 안 보인건지는 모르겠지만, 자리 탓이어도 이 수업은 ""교수자가 짠"" 좌석도대로의 >> 지정좌석 <<이라서 내가 앞에 앉을 수도 없음. 수업 기억하는 것만 최소 8번은 나갔는데, 나 한번도 시킨 적 없음. (활동 많아서 다른 분들은 한 수업에 3번씩은 한 문장이라도 말하게 됨)

좌석... 첫날 앉은 대로도 아님 (본인 첫날 맨앞) 그냥 자기가 좌석도를 짜옴... 
좌석도 나오기 전까지 자유좌석일 때 참고로 전 수업참여 열심히 함. 한 3번째 강의까지 자유좌석이었는데 그때까지는 돌아가면서 안 시켰거든요. 그땐 저 심지어 자원해서 대답했어요 ㅋㅋㅋ

그러니까 지정좌석되고 돌아가면서 시킬 때 나만 안 부른건, 아마 내가 싫어서 안 시킨 거 맞겠죠. 근데 왜일까... 

맨날 강의실 제일 일찍 도착하는 게 나였고, 자유좌석제일때는 자원해서 대답했고... 객관적으로 지정좌석되기 전에 찍힐 이유 없었음.

뭐 지정좌석되고는 수업참여 못했죠? 나만 안부르니까 ㅇㅇ 짝이랑 뭐 하는 건 열심히 했는데, 개인적으로 문제풀고 글쓰는 것도 많아요. 그런것도 돌아가면서 대답하게 하니까 안시키면 그런건 진짜 한 티도 못내는 거임. 

당연히 의욕 개떨어져서 드랍 전 한주 정도는 저도 수업 던졌네요 ㅋㅋㅋㅋ 걍 딴짓하고 글 내라는 거도 안냄. 근데 분명한건 그 전에 이미 안시켰었다는 거 ㅇㅇ

짐작가는 건 이건데... 대영 글쓰기 수강한 데서 짐작하시겠지만 회화실력 안 좋은 거 맞아요. 자원해서 대답했을 때, 말하는 문장에 틀린 거 있었겠죠 당연히. 근데 몇 번 좀 티나게 꼽줌. 아마 제가 엉성한 주제에 대답하겠다고 말한게 마음에 안들었던듯. 

외국인이 '햄버거 맛 없다'라고 하는 걸 '햄버거 맛 나쁘다'라고 했다고 맥락상 우리가 못 알아듣진 않잖아요. 그런 느낌으로 딱 적합한 단어가 잘 생각 안나서 생기는 수준의 오류였고, 실제로 꼽먹고 옆사람한테 물어보니까 그분은 제가 뭘 의도해서 말했는지 알아들었음요. 근데 뭔소리냐는 식으로 되묻다가 음.. 하고 고민해서 다시 대답해주려니까 아니다 됐다 그러고 치움.

니가 진짜 영어 개존못이겠지라고 하실지도 모르는데, 저 그래도 서양 관련 전공이구요, 영어로 된 전공 텍스트 강독하는 게 졸필인 학과생이에요.... 그 강독 수업 10명 이하 소수고 상평인데 A 맞았구요....  참고로 이 수업이랑 같은 학기에 들었으니까 영어실력도 안 달랐겠죠.

자리 땜에 나를 진짜로 못 보는 것도 한두번이지 드랍하기까지 수업 꽤 많이 들었는데 계속 그러길래 물어보기도 비참해서 + 어차피 로드/수업 개빡세서 ㅂㄹ라 걍 드랍함.

제가 운이 없는 애는 맞았겠으나, 님이 안되리라는 보장도 없음.
나같이 비참해지지 말라고 구구절절 강평남김."
대학영어 2: 글쓰기,설연지,23,Fall,5.0,"교수님의 열정이 돋보이는 수업이었습니다.  매 시간  학생들에게 하나라도 더 가르쳐 주시려는 의지가 정말 좋았습니다. 대영2 글쓰기 특성 상 로드가 적지는 않지만, 피드백도 꼼꼼히 해주시는 편이고, 중간고사도 엄청나게 어렵지는 않습니다.  성적도 잘 받아갑니다. 대영 2 글쓰기 고민하신다면 추천드립니다."
대학영어 2: 글쓰기,설연지,23,Fall,5.0,개인적으로 정말 좋고 재밌는 강의였습니다. 매 과제마다 평가 기준에 맞춰서 개별적으로 상세한 피드백을 진행해주시는게 제 글쓰기 역량을 기르는데 큰 도움이 되었다고 생각됩니다. 학점도 전체 인원의 50%라는 상한선에 꽉꽉 채워서 A학점을 부여하셔서 상당히 학생들을 위해주신다는 느낌을 받았습니다! 정말 추천합니다
대학영어 2: 글쓰기,설연지,21,Spring,4.0,교수님께서 많은 걸 가르쳐 주시려 합니다. 글 피드백도 자세하게 해주시고 자료 찾는 법이나 문법 등도 많이 알려주십니다. 퀴즈는 3번 봤고 글쓰기 과제도 3개(?) 정도 있었던 거 같아요. 수업시간에 하는 간단한 조별과제가 자주 있고 발표도 2번 있습니다. 대영특인건지 잘 모르겠지만 로드는 좀 있는 편이에요. 사실 수업 들으면서 할 게 많아서 좀 힘들었습니다...ㅎㅎ 근데 교수님이 정말 친절하시고 잘 가르쳐주셔서 감사했습니다. A비율도 50%로 맞춰주십니다!(전 아니지만요ㅎㅎ
대학영어 2: 글쓰기,설연지,21,Spring,5.0,"수업에 영어 유창하신 분들도 있었는데 일단 저는 절대 아니었습니다... 그래도 수업 따라가는 데에 별 어려움은 없었어요. 필수 무조건 치우자는 생각으로 장바구니 경쟁이 그나마 없었던 수업을 골랐고, 매우 만족했습니다. 
교수님이 꼼꼼하시고 이것저것 알려주시려는 스타일이에요. 학생들 편의도 많이 신경써주십니다. 내라는거 기준 지켜서 제때 내고, 수업 열심히 참여하려고 하면 좋게 봐주시는 것 같아요. 
절평 A비율 최대 50% 맞춰주시고 나름 잘 주시는 편이라고 생각합니다. 단어랑 문법 위주인 퀴즈 3번 있고 교수님께서 강조하신 부분에서 많이 나와요. 글쓰기 과제는 크게 4번(250단어 paragraph 3번, 1000단어 essay 1번) 있습니다. 매 과제마다 자잘한 피드백도 주시는데 다음 과제 작성할 때 반영했더니 점수가 더 좋게 나왔었습니다. 발표 2번 있는데 비대면이라서인지 크게 부담은 없었어요.
조별과제라기보다는 그냥 수업시간에 두세 명 모여서 하는 활동이 좀 있었습니다. 이것도 크게 부담되진 않았어요.
교수님도 좋았고, 수업도 좋았고, 성적도 만족하고, 저는 전반적으로 다 좋았습니다."
대학영어 2: 글쓰기,최유정,21,Spring,5.0,대영은 처음 하시는 거 같아서 그냥 모험으로 들었는데 정말 좋았어요! 피드백도 꼼꼼히 주시고 한 명 한 명 다 챙기려고 엄청 노력하시고 글쓰기 과제가 있긴 한데 다른 대영에 비해 많은 편인 건지는 모르겠어요 하지만 수업 시간 내에 다 쓴 경우도 많았고 주제도 쉬워서 괜찮았습니다! 기간도 널널하게 주시는데 기간 전에 메일만 드리면 감점 없이 기간 연장 해주세요! 대영2 들어야 한다면 추천합니다
대학영어 2: 글쓰기,최유정,21,Spring,5.0,"대영은 교수님 바이 교수님이 심하다는 이야기가 많은데, 최유정 교수님 강의평이 없어서 걱정이 많았어요! 
하지만 교수님 정말 천사시고💗 스윗하시고, 꼼꼼하시고, 친절하시고, 강의력 좋으시고, 피드백도 자세하게 주시고 ... 아 정말 다 좋으셔서 하나하나 나열하기 힘들 정도ㅠㅠ

유일하게 수업을 들으면서 걱정했던 부분은! 대영이 절평이면서 상평이다 보니, 어느정도의 비율을 고려하면서 학점을 주신다고 하셨는데, 다들 열심히 하시고, 전반적인 성적 분포를 알 수 없어서 어느정도 노력하면 충분한건지(?) 알기 어려웠어요! 
(=성적 예측이 어렵다)

교수님께서 피드백도 꼼꼼하게 해주시고, 평가기준이 정확하게 세분화되어 있다보니까 과제 점수도 촘촘하게 주시거든요! 
그러다 보니 단어 수준, 문법, 문단 구성 등등 고려할 사항이 많았어요:) (물론 제가 최대한 완벽하게 과제를 하려다 보니 더 고민이 많았던 것 같기도 해요!)

하지만 교수님 정말정말정말 친절하시고ㅠㅠ 저희 글에 애정을 가지고 피드백해주시는 게 느껴지고, 글쓰기에 도움이 되는 자료들(ex 각주표기법, 인용방법, 논문사이트 등등) 많이 알려주셔서 어려울 때마다 참고하기 좋았어요! 
그리고 교수님께서 어려운 부분 있으면 언제든 메일 보내라고 하셨는데, 정말 저는 과제할 때마다 궁금한 부분 정리해서 메일로 여쭤보고, 수업 끝나고도 여러번 여쭤봤는데 교수님께서 늘 정성껏 답해주셔서 큰 힘이 됐어요! 말로만 ‘언제든 도와주겠다’가 아니라 진심으로 학생들 글에 관심을 가지고 조언해주시는 게 느껴졌어요

로드도 교수님께서 저희 부담될까봐 중간에세이는 생략하시고,
간단한 시험3번(수업만 잘 들으면 복습 안하셔도 되는 정도) + paragraph 3개  + 간단한 발표 + 기말에세이로 끝!! 

에세이에 투자하는 정도에 따라 로드가 많다고 느낄수도, 적다고 느낄 수도 있는데, 원래 대영은 어느정도 성실함이 필요한 수업이라는 점을 고려하면 로드가 많지 않은 편에 속한다고 생각해요!

저는 정말 대영 글쓰기계의 명강이라구 생각해요ㅠㅠ 교수님과의 찐 소통을 할 수 있는 강의이자 실력도 성장할 수 있는 유익한 강의였어요!! 게다가 힐링까지,, 이번 학기 대영 덕분에 행복하게 살아남을 수 있었어요

교수님 스윗함 ★ ★ ★ ★ ★ (사랑해요)
피드백, 소통 ★ ★ ★ ★ ★ (지금까지 들은 수업 중 최고,,)
로드 ★ ★ ★  (무난한 정도!)
성적 ★ ★ ★ ★ ★ (본인 성적 : a+)"
대학영어 2: 글쓰기,최유정,21,Spring,5.0,교수님 대영2는 처음 강의하시는 거라 강의평이 없어서 도박하는 기분으로 들었는데 .. 로또 맞은 기분 .. 과제가 조금 있긴 한데 한 2-3주에 한 문단 써서 내는거라 커리큘럼 따라가면 쉽게 낼 수 있어요 마지막에는 다섯 문단 에세이랑 발표도 있는데 수업 시간에 작성하는 시간 충분히 주십니다 시험은 간단하게 세 번 봤는데 모두 보기 전에 한 20분 정도만 투자하면 될 정도로 간단해요 .. 그리고 교수님께서 매번 과제 제출 기한 빡세면 메일로 늦게 제출해도 된다고 말하십니당 교수님 진짜 천사.. 학점도 50프로 에이여서 잘 주시는 것 같습니당 !!
대학영어 2: 글쓰기,장미정,20,Spring,4.0,겨울계절 들었는데 무난히 들을만 했어요. 4년만에 재수강 헸는데 그 때 보단 훨씬 편했고 교수님이 굉장히 친절하셔요
대학영어 2: 글쓰기,장미정,20,Spring,1.0,겨울 들었는데..............................No 답인 강의 첫 수업 듣고 잘 생각하시길
대학영어 2: 글쓰기,장미정,20,Spring,5.0,20 겨울학기 들었어요 교수님 정말정말 친절하세요 피드백도 꼼꼼하게 해주시고 로드도 부담되지 않는 선이에요 계절학기라 기간은 좀 촉박했지만 그런 거 다 고려해주신 것 같았어요
대학영어 2: 글쓰기,김승현,20,Spring,5.0,"과제 많지만 교수님이 정말 세심하세요. 
진심으로 학생들을 대해주시는 교수님과 한 학기 알차게 수업하겠다는 생각이시라면 강추. 공부하시는 만큼 얻어가실 겁니다."
대학영어 2: 글쓰기,손현주,23,Fall,3.0,"교수님께서 정말 친절하시고 학생들 입장에서 많이 배려해주시는 따뜻한 분이십니다..!! 수업 내용도 알차고 한 학기동안 얻어가는 부분도 많습니당

다만... 매 수업마다 피어 피드백 시간이 있고 자잘한 과제를 내주시는데, 시간이 크게 소요되는 것은 아니지만 은근 신경 쓰였던 것 같아요ㅜㅠ 로드가 다른 대영2에 많게 느껴진 것은 사실입니다.. 저희 분반이 그랬는지는 모르겠지만 글쓰기 채점이 꽤나 빡센 것 같다고 느껴졌습니다ㅠ"
대학영어 2: 글쓰기,손현주,23,Fall,5.0,"평가는 크게 세 가지로 나누어서 이루어집니다.
1. Ch.1-5 미니에세이 5개 중 높은 점수 택 3 (Topic sentence잡는 것부터 Final draft까지 거의 매 수업마다 단계별로 과제가 있어서 귀찮기는 하지만 시간이 오래걸리지 않고 에세이 작성하는 데 부담이 적습니다)
2. Ch.6 장문 에세이 (1000-1200단어)
3. 기말고사 (기말 전에 뭐 나올지 다 알려주셔서 부담이 없습니다! 공부 10분이면 다 해요)

교수님께서는 성품도 좋으시고 많은 도움을 주시려 노력하십니다. 출석도 아파서 못온건 동점자가 있어서 성적을 갈라야하지 않는 이상 반영하지 않는다 하셨고, 매 시간마다 있는 피어피드백도 좋았습니다. 학점도 잘주세요! 대영2 들으실 분들이라면 손교수님 추천합니다~"
대학영어 2: 글쓰기,손현주,23,Fall,5.0,"시험을 잘 보셔야 합니다. 과제 꾸준히 하는 것도 중요하지만 시험 점수로 많이 판가름납니다.  교수님이 참 좋으시고, 학점도 너그럽게 주시려고 많이 노력하십니다."
대학영어 2: 글쓰기,손현주,23,Fall,5.0,"에마 기대했는데 에쁠 감사합니다…과제는 대영 특성상 매 번 있지만 그리 오래걸리진 않아요 기말시험도 준비할 거 하나도 없습니다 그냥 결론 만들어 쓰기, 글 요약하기 등이에요"
대학영어 2: 글쓰기,손현주,23,Spring,5.0,교수님 친절하시고 학점도 너그러워요. 매번 글쓰기 후 피어 리뷰를 하는데 도움이 많이 됩니다.
대학영어 2: 글쓰기,손현주,23,Spring,5.0,"교수님 항상 친절하시고 학점도 잘 주셔요! 영어 발표가 그닥 자신이 없어서 글쓰기 선택했는데, 한 학기동안 즐겁게 배우고 A+ 받아갑니다. 거의 매시간 과제 있는데, 마지막 에세이 제외하면 다 짧은 글이라 부담은 없어요. 수업 중에 재밌는 얘기도 종종 풀어주시고 피어 리뷰 시간도 나름 재밌었어요. 추천합니다!"
대학영어 2: 글쓰기,손현주,23,Spring,5.0,"무조건 이 강의 들으세요.
재수강자입니다. 초수강했던 다른 대영2 강의에 비해서 훨씬 훨씬 비교가 안되게 좋습니다...

친절하시고 잘 가르쳐주십니다.
로드는 평범한 대영 정도"
대학영어 2: 글쓰기,손현주,22,Fall,5.0,교수님이 친절하시고 학점도 잘 주신다. 다만 매번 있는 동료 피드백이 다소 귀찮을 수 있다.
대학영어 2: 글쓰기,손현주,22,Fall,5.0,"교재중심
거의 매시간 과제
단원마다 짧은 글을 하나씩 쓰게 되는데 (초안-첨삭-최종) 3번 과제가 있음
동료과제평가가 매과제마다 있는데 상당히 유용함
수업 잘 듣고 과제만 열심히 하면 성적은 따라옴
말하기 수업 듣기는 싫고 내가 영작 좀 한다 싶으면 듣는거 추천"
대학영어 2: 글쓰기,손현주,22,Fall,5.0,"글쓰기 과제가 매주 있지만 짧은 글쓰기라 부담은 적습니다. 교수님이 항상 학생들을 배려해주시는게 느껴졌습니다.
성적은 글쓰기 과제 6개중 점수가 높은 것 3개만 반영하고 마지막 에세이 쓰기 한번 기말 한번 반영해서 나오는거 같습니다. 그리고 매 수업마다 조별활동이 있습니다. 주로 각자 써온 과제를 서로 첨삭해주는 활동을 합니다. 1학기동안 즐겁게 배우고 갑니다"
대학영어 2: 글쓰기,손현주,22,Fall,5.0,"1.과제: 글쓰기 수업인만큼 자잘한 과제가 거의 매 수업마다 나옵니다. 교과서가 6개 챕터로 구성돼있는데, 각 챕터별로 '개요짜기-살붙이기-최종본' 3개 과제를 한 학기 내내 무한반복한다고 보시면 됩니다. 과제에서 수려한 표현이나 많은 분량을 써야 하는 건 아니고, 챕터별로 제시되는 학습목표에 맞게 글을 썼는지를 평가하시는 것 같습니다. 6개 최종본 중 점수가 가장 높은 3개를 성적평가에 반영하신 것으로 기억합니다.

2.수업: 교수님께서 수강생 편의를 상당히 많이 봐주셨고, 소그룹 활동도 대부분의 수강생분들이 영어로 더듬더듬 말씀하셔서 저도 더듬더듬 편하게 얘기할 수 있었습니다. 전반적으로 수업이 참 편했다는 생각입니다.

3.시험: 기말 한방인데 준비할 건 전혀 없고(한다해도 의미 없고) 한 학기동안 과제하면서 키운 영작실력으로 그냥 보시면 될 듯 합니다.

대영은 들어야 하고 스피킹은 쫄리고 하시면 그냥 이 강의 들으시는 걸 추천합니다."
대학영어 2: 글쓰기,손현주,22,Fall,5.0,학생들 사랑하시고 배려하시는게 눈에 보이시는 교수님... 자잘한 로드 있지만 전혀 부담스럽지 않고 시험도 쉽습니다 그저 갓갓갓입니다 꼭 들으셔요
대학영어 2: 글쓰기,손현주,22,Fall,5.0,"우하하하 꼭 들으세요
에이쁠 받아갑니다 ~~~~~~"
대학영어 2: 글쓰기,손현주,21,Fall,5.0,"교재 중심으로 합니다
글 쓰는 과제는 주마다 계속 있는 편이지만 크게 부담은 없는 것 같습니다 시험도 그냥 의례적인 수준이라 크게 공부 안하셔도 될 듯

매 시간마다 소회의실 활동을 많이 합니다 
교수님이 친절하시고 열려있는 분이셔서 열심히만 하시면(사실 열심히 안해도) 좋은 결과 있으실 것 같습니다"
대학영어 2: 글쓰기,손현주,21,Fall,5.0,"학생들을 매우 많이 배려해주시고, 하나라도 더 실질적으로 도움이 되는 내용을 알려주시려고 하시는 좋은 교수님이십니다. 영어를 잘 하는 편이 아닌데도 과제 최선을 다했더니 성적도 잘 받았어요"
대학영어 2: 글쓰기,손현주,20,Spring,5.0,학점으로 미화되며 수업 로드도 별로 없음 친절하시고 학생들 아끼시는게 보여서 좋았당
대학영어 2: 글쓰기,손현주,20,Spring,3.0,음........ 교수님은 좋으시나 학점느님까지는 아닌듯........
대학영어 2: 글쓰기,손현주,20,Spring,4.0,수업시간마다 조별 줌 소그룹으로 조별활동하는게 약간 귀찮음. 시험은 그냥 책에 있는 활동 정도였고 학점은 잘주시는 편인듯
대학영어 2: 글쓰기,손현주,20,Spring,4.0,교재로 수업 나가십니다! 교재에 있는 자잘자잘한 문제들 줌 소그룹회의로 같이 풀어서 한명이 발표해요. 문제가 그다지 어렵지는 않습니다. 과제는 짧은 글 3번 긴 글 1번이었는데 그렇게 부담되진 않았어요!! 학점은 반반 나눠서 주신 것 같아요!
대학영어 2: 글쓰기,손현주,20,Spring,3.0,"온라인 수업이라 그런지 조별 활동이 많아요
짧은 글 써오는 과제가 2주 정도 마다 한번씩 있긴 한데
크게 부담될 정도는 아니에요
교수님도 친절하시고 수업도 이해하기 싑게 해주셔서 좋았음"
대학영어 2: 글쓰기,Ashley Dawe,23,Fall,2.0,"딱 3점정도가 적당한 강의인듯.

시키는건 일반적인 대영정도. 과제 자잘한거 적당히 있는정도라고 생각함.

근데 성적이 확실히 깐깐한건 맞는듯. 절평과목에 이정도로 해야하나 싶을정도로 ..

성적 신경 안쓸사람은 그냥 들어도 될듯.

본인 전체 q2-q3 사이일걸로 생각하는데 b0.. 엄청 짠건 아니지만, 후하다곤 절대 못할듯"
대학영어 2: 글쓰기,Ashley Dawe,23,Fall,1.0,"듣지 말라면 좀 듣지마…
걍 학점 버리고 대강 치우고싶으면 듣고 A이상 받고싶으면 초독 초스 초프 이런거 많으니까 진짜 절대 절대 절대 절대 절대 듣지마세요"
대학영어 2: 글쓰기,Ashley Dawe,21,Spring,4.0,"솔직히 매주 과제 주긴 하는데 제출만 하면 되고 15분만 투자하라고 해서 부담도 없음 5줄 쓰고 낸적도 있어요. 실제로 과제라고 할만한건 굵직한 에세이 3개인데 기간 넉넉하고 기본 피드백 + 따로 요청드리면 추가로 해주셔서 지적받은거 고친 다음 다시 피드백 요청드리고 또 고치고 하는 식으로 쓰면 됨. 마지막 에세이가 분량도 제일 많고 시간 꽤 잡아먹는데 기말기간이랑 겹치니 미리 쓰고 피드백도 미리 받아놓는게 좋음. 피드백 굉장히 세세하게 해주셔요 솔직히 대영이니까 글의 내용적인 부분보다는 영어 글쓰기의 구조나 인용방법같은 부분에 치중할 줄 알았는데 내용이나 논리적인 부분도 많이 지적해주셔서 전반적인 글쓰기 실력 향상에도 도움이 됐어요.
조모임도 매 수업마다 줌에서 소그룹 나눠서 0~3번정도씩 하는데 귀찮긴 해도 뭐 수업시간에 하는건데 상관있나 싶음. 어려운걸 시키는것도 아니라서 그냥 조원들이랑 문제 풀고 답 공유하고 시간 남으면 쉬어도 되고 조원들끼리 한국말도 섞어서 해서 부담 없어요. 
중간 기말은 비대면 오픈북에 나올 내용도 미리 알려주셔서 준비할건 별로 없는데 작문 문제가 있어서 짜잘하게 감점되는 부분들이 있어요.
아무튼 도움되는 수업이었고 친절하고 강의력도 좋으신 교수님이지만 학점을 짜게 주시긴 해요 저도 예상하던 학점보다 한단계 낮게 받았음. 근데 그냥 깐깐하게 주시나보다 싶은 정도지 이해가 안가는 정도로 주는건 아니라서 밑에 강의평들이 너무 박한게 아닌가 싶네요."
대학영어 2: 글쓰기,Ashley Dawe,21,Spring,3.0,"로드 : 매주 저널(A4반쪽 분량)+paragraph 쓰기 2번+기말 에세이(800-1000단어)+중간고사+기말고사 

수업 진행 : 줌을 이용한 실시간 수업, 조모임 많음

장단점이 명확한 강의이면서 단점이 장점보다 큰 강의라 생각합니다. 장점은 교수님께서 매우 친절하시고 강의와 글쓰기 피드백에 적극적이시라는 점입니다. 강의력도 좋으시고 글쓰는 법에 대해 쉽게 알려주십니다. 학생들 인원이 매우 많은데 매번 저널과 글쓰기 과제에 다 피드백 다시느라 고생하셨을 것 같습니다.

단점은
1. 수업이 지루하다 -> 어쩔 수 없는 부분이라고 생각합니다. 대글 수업 내용이 재미없었듯이 글을 어떻게 쓰는지 알려주는 내용이니 수업 내용이 지루해서 딴짓을 많이 했습니다...
2. 조모임이 많다 -> 구업이 1시간 15분 논스톱으로 진행되는데, 그중 매번 30분 정도는 조모임으로 시간을 할애한 것 같습니다. 그런데 저같은 경우 조원분들과 안 맞아서 너무 힘들었습니다. 다들 조모임에 매우 소극적이고 말도 제대로 못 하시는 분들 같았달까... 물론 이것도 교수님이 어찌할 수 없는 영역이라 생각합니다.
3. 로드가 많다 -> 대영 과목의 특성상 자잘한 로드가 많은데 이 수업도 마찬가지였습니다. 특히 매주 반 페이지 분량의 저널 쓰는 것이 매우 귀찮았습니다...
4. paragraph와 기말 에세이 주제 -> 저는 글쓰는 걸 좋아하는데, 자유주제가 아니라서 조금 짜증낫습니다. 주제를 정해주시는데 음식, 공간에 관한 것이었는데 평소에 생각을 많이 안해봤었거든요... 두 번째 opinion paragraph와 기말 에세이의 경우 저자의 생각이 많이 녹아들어야 하는데 제가 평소에 생각하던 토픽이 아니라 글쓰기가 좀 힘들었습니다. 자유주제였으면 더 좋았을 듯합니다.
5. 학점이 짜다 -> 결론적으로 저는 에제 나왔습니다만, 제가 보기에 꽤 잘쓴 패러그래프와 에세이도 피드백을 보면 항상 감점이 어느 정도 있더라구요. 영어로 글쓰기를 어느 정도 해보신분, 자신 있으신 분이어야 에이쁠 나오지 않을까 싶습니다. 저는 글쓰기(비록 한국어지만)에 꽤 자신있는 편이었는데도 에제가 나왔으니 참고하시길 바랍니다. 아 평가는 모두 절평이었습니다. 그리고 기말 에세이 글쓰기가 전체 성적의 30퍼센트로 매우 중요한데, 평소에 (1)글쓰기를 많이 안해보신분 (2) 자기의 고유한 opinion이 없으신 분 이라면 쓰기 힘들 것입니다. 이점 유의하시길 바랍니다."
대학영어 2: 글쓰기,Ashley Dawe,21,Spring,2.0,요약: 4학점 짜리 B뿌리는 수업. 조모임 엄청 많고 과제 많고 학점 엄청 짜게 주는 수업..... 절대 다시 듣고 싶지 않는 수업입니다......
대학영어 2: 글쓰기,Ashley Dawe,20,Fall,4.0,"20년 겨울. 비대면으로 진행.

zoom을 통한 실시간 강의 진행. 강의 시간은 중간에 20분 쉬는 시간 빼고 꽉 채워 주신다.
밑에 슬픈 강의평이 많아서 걱정했지만 그때보다는 나은 것 같다.

로드는 2번의 퀴즈와,  2번의 짧은 글(한 단락), 1번의 에세이(1,000단어), 매주 제출 해야 하는 200단어 이하의 자유롭게 쓰는 글(제출 시 만점)로 구성.

수업 내용은 꽤 도움이 되고 교수님도 친절하게 많이 알려주신다. 영어 글쓰기 기초부터 잠깐 훑고 주로
설명하거나 주장하는 글을 구성하는 방식부터 APA 스타일로 학문적 글쓰기를 구성하는 방법을 주로 배운다.  

수업 중에 해야 하는 것이 엄청 많다. 모든 수업 시간에 4명 정도로 소규모 그룹으로 나눠서 여러가지를 해야한다. 수업 듣는 시간과 그룹 활동 하는 시간의 비율이 2 : 1 정도 되는 듯. 마지막 수업 시간에 같은 그룹원 간에 peer review를 하고 평가에 반영되는데 학점에 큰 영향을 주는 정도로 반영되지는 않는다.
수업 중간 중간에 교수가 물어보는 게 있는데 여기에 답하면 체크해서 평가에 반영한다고 한다.(하지만 이것도 학점에 큰 영향을 주지는 않는 듯)

구글 독스 활용을 정말 알차게 하는데, 제출 전에 쓰는 글을 첨삭도 자세하게 해주시고 위에서 언급한 그룹별 활동도 주로 구글 독스를 통해 진행한다. 좋은 글을 쓰고 좋은 평가를 받는데 교수님의 첨삭은 큰 도움이 되는 편. 

매 수업마다 로드가 많다고 느껴질 수 있지만 짧은 시간 빡 집중해서 하면 금방 해치울 수 있다. 

퀴즈는 PPT 암기할 것 없이 내용 어느 정도 이해만 하고 제시하는 대로 글을 쓰면 된다. 비중이 적지만 아무것도 모르고 보면 변별될 듯.

평가는 수업 시작할 때 명확하게 절대평가에 따른 성적별 점수 구간을 공개하고, 과제마다 평가 기준을 제시해서 공정한 편. 

종합하면 할 것도 좀 있고 열심히 한다고 높은 성적을 반드시 보상 받을 수 있는 것도 아니지만 열심히 하는 만큼 얻는 것도 있고 무난하게 수강할 수 있는 강의"
대학영어 2: 글쓰기,Ashley Dawe,20,Fall,5.0,"20-w
교수님이 정말 좋으신 분입니다
수업도 알차고, 성적도 절평이라 부담없어요
안좋은 평이 몇 있어서 걱정했었는데
대영1, 대영2 말하기, 이번 대영2 글쓰기까지 대영 3개 들은 사람으로서 가장 좋았다고 생각합니다."
대학영어 2: 글쓰기,Ashley Dawe,20,Spring,2.0,"퀴즈, 과제, 수업 모두 열심히 했는데 낮게 나와서 당황. 사실상 이 수업 난이도는 고영 그 이상이라고 생각함... 교수님은 친절하신데, 수업은 그렇게 흥미롭지는 않음. 글쓰기 실력은 늘릴수 있는데, 편하게 영어 치울생각이면 절대 절대 듣지마시길. 이 수업에서 a+ 받을 실력이면 다시 teps를 봐서 면제를 띄우는걸 추천드림 ㅋㅋ. 참고로 1학기엔 시험 없고 퀴즈 3번 + 메인 에세이 4?번 + 매주 과제 + 첨삭 과제 등등 으.... 로드가 악독함."
대학영어 2: 글쓰기,Ashley Dawe,20,Spring,3.0,"선생님이 친절하시나 학점은 매우 짜다
첨삭 신경써서 해주시는데 그거에 맞게 내 글을 갈아엎어야해서 힘들었다"
대학영어 2: 글쓰기,Ashley Dawe,20,Spring,5.0,여름계절 들었는데 나름 즐거웠던 수업이었어요. 과제 교수님이랑 시간 잡아서 직접 피드백 받을 수 있는데 꼭 받으세요 첨삭 꼼꼼하게 해주심!!!
대학영어 2: 글쓰기,Ashley Dawe,20,Spring,3.0,생각한거보다 학점 하나정도 낮게 나옴. 정말 열정적으로 강의하시지만 너무 깐깐함....퀴즈한번 보고 난 다음에는 그냥 수업 안듣고 과제만 했음. 전략적으로 듣길바람
대학영어 2: 글쓰기,Ashley Dawe,20,Spring,4.0,"알찬 수업이기도 하고 교수님도 친절하시고, 정말 영어로 글쓰는 것 계속 도전해 볼 수 있는 강의이지만 학점이 깐깐합니다ㅠㅠ 글은 총 5번 쓰는데 마지막 에세이 2개는 쓰면서 정말 힘들었어요... ㅠㅜ 첨삭도 잘해주시고 메일 답장도 바로바로 해주셔서 정말 감사한데 개인적으로 노력에 비해 학점을 잘 받을 수는 없었습니다... 그런데도 교수님이 너무 좋으셔서 4점 남깁니다"
대학영어 2: 글쓰기,Ashley Dawe,20,Spring,5.0,(여름계절) 5주간의 수업이 매우 알찼어요. 글쓰기 수업이었는데 교수님께서 진심으로 학생들의 글쓰기 능력이 향상되길 바라며 수업을 열정적으로 해주시는게 좋았습니다. 첨삭도 엄청 정성들여 해주시고 강의력도 상당하십니다. 그러나 절평임에도 성적 기준이 매우 촘촘해서 조금 부담이 됐습니다ㅠ 그래도 교수님께서 최대한 레포트 점수를 후하게 주시더라구요. 과제에서 총 1.5점깎이고 에이쁠 떴습니다
대학영어 2: 글쓰기,Ashley Dawe,20,Spring,2.0,"강의평 없는 건 이제 듣지 말아야겠어요.. 저는 비마, 씨쁠도 제가 못한 이유가 있었겠거니 생각하는 편인데, 이렇게 들인 노력에 비해 이 성적은 조금 비참할 정도예요."
대학영어 2: 글쓰기,Jennifer Baillargeon,23,Winter,5.0,"“It was such an honor for me to take professor's lesson for this semester""

본인이 A+가 반드시 필요한 것이 아니라면, 아주 추천하는 강의입니다. 교수님께서는 아주 친절하시고, 다른 수강자분들도 열정적이어서 9시 수업임에도 불구하고 아주 만족스러웠습니다.

로드는 아주 깔끔하게 글쓰기 4번만 있습니다. 수업 시간 중 대부분 마칠 수 있고, 매주 30분 가량만 더 투자하면 글 한 편을 쓸 수 있습니다.

자잘하게 깎여 A0를 받았지만, 로드와 수업 내용에 크게 만족하여 불만은 없습니다."
대학영어 2: 글쓰기,Jennifer Baillargeon,23,Fall,5.0,"[장점]
- 교수님이 정말 좋은 분이셔서 '저 사람 왜 저러나'로 고통받을 일은 없습니다. 75분 수업인데 가끔 쉬는 시간도 주십니다. 학생들에게 예민하지 않고 너그러우십니다. (강의평 보니 예민한 교수님들 많더라고요...)
- 평가 요소(즉 로드)가 많지 않습니다. 글쓰기 4개 50%는 모든 분반이 거의 비슷한데, 이외 요소가 출석 10%, 참여 10%, (제출여부만 보는) 과제 10%, (겁나 쉬운) 퀴즈 20%이라 해야 할 것들만 평가합니다. 정말 '글쓰기'에만 집중하면 됩니다. 중간/기말 없습니다.

[호불호]
- 매 수업 시작할 때 5분 가량 조별 말하기 시간이 있습니다. 전혀 부담 없습니다만 누군가는 안좋아할 것 같아서 썼습니다.
- A+ 받기는 어렵습니다. 97점까지 A+인데, 교수님이 글을 읽으실 때 원어민의 눈으로 읽으시면서 어색한 표현 있으면 0.5~1점씩 계속 깎기 때문에... 본인도 완벽하지 않으면 A+은 어렵다고 말씀하셨고, 당장 여기 강의평만 봐도 A0는 수두룩한데 A+은 없습니다. 그래도 A0는 비교적 쉬운 편입니다. 저도 아깝게 A0 받았습니다.
- 글쓰기 한 개당 문법 수업이 한 번 들어가고 그걸 주제로 퀴즈가 나오는데, 'I should eating healthy food. 에서 오류 고치기'보다 어려운 문제는 절대 안 나옵니다. 퀴즈를 준비할 필요가 전혀 없고, 즉 배우는 내용도 없습니다.
- 수업 전체적으로 봐도 '글을 쓰는 방법을 배우면서 나의 영어 글쓰기 실력이 늘었다!'라는 느낌보다는 '교수님께서 알려주시는 글쓰기의 과정과 형식에 맞춰 글을 쓰는 경험을 해봤다!'의 느낌입니다. 뭔가를 배웠다기보다는 그냥 작업을 해봤다 싶은...

추천: 편한 수업 들으면서 (졸업요건으로서의) 대영을 치우고 싶은 사람.
비추천: 무조건 A+이 필요한 사람, 이 수업을 통해 글쓰기 역량을 늘리고 싶은 사람.

다음 수강생들을 위해: '수업시간에 배운 내용을 바탕으로' '수업시간에 배운 형식에 맞추어서' '내실 있는 문장을 쓰는 것'이 중요합니다. '화려하지만 껍데기만 있는 문장'을 제일 싫어하시는 것 같습니다."
대학영어 2: 글쓰기,Jennifer Baillargeon,23,Spring,5.0,"교수님 정말 친절하시고(진짜 천사!!) 질문도 잘 받아주십니다
학생들 이름도 금방 다 외우셔셔 출석도 나중엔 그냥 슥 보고 체크하시더라고요(근데 수업 시작하고 들어가면 바로 지각...ㅠ)
꼼꼼해야 성적 잘 받을 수 있는 건 맞지만, 기준이 명확해서 열심히 하시면 충분히 좋은 성적 받으실 수 있을 거에요!
매 과제 열심히 해서 소수점 몇 점 차이로...에제로 받아갑니다!
그리고 중간/기말이 없는 대신 중간중간 퀴즈가 3~4번 정도 있었는데 별 부담 안돼서 좋았습니당"
대학영어 2: 글쓰기,Jennifer Baillargeon,23,Spring,5.0,"수업 초반에는 종이로 간이 명패 만든 걸로 출석체크하셨는데, 중반부부터는 이름 다 외우셔서 출석체크하실 정도로 학생에 애정이 많으신 교수님이세요. 교수님 너무 친절하시고 피드백 꼼꼼하게 잘 주십니다."
대학영어 2: 글쓰기,Jennifer Baillargeon,21,Fall,1.0,기준이 깐깐하심. 그래서 꼼꼼한 사람이 아닌 이상 학점 잘 받기 어려움. 전반적으로 뭘 배웠나 의문이 든 수업이었음.
대학영어 2: 글쓰기,Jennifer Baillargeon,21,Fall,5.0,"평가기준이 명확하고 피드백이 정말 자세해서 좋습니다..
대영2 턱걸이 점수로 수강하게 되어 걱정이 많았는데, 간당간당하게 에제받아갑니다... 교수님 정말 친절하세요"
대학영어 2: 글쓰기,Jennifer Baillargeon,21,Spring,5.0,"여름계절 수강했는데, 교수님이 친절하십니다. 로드도 그냥 적당한 정도? 그리고 소회의실 활동이 많습니다... 영어 잘 못해서 비쁠나온거 빼곤 다 좋았어요"
대학영어 2: 글쓰기,Jennifer Baillargeon,21,Fall,4.0,1점 차이로 아깝게 A0 받았습니다 소회의실에서 학우들하고 스피킹해야하긴 하는데 큰 부담이 없는 수준이에요 하라는 대로 하면 됩니다 교수님 친절하시고 괜찮아요
대학영어 2: 글쓰기,Jennifer Baillargeon,21,Spring,5.0,"교수님께서 세상 친절하십니다👍👍
피드백도 굉장히 꼼꼼하시고, 일대일 첨삭지도나 질의응답 시간도 유의미했던것 같습니다.
근데... 스피킹 못해서 writing 신청한건데 학우분들이랑 대화해야 하는 시간이 꽤 길어서 첨엔 꽤나 당황했던 기억이 있어요ㅋㅋㅋㅋ
근데 충분히 극복 가능했으니 걱정 안하셔도 될듯합니다"
대학영어 2: 글쓰기,Jennifer Baillargeon,21,Spring,5.0,"2021 여름계절학기 수강생입니다.
대학영어2 수강생들 수준이 높아서 상위 50% 내에 드는 걸 목표로 수강했고 다행히도 성공해서 A0 받았습니다!!
평가기준이 명확해서 좋았고 교수님 정말 착하고 좋으신 분입니다ㅠ (교수님 사랑해요ㅠ) 아무튼 덕분에 짧은 시간 내에 실력이 많이 늘었던 것 같습니다
A+는 바라지도 않았지만 그렇다고 아예 불가능한 건 아닌 것 같습니다 (총 4점정도 깎임) 퀴즈랑 서약서 제출만 더 신경썼어도 덜 깎였을텐데ㅜ 여러분은 이 후기 참고하셔서 꼭 A+ 받아가세여!!"
대학영어 2: 글쓰기,Jennifer Baillargeon,21,Spring,5.0,교양 과목 중 젤 편하게 들을 수 있는 수업! 조별회의를 많이 하는데 부담스럽지 않고 친구랑 영어로 수다 떠는 느낌이라 좋았어요. 글 4개 + 퀴즈 4개가 있는데 영어 어느정도만 하면 되니 크게 어려움은 없었어요. 교수님이 저희 반에 대한 expectation이 좀 높아서 학점이 어떻게 나올지는 모르겠네요...ㅠ
대학영어 2: 글쓰기,Jennifer Baillargeon,20,Fall,5.0,"교수님 친절하시고, 수업 내용 잘 따라가면서 요구사항 잘 지키면 점수 잘 주십니다. 대영2 턱걸이 점수였고 영어 베이스 수능이 전부에 에세이도 처음 써봤습니다. A0 받았습니다! 조별로 소회의실은 거의 매일 하는데, 활동이 어렵지도 않고 교수님 안 계실 때에는 영어를 잘 안 썼습니다."
대학영어 2: 글쓰기,박지혜,22,Fall,5.0,"과제는 글 총 네 편이고, 수업 시간에 글쓰기 시간을 많이 주셔서 로드가 거의 없습니다. 프린트 물로 수업을 진행하시는데, 시험 전날에 다 볼 수 있을 정도의 분량이어서 시험 공부도 부담스럽지는 않았습니다. 시험 난이도는 쉽지만 대신 시험이 성적에서 차지하는 비중이 상대적으로 큰 것 같습니다. 성적도 잘 주시고, 굉장히 만족스러운 강좌였습니다"
대학영어 2: 글쓰기,박지혜,22,Fall,4.0,"글쓰기 수업인데, 첫 몇 시간 말고는 거의 매시간 글을 짧게나마 써가야해서 로드가 적은 느낌은 아니였음. 열심히 하면 수업 시간 내에 많이 할 수는 있으나 퀄리티를 높이기 위해서는 따로 수정과 보완을 해가야할듯. 새내기 아닌 분들도 좀 있고, 아무래도 다들 열심히 하다보니 매 과제마다 하나도 안깎이겠다는 각오로 해야 좋은 학점이 나오는 듯. 교수님께서는 학생들 배려 많이 해주셔서 좋았으나, 문법 수업하는 날에는 짧은 대답? 발표? 를 간혹 시키셔서 조금 부담스러울 수는 있음. 

그래도 전반적으로 봤을 때 나쁘지 않았던 강의입니다!"
대학영어 2: 글쓰기,박지혜,22,Fall,5.0,"로드 적은 편, 분명하고 깔끔한 교수님과 수업. 수업의 반 정도는 교재/프린트 풀어보고 지목해서 한 문제씩 대답하는 시간이라 항상 긴장하고 있어야 하지만 이 정도는 대영2 모든 수업이 비슷할 거라 생각함. 수업 시간에 글쓰기 할 시간 많이 주셔서 과제가 적고, 중간&기말이 전날 프린트 훑으면 문제 없는 정도로 부담 없었던 게 가장 좋았음!"
대학영어 2: 글쓰기,박상희,19,Fall,5.0,"한 단어로 요약 가능한 수업입니다.
Best,"
대학영어 2: 글쓰기,김다산,22,Fall,4.0,"수업 잘 가르쳐주시고, 피드백도 잘 해주시고, 다만 과제가 많아서 신경 쓸 일이 많습니다."
대학영어 2: 글쓰기,김다산,22,Fall,5.0,"영어 글쓰기 강의의 정석이라는 느낌이었습니다. 로드도 자잘한 쓰기과제가 많아서 그렇지 그렇게 부담되는 정도는 아니었습니다. 다만 대영2 과목 특성상 성적기준이 아예 정해져있어 교수님 재량이 관여하지는 않는 것 같습니다.
발표도 대본 준비해서 하는 것이 아니라 수업시간에 질문에 대해 대답하면 됩니다.
시험은 수업내용 전체적으로 나오고, 문법과 외울 것들 외워가고 글 쓰는 연습을 해가면 좋습니다. A0 받았습니다."
대학영어 2: 글쓰기,김다산,22,Fall,5.0,"어느 대영 교과목이나 비슷하겠지만 과제가 없는 편은 아닌데... 그렇다고 많은 편은 아니라고 느꼈습니다. 어차피 치워야할 대영 무난하게 치운 느낌이에요! 교수님이 너무 좋으시고 대영2치고 수업 내용도 쉬워서 크게 부담은 없었습니다. 무엇보다도 수업시간에 글쓰는 시간을 많이 주셔서 과제에 따로 크게 시간을 안 들여도 됐어요! 다만 아무래도 글쓰기다보니까 해외에서 거주했거나 영어 실력이 어느정도 있는 친구들한테 더 유리한 면은 확실히 있습니다,..ㅠ 문법이나 단어 사용도 꼼꼼히 보시구요... 시험은 교과서 지문에서 많이 나오니까 중간기말은 꼭 지문들/문제들 보고 가시고, 교수님이 오티때는 출석 되게 강조하셔서 지각 몇번 했던지라 걱정했는데... 출석 부른 후에 몇분 늦는 거는 따로 지각 표시 안 하시는 것 같아요! A+ 받아 갑니다 교수님 정말 좋으세요 ㅎㅎ"
대학영어 2: 글쓰기,김다산,22,Fall,1.0,"할 거 다 해도 생각보다 점수 안 나올 수 있습니다,, 에세이 과제가 많은데 형식 다 지켜서 써도 자잘한 문법, 어휘 틀릴 때마다 점수가 깎여서 평가가 조금 깐깐한 것 같아요 ㅠㅠ 중간 기말은 비교적 쉽게 나오는데 에세이 쓰는 문제 1개씩 있고 배점 크고 교과서에서 많이 나와요."
대학영어 2: 글쓰기,김다산,22,Fall,5.0,"교수님 매우 열정적이십니다.
다른 대학영어2 강의를 들어본 적인 없어서 잘을 모르겠다만
자잘자잘한 과제가 굉장히 많은 편인 것 같긴 합니다.
수업 시간에 학생 찍어서 발표하게도 하십니다.
교수님 친절하시고 학생들이랑 대화도 잘 해 주십니다."
대학영어 2: 글쓰기,Nicholas William Shaw,23,Spring,4.0,"교수님만의 깐깐한 기준이 확고합니다.

그렇다고 그 내용을 수업 시간에 세세하게 알려주시는 것도 아닙니다.

자료로 그 내용을 올려주시는데, 난삽해서 읽기 귀찮지만 잘 반영하도록 신경쓴다면 성적은 괜찮게 주시는 편입니다.

지나친 열정은 에세이에서 표절을 의심케 합니다.

자잘한 과제가 많습니다."
대학영어 2: 글쓰기,Nicholas William Shaw,23,Spring,4.0,"…힘듭니다…
요구하시는 글의 수준이 높습니다
점수도 구간을 나눠 딱딱 잘라주십니다
기말 과제에다 기말고사도 있어서 할게많아요
하지만 잘 도와주시긴 합니다
그래서 더 힘들어요… 열심히 도와주기까지 하시는데 … 못 받아먹는 확률이 크기 때문이죠"
대학영어 2: 글쓰기,Nicholas William Shaw,23,Spring,4.0,"과제에 대한 평가 자체는 후한 느낌이 있는데 성적 통계량이 공개된 바가 없어 학점을 얼마나 잘 주시는지는 모르겠음. 조별과제로 outline를 작성해야 하는 과제가 나오는데, 기말고사에서 조별 과제로 했던 outline를 바탕으로 글을 쓰라고 하니 다른 자잘한 과제들은 대충하더라도 outline 작성하는 과제만은 열심히 하길 추천함"
대학영어 2: 글쓰기,Nicholas William Shaw,23,Spring,4.0,"4점 주긴 했지만 4점 강의라고 생각하지 마세요. 영어 못하면 참 고생할겁니다. 교수님은 착하시고 첨삭도 잘해주셔서 좋아요. 중간과제는 깐깐하니 열심히 하시고, 기말과제랑 기말고사는 성적 잘주셔요."
대학영어 2: 글쓰기,Nicholas William Shaw,23,Spring,3.0,"에세이 3번, 기말고사 1번, 참여점수 (개별상담)
이번 학기는 초반에 대면수업하고 교수님 개인 사정으로 인해 후반에는 비대면으로 했습니다.
수시로 해야할 과제가 많습니다. 매주 과제가 나옵니다. 개별상담도 해야하는데 이게 참여 점수에 반영됩니다.
출석은 따로 부르지는 않습니다.
성적은 잘 주시는지는 잘 모르겠습니다. 절평이기는 합니다. 하지만 평가를 너그럽게 하시지는 않는 것 같습니다."
대학영어 2: 글쓰기,Nicholas William Shaw,21,Spring,5.0,자잘한 과제들이 많긴 했는데 무난히 할 만한 정도입니다! 피드백 꼼꼼히 해주시고 이메일로 질문들도 잘 받아주셔서 좋았어요 성적도 최대한 잘 주려고 하시는 듯합니다
대학영어 2: 글쓰기,Nicholas William Shaw,20,Fall,5.0,다른 대영 과목과 비슷하게 크고 작은 과제는 많은 듯합니다. 하지만 중요한 과제들은 제출할 때마다 꼼꼼하게 피드백 잘해주십니다. 제출하기 전에도 교수님과 일대일로 상담하며 피드백 받을 수 있습니다. 해야할 거하면 성적은 잘 주시는 거 같습니다.
대학영어 2: 글쓰기,Nicholas William Shaw,19,Spring,3.0,빡셌어요ㅠ 교수님만의 글쓰기 법칙과 안 맞는 분은 힘드실 거예요
대학영어 2: 글쓰기,Nicholas William Shaw,19,Spring,5.0,과제는 많은 편인데 초반만 잘 버티면 후반은 좀 견딜만 합니다. 하지만 과제 편집도 일일히 해주시고 질문마다 깊이인ㅅ는 답변을 해주시는 교수님이 너무 좋았고 학점도 무난히 a 주시는것 같습니다
대학영어 2: 글쓰기,Andrew Mahaffey Wilbur,22,Winter,4.0,"대영2 수강전부터 A+받기 정말 힘들다는 얘기를 익히 들어서 어려우면 얼마나 어렵겠냐며 반신반의하는 마음으로 스스로 시험해보자는 다짐과 함께 제 120%를 쏟았던 수업입니다. 결론적으로.. “소문은 사실”인 듯 합니다. A+을 받기 위해선 총합 97점 이상을 받아야하는데, 이게 ‘정말’ 어렵습니다. 평가요소는 과제 3개 + 중간 + 기말 + 퀴즈2번+자잘한 과제들 인데, 과제 3개가 각각 10/10/20점으로 평가되고 이 점수가 전체 35% 비중을 차지합니다. 글이 요건에 맞게 잘 작성되었을 때 9점, 글이 요건충족 이상의 훌륭한 퀄리티를 보여야 10점을 주시는 듯 하고 각각의 감점폭이 1점씩이어서, 환산했을 때 감점폭이 거의 그대로 총합에도 적용되는 구조라고 보시면 됩니다. 중간 기말도 만점이 20점 25점씩이어서 모든 과제에서 3점 이상이 감점되지 않아야 A+를 받아가신다고 이해하면 됩니다. 문제는 그 감점될 수 있는 평가요소가 상당히 많고 각각의 과제에서 만점을 받기가 까다롭다는 점입니다. 퀴즈의 경우엔 교수님께서 특별히 준비할 게 없다고 말씀하시지만, 수업 내용을 어느정도 반드시 복습하고 퀴즈에 응하는 것을 권장드리고, 까다로운 문제가 매퀴즈마다 1개씩 출제되니 퀴즈에서 만점도 쉽지는 않은것 같습니다(평균이 –1 –2였습니다). 중간기말은 수업시간내에 주어진 문항을 보고 글을 작성해야돼서 만점이 더 힘들다고 보면, (실제로 이번 겨울학기 기말 최고점수는 30점 만점에 29점이었습니다) 과제와 퀴즈가 거의 ‘완벽’해야 A+를 가져간다!고 보시면 됩니다. 

고영에 영어도사 분들이 즐비하다는 소문이 있던터라 대영2 점수 맞춰서 수업을 신청했고, 그래서 영어를 못하는편은 아니라고 생각하는데, 적어도 제가 느끼기에는 중간기말 때문에 노력만으로 가능한 점수에는 한계가 있는것 같습니다.

저는 과제 –1 퀴즈 –2 기말 –3해서 A0 받아갑니다(etl 성적칸에 구성원 점수분포를 확인했을 때 모든 평가영역에서 Q2이상이었고 첫번째 세번째 과제랑 중간에서 만점(Q4)을 받았는데, 세번째 과제랑 중간 만점은 몇명 안계셨을겁니다. 아래 강의평에 총 –2로 A+ 받으신분 계시던데 아마 수강생 20명 중 1-2등이셨을 가능성이 굉장히 높습니다) 

하지만 이건 어디까지나 A+ 이야기고, A-는 90점 이상이라 열심히 하시면 충분히 받아갈 수 있는 점수라고 생각합니다(다만 교수님께서도 A비율을 50퍼 이상 주지 않겠다고 초반에 공언하셔서, A- 점수대이신 분들 중 일부는 B+받지 않으셨을까 추측해봅니다). 어쨌든 모두 대영 빨리 해치우시길 기원합니다.

정리하면,
1. 대영2: 글쓰기에서 A를 받는 것은 어렵지 않다(다만 Q2에는 들어야하니 열심히는 해야한다)
2. 공부해야할 게 많이 없다. 그냥 대글의 영어 버전 느낌? 계절학기 과목은 시험때 항상 힘들었는데 대영은 굉장히 널널?하다
3. A+ 받기 어려운건 맞다.. 솔직히 너무 어려운것같다.. 

교수님 굉장히 좋으십니다. Wilbur 교수님 대영2 추천합니다."
대학영어 2: 글쓰기,Andrew Mahaffey Wilbur,22,Winter,5.0,"정규학기에 들으면 널널하게 잘 들었을 것 같네요
글쓰기 과제 3번 / 퀴즈 2번 / 시험 2번 / 부담스럽지 않은 수시과제 여러번
최종과제 -1, 기말시험 -1으로 A+ 받았습니다 절대평가인데 A+이 97점까지라 좀 빡세요 .. 하지만 열심히 하시면 교수님이 과제나 시험 점수는 잘 주십니다
결론적으로는 만족스러웠습니다 대영2에서 예상되는 정도의 로드였고 교수님께서 수업 시간을 최대한 활용해 과제에 도움이 되게끔 도와주셔서 좋았어요 교수님도 굉장히 친절하시고 귀여우십니다 ..!"
대학영어 2: 글쓰기,Andrew Mahaffey Wilbur,21,Fall,4.0,로드가 심하게 많진않지만 자잘자잘한 과제가 많고 성적반영되는 과제가 3개 퀴즈 1번 중간 기말있어서 생각보다 정신없는 학기였어요. 그러나 너무나도 친절하시고 착한 교수님이시라 4점 드립니다. 성적은 후하시진않습니다.
대학영어 2: 글쓰기,Andrew Mahaffey Wilbur,21,Fall,4.0,"절평 기준에 따라 딱 잘라주셔요
조모임도 꽤 있습니다"
대학영어 2: 글쓰기,Andrew Mahaffey Wilbur,21,Fall,5.0,"성적은 절대평가고, 강의계획서에 나와있는대로 주신거 같아요.
등급 기준이 빡빡하긴 한데, 저같은 경우는 교양 학점을 별로 신경쓰지 않아서 괜찮았어요.
과제 부담은 거의 없었고 수업도 좋았어요. 5점"
대학영어 2: 글쓰기,Andrew Mahaffey Wilbur,21,Fall,5.0,"교수님이 차분하신 스타일이셔서 학생들한테 말을 별로 안 시키세요!! 발표가 너무 싫어서 글쓰기 수업을 선택했던 저에게는 최고였습니다. 과제도 별로 없고 글쓰기 주제도 어렵지 않았어요. 가끔 있는 조별 소모임도 스트레스 받을 만한 건 아니고 가벼운 활동이었습니다
다만 학점은 비율 맞춰서 주시는 듯하네요…"
대학영어 2: 글쓰기,Andrew Mahaffey Wilbur,21,Fall,3.0,"나는 영어로 말하기가 너무너무 싫고 놀듯이(?)하는 영어 수업을 원한다->이런 사람한테는 추천합니다 로드가 적은 편인 것 같아요
비대면이긴 했지만 Peer review할 때 한국말 쓰는 것도 허용해주시고 조모임에서는 다 한국어로 했어요
글쓰기 과제는 분명히 잘 썼다고 하시고 이대로만 내면 좋은 점수 받을 수 있다고 해서 그냥 냈더니 점수 깎였어요,, 이렇게 야금야금 깎인 점수가 과제별로 다 모이면 타격이 꽤 큽니다.. 저는 에마 받아갑니다.."
대학영어 2: 글쓰기,Andrew Mahaffey Wilbur,21,Fall,2.0,"로드 적고 수업도 무난한데
절평 기준이 좀 빡세서
학점이…너무 짜요…
저 뿐만 아니라 윌버 교수님 이번 학기에 수강한 친구들 다 학점 잘 안 주셨다고 들었어요 절평인 거 감안하세요"
대학영어 2: 글쓰기,Andrew Mahaffey Wilbur,21,Fall,5.0,최고의 교수님입니다 공부 안 하고 시험 조진 거 같아서 재수강 걱정했는데 A0 주셨어요. 로드도 적고 대영 글쓰기 중에선 최고인 듯합니다
대학영어 2: 글쓰기,Andrew Mahaffey Wilbur,19,Spring,5.0,킹윌버 갓윌버 여러분 대영2면 무조건 윌버교수님 수업 들으세요 일단 로드가 정말 적은편이라고 생각합니다 정확히 말하면 과제할 시간을 수업시간에 주셔서 딴짓만 안하면 매우 부담없이 과제를 처리할 수 있어요 시험도 공부를 굳이 미리 안해가도 될 정도의 난이도여서 매우 부담없었습니다 사실 글쓰기 수업자체는 지루한데 그래도 교수님이 스윗하시고 학생들을 많이 배려해주십니다 학점도 잘 주시는 듯합니다 부담없이 대영 치우고 싶은 분들은 절대 윌버하세요
대학영어 2: 글쓰기,Andrew Mahaffey Wilbur,19,Spring,5.0,"꿀강 인정. 그런데 같은 교수 말하기 수업 듣는 동기 말 들어보니 말하기는 로드 0에 수렴하고 더 핵꿀강에 재미있고 맨날 게임만 하는 듯. 그래도 정 말하기 하기 싫다면 이거 들으세유

반면 글쓰기 수업은 상대적으로 조용한 분위기에, 로드는 보통? 정도 되는 거 같다.(절대 많다고는 못함)

수업시간은 정말정말 지루하고 레알 노잼이지만... 버텨내고 학점 받고 나면 행복 ^~^ 교수님 성격이 파워풀하지도 않고, 수업분위기도 활발하지 않지만 전반적으로 괜찮은 잔잔한 수업이다. 

작문의 경우 학생 개인의 스타일을 최대한 존중해주신다. 그 점이 제일 맘에 듦.😆

아 그리고 구글닥스로 시험치는 교수님 처음 봄 ㅎㅎ"
대학영어 2: 글쓰기,Andrew Mahaffey Wilbur,19,Spring,5.0,교수님 성격도 좋으시고 성적도 잘 주시고 무엇보다 과제도 적어요!!!  학생들에게 최대한 부담 안주려고 하시는 것 같습니다. 영어에 자신없어도 부담 없이 들을 수 있어요bb
대학영어 2: 글쓰기,Andrew Mahaffey Wilbur,19,Spring,5.0,"들으세요. 꼭 들으세요. 과제 적고, 시험 쉽고, 학점 잘 주십니다."
대학영어 2: 글쓰기,황세희,23,Fall,5.0,로드가 대영인 만큼 어느 정도 있지만 다른 수업보다 적은 편이고 교수님도 편의를 많이 봐주십니다. 시험도 별로 어렵지 않고 과제도 노력하면 성적을 잘 주시는 것 같습니다.
대학영어 2: 글쓰기,황세희,23,Fall,1.0,"역대 최악의 학점을 받았습니다 슬프네요 
다 열심히 했는데 .."
대학영어 2: 글쓰기,황세희,23,Fall,5.0,"막학기 병행하면서 편하게 들었습니다!

로드: 에세이 한페이지3개&800단어 에세이 1개
에세이 과제는 1st draft내면 피드백주시는데 그거 바탕으로 2nd draft도 내면 됩니다. 피드백도 꼼꼼히 주시고 질문도 잘 받아주세요!
에세이는 짧은 거는 각각 10점 마지막 긴 거는 15점인데
1st&2nd draft 평균 점수가 들어갑니다! 1st는 만점은 거의 없고 보통 2~4점 감점하세요.

시험: 중간기말 각각 10점인데 진짜 쉽고 교재에서 수업때 푼 문제&프린트 내용 응용으로 나와요. 짧은 작문도 나오는데 양식만 지키면 ok

수업: 글쓰기 중심이라 말하는 건 수업때 팀만들어서 팀안에서 교재 문제풀때 정도? 부담없고 수업도 꽤 유익해요

학점: 절평이라 A는 절반만 가능&C 30% 필수도 없어서진짜 잘주세요! 에쁠은 약간 힘들 수 있어도 에제는 ㄱㄴㄱㄴ

다들 편하게 영어 치우고 졸업하세요~~~~"
대학영어 2: 글쓰기,황세희,23,Fall,5.0,"대영2 강의 특성상 로드가 없지는 않지만, 그래도 교수님께서 피드백을 자세하게 해주셨고, 그 피드백들을 잘 반영해서 수정하면 점수 잘 주시는것 같아요! 
무엇보다,,,수업시간에 조 편성해서 의견 공유할 때를 제외하고는 영어로 말할 일이 없었던 점이 좋았습니다! 저같이 영어로 말하는 것을 부담스러워하시는 분이 듣기에 좋을 것 같아요!!
과제 감점이 꽤 있을 수는 있는데, 교수님께서 절평기준을 조절하시는 거 같아요! 감점이 있다고 너무 낙담하시지 마시고 끝까지 열심히 하시면 성적은 잘 주시는 것 같습니당"
대학영어 2: 글쓰기,황세희,23,Fall,5.0,로드도 빡세지 않고 교수님도 피드백 잘 주셔서 추천합니다!! 단점이라면 1교시인 점이랑 겨울에 교실이 추운 거...나머지는 진짜 다 좋아요
대학영어 2: 글쓰기,황세희,23,Spring,5.0,"영어 못해도 노력하면 에제 받을 수 있는 감사한 수업
시험은 어쩔 수 없이 작문을 하는 본인의 순발력이 필요함"
대학영어 2: 글쓰기,황세희,23,Spring,5.0,"대영2를 정말 편하게 치울 수 있는 강의!! 영어로 말하는 시간이 거의 없다시피하고, 보통 패들릿으로 자기 답안을 공유해서 영어 회화가 부담스러운 분들도 편하게 들으실 수 있습니다. 수업 시간의 자잘한 대화를 제하면, 딱히 조별 과제나 모임도 없었어요. 과제는 대영2에서 지정해주는 큰 과제 4개만 있고, 기타 숙제는 없어용(따라서 로드가 기본적인 것 제외하면 없다고 볼 수 있죠ㅎㅎ) 시험은 총2번인데 암기해서 되는 문제는 아니기에... 기본적인 사항들만 숙지하면 될 것 같고, 나머지는 평소의 실력이 좌우하는 듯합니다. 저는 시험은 중간고사는 좀 못 봤고 기말고사는 잘 모르겠고, 4번의 에세이에서 평균 2-3점 정도씩 감점이 있었는데 에제나온 거 보면 학점은 잘 주시는 듯해요! 참고로 에세이 수정할 때 피어리뷰에서 나온 건 굳이 수정하실 필요 없고, 교수님이 첨삭해 주신 부분만 수정하셔도 점수 잘 주십니다~ 편하게 필수교양 치우고 가네요!!"
대학영어 2: 글쓰기,황세희,22,Winter,5.0,"영어로 말하는 거 싫어하시는 분이라면 강추합니다...!

영어도 글쓰는 것도 잘 못하고 영어로 말하는 것도 못하는데 
교수님이 강조하신 부분 다 지켜서 글 쓰니까 점수 괜찮게 받았어요! 저는 작문이 진짜 약해서 거의 다 파파고 돌리고 파파고 번역된 걸 수정해가면서 글 썼는데 교수님께서 상세히 피드백 해주셔서 좋았습니다. 교과서로 진도 나갈 때는 좀 지루했는데 교과서 끝나고 프린트로 수업할 때는 꽤나 얻어갈 것도 많았습니다! 

과제는 짧은 글(에이포 2/3장 정도) 3번, 긴 글(에이포 2-3장) 1번이었고, 초고 써서 내면 피드백 받고 수정해서 다시 제출하는 방식입니다. 시험은 중간/기말 있고 수업 내용 기반으로 나옵니다! 

교수님께서 천천히 말씀해주시고 수업 끝나고나 쉬는 시간에는 한국어로 질문 받아주셔서 좋았어요. 글쓰기 피드백도 구두로 할 때는 한국어로 해주십니다!"
대학영어 2: 글쓰기,황세희,22,Fall,5.0,"교수님 친절하시고 과제에 대한 피드백도 상세하게 해주십니다. 첫 번째 과제만 1점 까이고 나머지는 다 만점 받았는데, 교수님께서 피드백 해주신대로 수정하면 좋은 점수 받을 수 있는 거 같습니다."
대학영어 2: 글쓰기,황세희,22,Fall,5.0,"수업 내용이 간결명료하고, 교수님께서 상냥하게 질문도 받아주시고 설명해주셔서 좋았습니다!
이 글쓰기 수업은 말하는 활동이 거의 없어서 말하는게 부담스러운 분들이 택하면 좋을 것 같아요 그리고 다른 글쓰기에 비해 로드도 적은 편인 것 같습니다!
글쓰기나 시험에서 점수가 생각보다 깎이는데, 조정이 들어가거나 다른 절평 컷으로 채점하시는 것 같으니 너무 걱정하지 않으셔도 됩니다! 성적 잘 주시는 것 같아요
유익하고 편하게 잘 들었습니다~~"
대학영어 2: 글쓰기,황세희,22,Fall,5.0,교수님이 친절하시고 자잘한 숙제를 안 내주셔서 좋았어요! 에세이 점수 매기실때 아무리 잘써도 기본으로 1점씩은 깎으시길래 이정도면 에이쁠이 한명도 안나오지 않나...? 생각했었는데 학점 주신 걸 보니 약간 조정을 해주시는 것 같습니다!
대학영어 2: 글쓰기,황세희,18,Fall,5.0,"2021 겨울학기 수강했습니다
시험은 두 번이지만 에세이 네 번 있는데 이게 중간 기말보다 비중이 큽니다 참고하세요
그래도 에세이와 peer review 외에는 과제가 전혀 없었습니다
교수님께서도 좋으시고 강의도 좋아요 추천드립니다"
대학영어 2: 글쓰기,임현량,23,Spring,5.0,"제발 꼭 들으세요…. 꼭꼭꼭
교수님 너무너무 친절하시고 에세이 피드백도 정성껏 해주십니다 밑에 강의평처럼 진짜 햇살같으신 분이세요🤗🤗
원래 대영 글쓰기가 그렇듯 과제가 적은 편은 아닌데 그렇게까지 어렵지 않아서 금방 끝낼 수 있고, 무엇보다 시험이 없어서 너무 편해요
조모임도 팀플 발표, 과제 이런 느낌이 아니라 그냥 수업 때 잠깐 그룹 묶거나 파트너 정해서 답 맞추거나 피드백 하면서 대화만 하는 형식이라 오히려 사람들도 많이 만날 수 있고 좋아요!!"
대학영어 2: 글쓰기,임현량,22,Spring,5.0,성적은 비율대로 주시는 것 같고 로드도 어렵지 않게 할 수 있는 수준입니다. 시험이 없고 중간 중간 에세이 제출과 최종 에세이 제출로 평가가 이루어집니다. 영어에 큰 자신감이 없던 저에게 좋은 수업이었습니다. 무엇보다 교수님이 참 따뜻하십니다.. 봄날의 햇살같으신 분이에요😊
대학영어 2: 글쓰기,임현량,22,Spring,5.0,"우선 시험이 없어서 너무 편했고, 기본적으로 교수님이 너무 좋으세요. 과제 피드백도 열심히 해주시고, 수업 때도 부담없이 학생들과 상호작용을 많이 해서 즐거웠습니다!

제출 과제로는 문단 작성 에세이 3번과 긴 에세이 1번이 있고, 각각의 에세이를 작성할 때마다 초안과 선생님의 피드백을 적용한 수정본을 제출합니다. 과제를 주는 텀이 별로 짧지 않고, 교수님께서 초안에 직접 피드백을 작성해주셔서 수정본을 금방 완성할 수 있어서 좋았어요! 생각보다 에세이 점수의 편차를 많이 안주신 것 같은데, 그래서 매번 최선을 다해야 좋은 성적을 받을 수 있을 거에요!"
대학영어 2: 글쓰기,임현량,22,Spring,5.0,절대평가로 주시고 A 50프로까지 주시는 것 같습니다.  저는 A를 못 받았지만.. 되게 친절하시고 피드백도 열심히 주십니다. 개인적으로 도움이 많이 된다고 느꼈습니다. 과제가 거의 매번 있기는 하지만 쉽고 한 5~10분이면 끝낼 수 있습니다. 글쓰기만 하면 되서 시험이 있는 다른 대영 수업보다는 훨씬 편한 것 같습니다.
대학영어 2: 글쓰기,임현량,18,Spring,4.0,"대영 특성상 과제가 많긴한데 그래도 다른 대영 글쓰기 강의보다는 부담이 덜한 것 같아요. 설문조사도 없고 팀플도 없어서 편합니다ㅎ 조모임은 딱 수업시간에 잠깐 토의하는 정도? 무엇보다도 교수님이 학생의견도 적극 반영해주시고 너무 친절하셔서 갈때마다 힐링받고오는 강의였습니다ㅠ 
학생의 약점보다는 강점을 찾아내주시고 키워주시는 분이세요! 

대신 수업시간에 한 명씩 돌아가면서 문제를 풀게 시키시거나 지문 읽게 하시는데 그런 게 부담스러우시다면 좀 안 맞을수도 있겠네요
사실 저도 이런 점 때문에 처음에 좀 힘들었는데 한 학기 동안 이 수업 듣다보니 틀리는 것&수업시간에 말하는 것에 대한 두려움을 많이 극복할 수 있었고 그래서 개인적으로는 매우 만족하는 강의입니다. 본인 성향에 맞춰서 잘 선택하세요ㅎㅎ

로드: 
과제는 한문단짜리(300단어 정도)에세이 3편 쓰는 거랑 4문단짜리 에세이 (500단어 정도)한 편 쓰는거+발표 입니다. 많아보일수도 있겠지만 교수님께서 첨삭 꼼꼼히 봐주시고 개인별 상담지도도 따로 해주셔서 이 과정에서 정말 배워가는 게 많습니다. 영어실력도 많이 늘었지만 그것보다도 글을 바라보는 시각이 많이 바뀐 것 같아요.
시험은 안보고요 간간이 문법 퀴즈를 보긴 하는데 수업시간에 다뤘던 문제랑 아예 똑같이 나와서 부담은 딱히 없습니다."
대학영어 2: 글쓰기,Kristina Wright,19,Spring,5.0,수업내용 그렇게 어렵지 않고 과제는 매일 리딩을 읽고와서 문제를 푸는 정도입니다. 중간 기말이 없고 모두 에세이로 대체하십니다. 전반적으로 좋은 수업이었는데 크리스티나 라이트 교수님 이제 노르웨이로 떠나셔서 수업을 열지 않는다고 하시더라구요.  참으로 안타깝습니다.
대학영어 2: 글쓰기,Linda Yoon,21,Fall,5.0,"소설을 쓴다는 것이나 과제가 부담스러울 수는 있는데 대영이라면 과제 양은 솔직히 비슷할 거 같긴 해요...교수님이 텐션이 높으셔서 수업시간 자체는 재미있었고, 제 기준으로는 점수도 생각보다 잘 주셨어요"
대학영어 2: 글쓰기,Linda Yoon,21,Fall,5.0,"과제 많고 수강인원도 9명밖에 없었지만 
열심히 따라가면 성적 잘 주시는 것 같아요
중간 점검 때 지금까지 받은 점수 알려주셨는데 
그때 와 완전 망했다 하고 
남은 거 열심히 했더니 성적 잘 받았습니다
전 추천이여~"
대학영어 2: 글쓰기,Linda Yoon,21,Spring,3.0,과제 매우 많습니다. 글쓰기 과제 거의 매주 있고 수업시간에 계속 과제 내주십니다. 교수님 정말 열정적으로 강의해주시고 피드백도 잘 받아주시지만 성적은 깐깐하신 편인 것 같아여..성적도 일절 공개해주시 않으셔서 최종 성적 보고 충격 받았네요...
대학영어 2: 글쓰기,Linda Yoon,21,Spring,3.0,"에타 강의평에 학점느님이라고 써 있는데, 비율 맞춰서 줍니다. 수강생 수가 적어서 높은 학점 따기 쉽지 않습니다.
수업은 교수가 잠깐 설명한 이후 조별로 지문 분석 활동을 한 뒤 발표하는 식으로 진행됩니다.
과제는 많은 편이고, fiction 쓰기라서 수강신청할 때 꼭 잘 보고 고르길 바랍니다. 과제 채점 기준이 상세하게 적혀 있기는 하나, 몇몇 명확한 기준(문법, 길이 등)을 제외한 채점 기준은 모호해서 교수가 채점하기 나름입니다. 이 강의 과제에 시간을 투자할 생각이 없다면, 과제 점수는 보장할 수 없습니다.
중간 시험은 배웠던 내용을 실제 글에서 응용하여 문제를 내고, 기말 대신에 발표로 진행했습니다. 발표는 장문쓰기와 비판적 글쓰기를 반반씩 요약해서 발표하는 것으로 진행되었고, 과제보다 점수 얻기 쉽습니다."
대학영어 2: 글쓰기,Linda Yoon,21,Spring,1.0,"듣지 마세요. 강의평에 학점느님이라고 써 있어서 그거 믿고 들었는데 채점도 엄청 깐깐하게 하시고 학점도 딱 잘라서 주세요. 일단 과제는 거의 매주 글을 한 편씩 써서 제출해야 되는 정도로 많아요. 조모임도 매번 있어요. 저 같은 경우는 말하기 싫어서 글쓰기 수업 선택했는데 매주 소그룹실 나눠서 스피킹 해야되고 심지어 마지막 과제는 영어로 발표하기였어요. 과제는 대부분 영어로 이야기나 동화를 쓰는 거에요. 채점 기준은 동화의 창의성, 문학적 표현 사용 등 인데 문학이다 보니 기준 자체가 너무 주관적이고 모호해요. 또 교수님이 채점을 깐깐하게 하시고 점수를 잘 깎으세요."
대학영어 2: 글쓰기,Linda Yoon,21,Spring,4.0,수업은 열심히 준비하십니다. 하지만 진짜 비율대로 잘라서 주셔서 과제에 약한 분들은 저처럼 학점을 잘 받기 어려울 수도 있어요
대학영어 2: 글쓰기,Linda Yoon,20,Fall,5.0,"어차피 들어야 하는 대영! 거기다 소설 창작에 관심이 있으시다-? 이 수업을 들으셔야 합니다.
교수님이 아주 친절 뽀짝하시고 학우 분들과의 소회의실도 너무 즐거워서 수업 내내 한 번도 지루했던 적이 없었어요. 수업시간에는 말할 기회가 많아서 영어 스피킹 실력의 감퇴를 우려하시는 분들께도 도움이 될 듯!"
대학영어 2: 글쓰기,Linda Yoon,20,Fall,5.0,"말하기가 싫어서 글쓰기를 선택했는데 말을 상당히 많이 시키세요 과제도 꽤 많은것 같습니다ㅠ 시간을 맞춰서 꼬박꼬박 내야하는 것들이 많아서 자칫 점수가 잘 까일 수도 있어요 글쓰기 수업인데 마지막에 발표까지 시키셔서ㅠㅠ 솔직히 로드가 꽤 있는 수업이에요

그럼에도 5점인 이유는 교수님이 너무 좋으십니다!!!! 정말 열정 넘치시고 학생들과 즐거운 수업을 만들어 나가려고 진심을 다하시는 모습이 정말 너무 좋았습니다! 과제는 좀 힘들었지만 그럼에도 수업시간이 나름 즐겁고 에너지 넘쳐서 약간 힐링이었어요ㅠㅠ 강계에는 절평 기준이 아주 깐깐하게 나와있었는데 융통성 있게 학점 잘 주세요!! 계획서 기준으로 A-정도 성적이었을것 같은데 쁠 받았습니다ㅎㅎ 성적이나 첨삭 결과도 중간중간 알려주시고 반 등수도 한번 알려주셔서 제 위치를 가늠할수 있어 좋았어요"
대학영어 2: 글쓰기,Linda Yoon,20,Fall,5.0,"과제랑 조모임은 적당히 있는편
처음에 쓴 글을 계속 수정, 보완해서 끝까지 쓰기때문에 처음에 이야기주제를 잘 잡으면 좋을듯
교수님의 열정적인 모습이 정말 좋았음"
대학영어 2: 글쓰기,Linda Yoon,20,Fall,3.0,강의평이 전부 좋길래 수강했으나 개인적으로 저는 조금 힘들었던 강의입니다. 학점 잘 받으려면 엄청 열심히 하셔야 할 것.
대학영어 2: 글쓰기,Linda Yoon,19,Fall,5.0,"교수님이 굉장히 밝으셔서 지루하게 느껴지는 틈은 없고, 수업 영어 수업이다 보니 한국어가 금지되긴 하지만, 학생들 수준 고려해서 단어 선택하시는 게 느껴졌습니다. 편하게 들을 수 있는 수업입니다. 출석을 게임 형식으로 부르십니다. 첫날 출석은 끝말잇기, 다음날은 좋아하는 색 말하기... 수업시간 내에는 사실상 말하기를 글짓기보다 더 많이 하는데, 말하기 부담스러워 하시는 분이라도 충분히 참여하실만한 말하기를 요하는 수업입니다. 굉장히 열려있어요

객관적으로 로드가 없는 건 아니지만 대영 치고 확실히 적은 편인 듯합니다. 대략 읽기자료 읽기, 중간고사, 3개의 초안, 3개의 완성문, 최종 발표로 나뉘었던 걸로 기억하는데 중간고사는 시험 당일 아침에 Rubric 30분만 보고 가면 됩니다. 또 초안-완성문-최종발표가 따로 노는 게 아니라 다 연속되는 과정이라, 체감하기에는 로드가 훨씬 적었습니다. 분량도 많지 않고요. 발표는 완성문 바탕으로 발표문 써서 준비만 하시면 되고, 완성문은 초안 조금만 다듬으시면 되고, 초안은 나눠주신 자료에서 아이디어를 착안하는 식으로 진행되어서 머리 아플 일 거의 없었습니다.

또 아시다시피 대영은 절평 과목이라 97부터 100까지 A+, 93부터 96까지 A0 이런 식으로 객관적인 점수로 평점이 정해지는데, 여기 융통성 있게 넘겨주시는 것 같습니다. 채점 기준도 굉장히 너그러우신 거 같아요. 점수에 있어서 가장 큰 부분은 아마 토론 참여인 거 같은데, 의견 열심히 말하면 좋은 점수 주시는 듯하니 토론 열심히 하는 게 중요할 것 같습니다. 대신 죽어도 입 여는 건 싫다하시는 분은 다른 수업 찾으시는 걸 추천합니다.

대영2 수강 대상자라면 진짜 좋은 강의입니다. 존버하면 빛 보는 수업ㅇㅇ 유일한 단점은 아침 9시 반 수업이었다는 거..?"
대학영어 2: 글쓰기,Linda Yoon,19,Fall,5.0,"우선 교수님이 매우 활발하고 친절하십니다~ 질문에 대한 답도 잘 해주시구요 ㅎㅎ 픽션 쓰기가 주제이다 보니 대본, 산문, 시를 중심으로 이론과 방법을 설명해주십니다. 과제가 여러 번 있어서 각 비율이 엄청 높지 않아요! 그래서 열심히 참여한다면 좋은 성적 받을 수 있을 거라고 생각합니다~ 조별과제는 없지만 조별 활동이 잦은 편이라 적극적으로 의견을 낼 수 있다면 본인에게 도움이 될 거라고 봐용!!"
대학영어 2: 글쓰기,Linda Yoon,19,Spring,5.0,"과제가 저는 보통이라고 느꼈는데 개인 차가 있을 것 같아요. 짧은 작문 3개, 긴 작문 1개를 각각 1,2차 두번씩 제출 했어요. (2차 때는 살짝 수정만 해서) 기말은 발표로 대신했고요. 중간에 꼬리표도 주시고 글은 항상 1차 제출해서 첨삭 받은 다음에 제출하기 때문에 점수 관리하기 좋아요. 그리고 이번에 절평 전환된 상태에서 꼬리표 상으로 제 성적이 높아봐야 A - 였는데 A+ 주신 거 보면 학점느님이심 bb 교수님 텐션만 따라갈 수 있으면 추천"
대학영어 2: 글쓰기,Linda Yoon,17,Spring,5.0,"일단 교수님이 매우 착하고 친절하십니다 숙제는 내주시긴 하나 검사를 안 하십니다 중간 기말고사를 보긴 하지만 반영 비율도 미미하고 전날 한시간만 공부해도 됩니다 다만 세 문단 글쓰기, 연구 제안서 쓰기, 연구 토대로 한 에세이 쓰기가 있는데 이게 조금 빡셉니다 그래도 형식만 잘 지키면 점수는 잘 줍니다"
대학영어 2: 글쓰기,Robin Anderson,22,Spring,3.0,과제의 기준을 미리 알려주시고 수업도 꼼꼼히 하시기 때문에 점수받기 그리 어렵진 않습니다. 하라는 대로 잘 따라가기만 하면 좋은 점수 받을 수 있어요.
대학영어 2: 글쓰기,Robin Anderson,22,Spring,4.0,"시험 없고 큰 과제는 두 번. 과제1 초안, 과제1 최종본, 과제2 초안1, 과제2 초안2, 과제2 최종본, 과제2 발표 이런식이었음. 교수님이 우리한테 최대한 많은 것을 최대한 쉽게 전달하려고 노력하는게 느껴지고, 과제에 대한 질문을 해도 정말 친절하게 답해주심
과제도 평가 기준을 미리 알려줘서 그거에 맞춰서 글 쓰면 좋은 점수 받을 수 있다"
대학영어 2: 글쓰기,Robin Anderson,22,Spring,1.0,"듣지 마세요 성적 개 깐깐함
그리고 배우는 내용이 없음"
대학영어 2: 글쓰기,Robin Anderson,19,Spring,2.0,교수님의 기준도 잘 모르겠고 시험도 굉장히 지엽적으로 나와서 힘들었음...
대학영어 2: 글쓰기,Robin Anderson,19,Fall,4.0,계절로 들었습니다. 그래서 그런지 과제가 매우 많았습니다. 로드는 에세이 네개와 시험 및 발표입니다. 교수님께서 매우 열정적이시고 많은 걸 알려주려 하십니다. 그래서 그런지 미팅하는 걸 좋아하시는 것 같습니다. 학점은....교수님의 기준이 있는데 그것을 충족하는 게 중요합니다. 그게 외외로 깐깐합니다ㅜ글 잘쓰시고 성실하시면 잘 받으시겠지만 저는 아니라서 ...
대학영어 2: 글쓰기,Robin Anderson,19,Spring,4.0,"1. 면담을 되게 좋아하십니다.  
2. 과제  별로 없고 중간고사 안 봐요. 
3. 대신 기말과제는 단기간에 하려고 들면 헬파티입니다. 글을 미리미리 써두시는 걸 추천드립니다."
대학영어 2: 글쓰기,Robin Anderson,17,Spring,4.0,대영 특성상 과제가 많은 건 어쩔수없지만 과제 난도자체는 부담스럽지는 않았어요 그냥 내기만 하면 점수 만점주는 과제도 있고 메이저 과제는 신경 좀 많이 써야하지만요ㅋㅋ 중간 기말도 한번 정리해주셔서 무난하게 잘볼수닜도 메이저 과제의 경우 면담잡으면 언제든지 봐주십니다!! 피드백이 엄청 디테일해서 좋아요~~열심히하면 A-는 받으실 수 있어요
대학영어 2: 글쓰기,Abigail Joo Young Shin,22,Spring,5.0,"학점은 걍 본인 노력과 기본 재능인듯.
영어를 못해서 높은 점수를 받지는 못했지만
교수님 정말 착하시고 좋았음"
대학영어 2: 글쓰기,Abigail Joo Young Shin,22,Spring,5.0,황비게일! 황비게일! 로드도 적은데 학점도 은근 잘 주시는듯
대학영어 2: 글쓰기,Abigail Joo Young Shin,21,Spring,5.0,시험은 없지만 자잘한 과제들이 있는 편입니다! 다만 그렇게 오래 걸리는 것들은 아니라서 저는 괜찮았습니다. 대신 글쓰기 수업임에도 영어로 말을 해야하는 경우가 있습니다. 그래도 교수님께서 너무 친절하시고 학생들을 배려해주시는 게 눈에 보여서 들을만합니다!! 학점은 글쓰기 과제를 잘해야지 잘 주시는 것 같고 막 퍼주는 건 아니지만 그래도 잘 주시는 편인 것 같습니다.
대학영어 2: 글쓰기,Abigail Joo Young Shin,21,Spring,5.0,"글쓰기 수업이지만 말하는 것도 어느 정도 수업 내용에 포함됩니다. 교수님께서 학생을 지명하셔서 문제에 대한 답을 물으십니다. 중간기말이 없고, 과제나 퀴즈의 횟수는 적지 않은 편입니다. 퀴즈는 영어 문법과 어휘에 관한 시험으로 이번에는 총 5회였는데, 고등 영문법을 정말 잘 아는 상태에서는 어렵지는 않을 수 있지만 치팅을 방지하기 위해 시간을 짧게 주셔서 만만하지도 않습니다. 
교수님께서 매우 친절하시고, 질의응답을 이메일로 받아주시며 아주 빠르고 친절하게 대답해주십니다. 때때로 시험기간에는 녹강을 올려주시는 등, 학생의 편의를 정말 많이 봐 주셔서 종강까지 힘내서 수업 들을 수 있었습니다. 물론 글쓰는 능력을 키우는 데에도 도움이 많이 되었습니다. 
부담이 되는 수업이긴 하지만 그건 다른 수업도 마찬가지일 거라 생각합니다. 그대신 남는 것이 많은 수업입니다. 학점도 주어진 과제 성실히 하면 잘 주십니다."
대학영어 2: 글쓰기,Abigail Joo Young Shin,21,Spring,3.0,대학영아2:말하기 수업인 줄 알았음. 로드 굉장함.
대학영어 2: 글쓰기,Abigail Joo Young Shin,21,Spring,5.0,"성적이 개인적으로 느끼기엔 잘 주시는 것 같습니다. 일단 글쓰기 능력을 향상시키고 싶으면 강추하는 수업입니다. 간결하고 논리적인 글쓰기 역량을 기를 수 있습니다! 까다로운 글쓰기는 2번 정도고 나머지는 정말 간단해요. 다만 개인적으로 퀴즈 난이도가 쉽진 않아서 매번 점수가 좋게 나오진 못했네요 ㅠㅠ (하루 전날에라도 준비하시면 좋을 듯 하나, 시간이 없는 경우 퀴즈 난이도는 꽤 높습니다) 그래도 왜 a0가 나왔지? 싶을 정도의 점수였는데 성적이 생각보다 훨씬 잘나와서 놀랐네요! 그때그때 열심히 하면 반영을 해주시는 것 같기도 합니다. 
그리고 무엇보다 교수님이 친절하고 열정적이셔서 같이 동기부여 되고 좋았습니다 ㅎㅎ 아비게일 쌤 늘 행복하고 건강하시길 바라요"
대학영어 2: 글쓰기,Abigail Joo Young Shin,21,Spring,4.0,로드 엄청남.. 학점은 잘 주시지는 않는듯.. 근데 나름 얻어가는 것도 있는 거 같고 교수님도 좋은 분이셔서  버틸만 하기는 함
대학영어 2: 글쓰기,Abigail Joo Young Shin,20,Spring,5.0,"로드 굉장함
나름 글쓰는 걸 즐긴다면 ㄱㅊ
학점은 후하심"
대학영어 2: 글쓰기,Abigail Joo Young Shin,20,Spring,4.0,"일단 시험이 없는 건 좋지만 솔직히 과제 많습니다... 그런데 막 부담이 될 정도는 아니고 자잘한 과제가 많은 느낌? 기한도 넉넉히 주시고...
근데 교수님이ㅠㅠ 너무 좋아요 스윗하시고 되게 친절하세요ㅠㅠ!!
학점은 솔직히 잘 주는 것 같지는 않고 그냥 열심히 한 만큼 받아가는 것 같아요. 그냥 무난하게 대영2 치울 수 있는 강의입니다~"
대학영어 2: 글쓰기,Abigail Joo Young Shin,19,Spring,5.0,"제가 1학기 때 들었던 강의들 중에서 유일하게 즐겁게 들었던 강의입니당! 저는 원래 글에 쓸데없는 수식어를 많이 사용하는 편이라 교수님께서 수업에서 가르치고자 하는 바와는 완전 반대의 스타일이었습니다,,그래서 늘 글쓰기 숙제를 할 때 이런 점을 신경쓰는게 무척 힘들었지만 교수님께서 늘 신경써서 글을 봐주시고 문법적인 부분도 정말 기초부터 배우기 때문에 수업의 목표를 따라갈 수 있었습니다! 과제가 조금 많긴 하지만 절대평가라 부담도 없고 퀴즈는 그 전날 공부하면 되는 수준입니다! 정말 좋은 강의이니까 대영 글쓰기는 꼭 이 교수님 수업을 들으세요!!"
대학영어 2: 글쓰기,Abigail Joo Young Shin,19,Spring,3.0,"로드 정말 많고 퀴즈도 자주 보고 과제도 많아요....
하지만 교수님은 천사 그 자체......아비게일 교수님 감사합니다."
대학영어 2: 글쓰기,Abigail Joo Young Shin,19,Spring,4.0,로드 진짜 많음..ㅎㅎㅎ 퀴즈 저널 팀플 에세이 등등..글쓰기지만 말하기가 많고 팀플로 에세이 쓰고 그걸 피피티로 발표하는 로드도 있음. 말하기  절대 싫어! 하는 분들은 다른 교수님께 가시요. 그치만 교수님 너모 착하시고 로드는 많지만 그만큼 배울점도 많았음. 공식적인 영어 글쓰기 포맷을 안다는 게 큰 도움이 될 것 같음. 너무 유익했고 절평이라 난 차라리 나았음. 에이쁠받고 갑니다 에비게일 교수님 사랑해요♡
대학영어 2: 글쓰기,Abigail Joo Young Shin,19,Spring,4.0,로드가 제일 빡센 수업임ㅇㅇ 매 수업 시작할 때 짧은journal한편씩 쓰고 조원들이랑 나누는데 나중에 학기말에 걷어서 한번에 검사하심. 문법 관련 퀴즈 5개정도 보는데 어렵지 않아서 대부분 한 두문제 정도밖에 안틀림. 짧은 paragraph쓰는 과제 5개정도랑 1000단어짜리 essay 쓰는 것도 있음. 팀플은 조원들이랑 같이 1000단어짜리 글쓰고 발표하는 거 있음. 중간기말은 없음. 출석은 따로 안부르시는데 워낙 작은 강의라 그냥 수업시작할때 체크하시는 것 같음. 과제많은데 교수님이 진짜 천사셔서 할만한 수업이었음.
대학영어 2: 글쓰기,Abigail Joo Young Shin,18,Spring,4.0,"1학기 들은 강의 중 로드가 제일 많았다. 보고서처럼 굵직굵직한 건 거의 없는데, 과제가 좀 자잘하게 많아서 귀찮다. 나는 분명 글쓰기를 택했는데 생각보다 말을 해야 하는 경우가 좀 많다. 문법 하나하나 꼼꼼히 채점하셔서 문법을 잘 못하는 나 같은 인간에겐 너무 힘들었다. 그러나 교수님이 하늘에서 내려온 천사 같으셔서 버텼다. 학생들 생각을 굉장히 많이 해 주신다. 귀여우시다ㅜㅜㅠㅠㅠㅠㅠㅠㅠㅠㅠㅠㅠ 인간적으로 너무 좋으신 분..... 사랑해요.... 성적은 비율 꽉꽉 맞춰주신다. 쁠몰은 아닌 듯."
대학영어 2: 글쓰기,Abigail Joo Young Shin,18,Spring,5.0,"교수님 성격 정말 좋으십니다... 로드가 다른 글쓰기나 말하기에 비해서 많은 편이지만 초고에서 고치라시는 거 잘 고치고 좀 만 문법 신경쓰면 점수 잘 주십니다. 또 글쓰기 수업인데 발표과제도 있고, 수업 중간중간에도 학생들의 의견을 많이 물어보십니다. 말하기에 자신 없어서 글쓰기를 선택한 분은 좀 힘들 수도,,, 그래도 말할 때 단어 위주로 띄엄띄엄 말해도 교수님이 잘 이해해주십니다. 자신감만 가지면 될 듯! 퀴즈는 많으면 일주일에 한 번이었는데 큰 변별력이 없었습니다. 글쓰기를 잘 해야할 듯 하네요. 개인적으로 영어를 못해서 양학당할 줄 알았는데 에이쁠 개이득. 열심히 하면 정말 도움 많이 됩니다."
대학영어 2: 글쓰기,Nick Clements,23,Spring,2.0,매시간 조별로 영어만 써서 서로 의견 공유하는 시간이 주어집니다. 초반에는 간단한 교재 과제가 나갑니다. 중간중간 글쓰기 과제가 있고 나중에는 직접 과학적 연구를 해서 최종 보고서를 써야 합니다. 발표는 없습니다. 중간 기말 봅니다. 내용적으로 유익하긴 했지만 조별 토의가 힘들었습니다. 교수님은 좋으십니다. 암튼 영어로 빡센 대글을 듣는 느낌입니다.
대학영어 2: 글쓰기,Nick Clements,23,Spring,4.0,"대학 영어 글쓰기의 목적에 충실하다고 생각한 강의.
글쓰는 방법에서 얻어가는 게 많았어요
로드는 매우 많지만 어차피 교양 치울 거 이정도야 뭐 버틴다는 마인드로 했어요"
대학영어 2: 글쓰기,Nick Clements,23,Fall,1.0,0이 없어서 아쉬워요. 과제 많고 엄청 깐깐하심. 아직 성적 못 받았는데 정말 별로에요
대학영어 2: 글쓰기,Nick Clements,23,Spring,2.0,로드가 굉장히 많구요 그게 다 성적에 들어가다 보니까 신경이 많이 쓰이는 수업입니다. 중간고사/기말고사는 그냥 찝어주신 것만 공부하면 어느 정도 잘 볼 수 있습니다. 근데 기말보고서가 좀 많이 빡세요..실험도 직접 해야하고 2000단어이상 써야하는..덕분에 종강이 2주나 늦어졌습니다 피할 수 있으면 피하세요
대학영어 2: 글쓰기,Nick Clements,23,Spring,4.0,"얻어가는 것은 많지만 학점을 잘 받고 싶다면 피해야 할 강의
로드 많음
팀플 많음, 단 수업시간 내에서 토의하는 정도
시험…어렵진 않지만 쉽냐면 그것도 아님
무엇보다..종강 너무 늦음 성적 컴플레인 안받음
그래도 뭔가 얻어가고 싶다면 추천"
대학영어 2: 글쓰기,Nick Clements,22,Fall,5.0,"교앙 과목중에서는 가장 도움이 되었다고 느낀 강의
과학/공학 전공 학생들의 영어논문 작성 프로그램인 만큼, 대학원 준비할 생각 없다면 로드가 힘들다고 느낄 수 있을 것 같지만, 대학원 진학 생각있다면 꽤 괜찮음

시험 어렵지 않고, 학기말에 영어 논문 짧게 하나 써야하는데, 강의 특성상 1학년이 듣기에는 무리이고 고학년이면 큰 어려움없이 잘 하는듯 함

소수 수업이라서 교수님이 학생 이름을 다 외움"
대학영어 2: 글쓰기,Nick Clements,21,Spring,1.0,"로드도 많고 학점도 잘 안주신다는 말씀에 동의합니다.
모든 과제 다 제출했고(수업시간에 모든 과제는 제대로 해서 제출하면 무조건 만점 부여한다고 말씀하심)
성적 부여되는 중간중간 시험들도 열심히 썼고
최종레포트도 7페이지 넘게 써서 냈었는데
마지막의 마지막까지 학점 공개 안하시다가 마지막날 B+주시고는 성적에 대한 문의메일에는 답변조차 안하셨네요
되도록이면 피하십쇼.."
대학영어 2: 글쓰기,Nick Clements,21,Spring,3.0,로드도 엄청 많고 학점도 잘 안 주심. 마지막에는 직접 연구하고 레포트를 써야 함. 사람들 앞에서 영어로 발표하는거 싫어서 글쓰기 수업 수강했는데 매시간 조별로 토론하고 발표함. 과제도 매 수업시간마다 있음. 말하기와 글쓰기의 빡센점들을 모아놓은 느낌. 그래도 빡센만큼 얻어가는 것은 비교적 많지 않았을까 싶긴 함(학점 빼고)
대학영어 2: 글쓰기,Nick Clements,20,Fall,5.0,로드는 2학점치고 많은 편이었음 어려운 거는 아니었는데 초반에 거의 매일 로드가 나왔었음. 사실 이거보다는 리포트 하나 쓰는게 있었는데 자유주제고 한 영문 1800자? 넘게 써오라고 했던 것 같음. 그리고 수업은 시작하자마자 직접 호명함. 출결은 처음부터 끝까지 좀 빡세게 불렀음.  초반에는 기초 영문법 배움 어려운 수준은 아님. 이때 로드가 거의 매일 나온듯. 중반 넘어가면 리포트 쓰는 법 배우면서 리포트 작성하는게 로드였음. 그리고 기말시험 치고 리포트 마무리해서 제출함. 기말시험은 쉬운 편은 아니었음. 시간이 부족했음. 난 족보 못 구했지만 구하는게 좋을듯. 절평이고 열심히 하니까 성적은 잘 주셨는데 비대면이라 다른 친구들과 비교는 못하겠음 그래서 학점 비율은 잘 모르겠는데 수업에 열심히 참여하고 리포트 열심히 쓰면 교수님도 아심. 그래서 열심히 했는데 성적 안 나올 걱정은 안 해도 될듯함. 나 영어 잘 못하는데 에쁠 주심.
대학영어 2: 글쓰기,Nick Clements,20,Spring,4.0,"일단 로드는 무지 많아요. 그리고 과학글쓰기라는거!! 주의하세요. paragraph쓰기랑 research 쓰기에 대해서 단계별로 배우는데, 맨 나중 되면 과학논문도 영어로 써야하고 그래요.
그래도 교수님 귀여우시고 친절하세요! 저는 이과라서 수업 편하게 들었었고, 다시 신청해도 이거 할 것 같아요! 또 제가 쓴 영어 문장에서 뭐가 어색한 표현인지 피드백해주시는 것도 좋았고요 ㅎㅎ
과학논문 간단한 주제여도 괜찮으니까 관심있으시면 해보세요"
대학영어 2: 글쓰기,Nick Clements,18,Fall,5.0,부담은 없진 않지만 이게 대학 수업이지 싶은 수업방식입니다. 영어밖에 안쓰는 환경이라 너무 유익하고 즐거운 한학기였습니다!
대학영어 2: 글쓰기,임정인,23,Spring,4.0,친절하시고 신경을 많이 써주십니다. 밑에 평대로 크게 배우는 것은 없으나 이는 글쓰기 수업이라면 피할 수 없는 문제라고 생각합니다. 어찌 되었든 글쓰기는 본인 생각을 잘 표현하는 행위이니까요.
대학영어 2: 글쓰기,임정인,22,Fall,3.0,고수님 수업 밀도가 너무 낮습니다. 같은 얘기 반복하시면서 수업 시간을 기어이 꽉 채우십니다. 성적도 그리 잘 주시지는 않는 것 같아요. 하라는 것 다 챙기고 에마 받아갑니다.
대학영어 2: 글쓰기,임정인,22,Fall,1.0,대학 와서 들은 강의 중 제일 채점 기준이 이해가 안되는 수업이었습니다
대학영어 2: 글쓰기,임정인,22,Fall,5.0,"졸업학기라 진짜 개대충 듣고 보고서 적었는데 에마....
교수님 사랑해요. 근데 자잘한 과제들과 peer review는 짜증나요."
대학영어 2: 글쓰기,임정인,22,Fall,5.0,"이번학기는 딱히 말 많이 안했던 것 같아서 좋았고, 피드백이 최종 에세이빼곤 학우님들하고만 이뤄져서 거의 혼자 꼼꼼히 수정했어야 하긴 합니다. 최종 에세이의 경우 교수님 개인 피드백 시간이 짧지만 글 구조를 체계적으로 잘 봐주셔서 좋았고 교수님 친절하셔서 좋았습니다. 문의도 한국어로 할 수 있어서 편했구요. 개인적으로 영어에 자신 없어서 정말 걱정했는데(기영 출신입니다..) 그만큼 수업에서 에세이 유의사항 잘 받아적고 최대한 공들여서 썼고, 학점은 생각한것보다 굉장히 잘나와서 정말 만족합니다."
대학영어 2: 글쓰기,임정인,22,Spring,1.0,"수업 내용 별로
성적은 더 별로 
글쓰기지만 말하기보다 말 많이 시킴 ㅋㅋ"
대학영어 2: 글쓰기,임정인,22,Fall,5.0,교수님 엄청 좋으세요 전 영어 잘 못하는데도 엄청 도와주시려고 하고 더듬더듬 말해도 잘 기다려주십니다
대학영어 2: 글쓰기,임정인,22,Spring,1.0,? 수강평과 달리 학점 깐깐하게 주심ㅜ 쁠몰도 아니신듯? 그리고 문학에 관련된 거 많이 하고 자잘한 과제&수업 참여가 좀 많음 꿀강이라도 들었는데 꿀은 다 빠진듯ㅠㅠㅠ
대학영어 2: 글쓰기,임정인,22,Spring,2.0,"일단 확실한건 이 강의로 영어글쓰기 능력이 향상되는것 같진 않습니다. 그런데 성적도...그닥 잘 주시는 편은 아닌듯
학생간 피드백을 굉장히 많이 하는데 하면서 도움된건 딱히 없는거 같네요"
대학영어 2: 글쓰기,임정인,21,Fall,1.0,성적을 매우 깐깐하게 주시는 듯. 평점이 높아서 기대했는데 글쓰기 피드백도 그렇고 개인적으로 별로였음.
대학영어 2: 글쓰기,임정인,21,Fall,4.0,"우선 영어 수업이고 대부분 영어로 진행되지만 한국인 교수님이라 심적으로 편했던 것 같습니다! 하지만 영어 에세이를 거의 써보지 않은 학생이 이 수업만으로 좋은 에세이를 쓰기에는 조금 무리가 있지 않나 싶습니다.

수업에서는 에세이의 전체적인 구조 및 형식(MLA mechanics), 문법에 대해서 많이 다룹니다. 그래서, 단어나 문장 수준에서 명료하고 정확한 글을 쓰려면 개인의 노력이 많이 필요하다고 생각합니다. 과제는 짧은 에세이 세 편과 최종 에세이 한 편, 그리고 동료 평가(피드백) 정도입니다. 시험은 없었습니다.

교수님이 과제를 시간에 맞춰 제출하시는 것을 매우 강조하시므로 에세이만큼은 절대 늦으면 안 됩니다. Zoom으로 진행하는 동안 카메라와 마이크를 항상 키게끔 하셨습니다. 수업을 들으면서 grammarly와 thesaurus의 도움을 많이 받았는데, 잘 활용하시면 충분히 좋은 성적 받을 수 있다고 생각합니다."
대학영어 2: 글쓰기,임정인,21,Fall,1.0,글을 쓸 때 처음 알려주는게 중요한데 초반내용은 빈약하고 글을 써놓고 너무 비슷한 과정을 계속해서 반복함. 강의평이 되게 좋았는데 그거에 비해서는 실망스러웠음. 최악인 대영을 들어봤어서 그거에 비해서는 괜찮았지만 성적은 매우 깐깐
대학영어 2: 글쓰기,임정인,21,Fall,1.0,최악.. 이게 왜 학점느님인지 모르겠고.. 피드백도 별로고 성적 산출 기준도 별로..
대학영어 2: 글쓰기,임정인,20,Fall,5.0,재미있는 수업입니다. 발표도 그렇고 교과서 푸는 것도 옛날 생각나고 좋았어요.
대학영어 2: 글쓰기,임정인,20,Fall,5.0,완전 생각외로 좋았어요 말하기도 유명하신듯하니 뭐 대영2들으실거면 강추합니다
대학영어 2: 글쓰기,임정인,20,Fall,5.0,왜 대영2가 나왔는지 이해가 잘 안되는 편이어서 걱정이 많았는데 훌훌 다 털어낼 수 있는 수업이었습니다.사실 영어로 말한다는 게 제게는 너무 부담스러운 일이었는데 부담 느낄 새도 없이 한 학기가 지나갔습니다.단지 조모임이 거의 매시간마다 있는 것 같긴 하지만 이건 영어 수업이라면 어쩔 수 없는 것 같고요!(어색하다가도 점점 나아지는 모습을 볼 수 있답니다)그렇게 학점이 중요하진 않아서 과제와 출결만 열심히 했는데도 에마 받았습니다.임정인 교수님 감사했습니다~다들 이 수업 들으세요
대학영어 2: 글쓰기,임정인,20,Fall,5.0,"필교라서 아무 생각없이 신청했는데 너무 좋았던 수업..영어로 글쓸 때 필요한 기본적인 것들을 잘 알려주시고 그걸 과제에 적용시키는 연습을 하면서 배워가는 게 많은 것 같아요 수업은 영어로 진행되지만 한국인 교수님이셔서 필요할 때는 답답하지 않게 소통할 수 있었고 제가 자잘하고 귀찮으실 법한 질문 많이 했는데 다 친절히 답해주셨어요ㅠ과제는 딱 교수님 커리큘럼 그대로 따라가면서 내라는 것만 내면 되는데(paragraph 3개 기말 에세이 1개) 중간중간 수정본,  다른 학우분들 글 리뷰도 작성해야해서 자잘하게 할 게 있다는 느낌은 들었어요 그치만 어차피 대영 들으려면 해야하는 것들이고..혼자 맘 먹고 수정하는 방식보다 차라리 완성도 면에서도 힘든 정도 면에서도 더 나은 것 같아요 학점도 진짜 잘 주시구.. 어차피 들어야하는 과목이라면 꼭꼭 이 교수님 수업 추천합니당!"
대학영어 2: 글쓰기,임정인,20,Fall,5.0,"너무 좋았어요~! 중간, 기말 없는 것도 그렇고 수업 일정도 체계화된 느낌? 솔직히 성적은 조금 자신이 없었는데 하라는 대로만 했더니 에이쁠주셨습니다 교수님 최고!"
대학영어 2: 글쓰기,임정인,20,Fall,5.0,꼭 들으세요. 필수적인 내용 잘 알려주시고 학생들 과제 진도 배려해주셔서 촉박하지 않게 과제 제출할 수 있었습니다. 수업에서 배운 점도 많았고요. 교수님께서 인간적이신 점이 가장 좋았습니다.
대학영어 2: 글쓰기,임정인,18,Fall,5.0,"예상 외로 좋았던 수업.. 교수님도 스윗하시고 아래 강의평에 공감ㅋㅋㅋㅋㅋ 한국어 하시는 게 너무 좋음ㅋㅋㅋㅋㅋㅋ
로드는 paragraph 한 문단씩 3개 작성 / final essay 작성 / 중간,기말시험 있고 시험은 수업 내용과 교과서 자료 그대로 나옴 글 작성하는 것도 여러번 수정하는 과정 거치기 때문에 부담 없음 다만 교수님의 직접 코멘트는 없고 peer feedback이라 짝에 따라 케바케인듯 파이널 에세이는 교수님 직접 코멘트, 면담 함
출석도 몇번 빠졌는데 에쁠 주셔서 너무 놀랐음 교수님도 다정하시고 조곤조곤 말씀 잘해주십니다"
대학영어 2: 글쓰기,임정인,18,Fall,4.0,출석 처음에는 다 부르시는데 나중에는 어차피 다들 결석 안해서 안 부르심. 과제는 일주일에 한 두번으로 거의 매번 있음. 근데 피드백은 없음. 과제는 final draft 낼 때 이전 것까지 합쳐서 냄. First나 second draft는 가져가야 하지만 의미없을 때도 있고 peer review할 때도 있음. 짝이 좋아야 내 글도 좋아짐. 기말 레포트는 상당히 오랜 기간 씀. 교수님이 도와주시는 건 더 좋은 문장을 쓰는 법이고 내용은 하나도 안 건드리심. 솔직히 주제를 좀 잘못(너무 쉽게) 잡아서 할 얘기가 별로 없었고 어려운 것도 없었음. 매번 교수님한테 따로 질문하시는 분들 계셨는데 난 하나도 안함. 교수님과 개인면담 때도 질문 안함... 중간도 쉽고 기말도 쉬움. 그래서 중간 점수 나와도 감 안 잡히고 중간에 몇몇 과제들 점수 알려주시는데 평균 그런 거 안 알려주셔서 감 하나도 안 잡힘. 근데 에이제로 떠서 너무 좋음. 나중에 몇몇 분들 결석하셔서 그런 것도 있는 듯. 내 스스로 내 글에 한계를 너무 잘 알고 다른 분들 잘 쓴다고 느꼈는데 기한 맞춰서 잘 내고 종이 잘 모아두고 있고 하면 될 듯. 너무 처음부터 잘 쓰려 하다가 스트레스 받았는데 그러면 어차피 다음에 고칠 것도 없음. 적당히 쓰세용. 교수님 영어랑 한국어 목소리랑 액센트 다르셔서 너무 흥미로움. 난 개인적으로 한국어 액센트가 더 좋으셔서 한국어 듣고 싶었음. ㅋㅋㅋㅋㅋㅋㅋㅋㅋㅋㅋㅋ
대학영어 2: 글쓰기,Dylan Williams,22,Fall,4.0,자잘한 조모인이 매번 있지만 대영의 특성상 어쩔 수 없는 것 같고 교수님은 굉장히 친절하시고 질문에 답도 잘 해주십니다! 점수는 절평이긴 하지만 아주 너그러우시진 않은 것 같아요.. 그래도 열심히 하면 a0는 받을 수 있다고 생각합니당
대학영어 2: 글쓰기,Dylan Williams,22,Fall,4.0,"조와용
근데 성적이 칼입니다 ㅠㅠ(드랍 미포함)"
대학영어 2: 글쓰기,Dylan Williams,22,Fall,5.0,"최종성적 97.3으로 에이쁠 받았습니다! 사실 말하는 거 별로 안 좋아하고 내향적이라 .. 말하기 들으면 힘들 것 같아서 글쓰기를 들었는데 매 수업 말해야 하는 수업이었어서 쪼금 부담스러웠어요ㅠㅠ ㅎ 다른 분들이 다들 잘하셔서 ㅎㅎㅎ 그래도 수업에서 얻은 게 많아서 좋았습니당 성적은 자잘한 과제들이랑 퀴즈 한번, paragraph나 essay 총 4번, 기말고사 이렇게 해서 받는데 글쓰기 비중이 커요! 저는 매번 새벽까지 열심히 써서 내서 좋은 성적 받은 것 같아요~!  피드백도 잘 해주시니까 피드백 잘 반영해서 내면 돼요 ㅎㅎ 생각보다 절평 에쁠 컷 97을 넘기는 게 빡빡해서 열심히 하셔야 좋은 성적 받아요..ㅠ 그리고 공지 보니까 50% 이상 에이권을 주지 말라는 지침 때문에 절평 등급 상 에이권이어도 비플을 받은 분들도 계신 것 같아요 참고하세요ㅠㅠ 매시간 책 풀어가거나 글 써가는 과제가 있어서 조금 바쁘긴 했는데 그래도 열정 넘치시고 귀여우시고 항상 친절하게 답해주시는 짱짱 dylan 교수님 수업 들으세요!!  🤍🤍"
대학영어 2: 글쓰기,Dylan Williams,22,Fall,5.0,절대평가로 진행되기 때문에 본인이 하는민큼 받아가는 과목입니다! 근데 컷이 쪼금 빡세요오....(A+기준 97점 이상) 과제가 좀 많고 매번 해가야 하는 짜잘한 과제들이 있습니다. 바쁘신 분들한테는 비추해요...!! 하지만 교수님이 너무 친절하시고 착하시고....학점 걱정 따위는 DYLAN 교수님의 CUTE함을 이길 수 없습니다...!!! 항상 친절하게 대해주시고 과제 피드백도 꼼꼼히 해주십니다!! 최종 점수 96점으로 A0 챙겨갑니당. 사랑해요 딜런프로페서❤️
대학영어 2: 글쓰기,Dylan Williams,22,Spring,5.0,"우선 매시간 수업 후 다음시간까지 준비해야하는 것과 과제가 무엇인지와 과제의 기한, 분량, 조건 등등을 꼼꼼히 정리해서 올려주신 덕분에 헷갈릴 여지가 없었던 것이 너무 좋았습니다. 교수님 본인도 친절하고 매력있으셨습니다. 
강의를 통해 개념상으로 얻어가는 건 크게 기대하면 안될것 같은데 대신 자료를 풍부하게 올려주시기 때문에 필요에 따라 스스로 읽어보기 좋다고 생각합니다. 영어로 학술적 에세이 쓰는 실력은 훨씬 좋아졌습니다.
그리고 매시간 영어로 토론을 해야하는건 약간 고역이었지만 개인적으로는 회화 면에서 도움이 되었다고 생각합니다.(사전과 파파고의 도움 받는걸 부끄러워하지 않음)
아무튼 힘이 안 드는 강의는 아니지만 대영강의로 듣기 후회없는 선택이었습니다^,^"
대학영어 2: 글쓰기,Dylan Williams,22,Spring,5.0,"모든 대영이 그렇듯 널널한 강의는 아닙니다
하지만 다른 대영강의에 비해서 조별모임이 적은 편입니다
과제만 제때 제출하시고 지각하지 않으면 무난하게 성적 받아갈 수 있습니다"
대학영어 2: 글쓰기,Dylan Williams,21,Fall,4.0,"여러분은 수업 늦지 마세요… 출석 많이 깎이면 억울합니다 정말루ㅜㅜㅜ 왜냐, 학점을 정말 칼같이 자르시거든요 하지만 전 강의평가 마지막에 i love you professor 썼습니다. 학점 따윈 교수님의 cute함 을 막을 수 없기 때문입니다."
대학영어 2: 글쓰기,Dylan Williams,21,Fall,4.0,"일단 교수님이 수업에 대한 열정이 넘치십니다! 수업 항상 열심히 성실하게 준비해오시고, 질문하는 것도 다 친절하게 답변해주셔서 정말 영어 실력 향상에 큰 도움이 돼요
그렇지만 그만큼 자잘하게 해야할 게 많고 수업도 매번 조모임이 있어서 조금 부담이 될 수 있습니다ㅠ 그리고 성적도 되게 세세하게 평가하시는 부분도 부담될 수 있습니다ㅠ
그냥 딱 항상 열심히 참여하면 그만큼 실력도 제대로 쌓고 성적도 잘 받을 수 있는 수업인 것 같아요!"
대학영어 2: 글쓰기,Dylan Williams,21,Fall,5.0,교수님이 친절하십니다. 자잘한 과제가 많아서 조금 부담도 됐지만 그 과제들이 paragraph나 essay 쓸때 도움이 되어서 괜찮았어요. 영어 자신감이 별로 없었는데 이 수업 듣고 아주 조금이나마 생긴 것 같습니다! 구글 클래스룸을 체계적으로 활용하신 부분도 좋았어요. 자잘한 과제 성실히 따라갈 자신이 있으시다면 추천합니다!
대학영어 2: 글쓰기,Dylan Williams,21,Fall,5.0,"딜란 교수님의 인품은 밑에 적힌대로 꿀벌마카롱다람쥐천사입니다. 버벅대는 학생들의 말도 끝까지 잘 들어주시고 Paragraph들과 Essay들을 세심하게 피드백해주시는 딜란 교수님은 그야말로 에인절 그 자체입니다. 다만 대영1 때처럼 자잘한 과제 아닌 숙제들(교재 미리 풀어오거나 topic sentence를 google classroom에 올리고 하는 것들)이 있다는 것이 학기 중에 약간 부담스러웠던 것 같아요. 많은 공을 들여야 하는 부분은 Paragraph들과 Essay들인데, 그래도 초안 때 많은 시간을 들이면 feedback 받고 나서도 수정하는 데 그다지 어려움은 없을 거예요.
수업을 통해서 얻어가는 건 꽤 많은 것 같습니다. academic tone으로 글을 쓰는 방법 같은 것도 조금씩 익힐 수 있도록 교수님께서 지속적으로 피드백을 해주시고, 수업만 잘 따라가면 경우에 따라(Narrative, Descriptive, Persuasive, Research) 어떤 식으로 글을 구성해야 하는지 어느 정도 이해할 수 있게 됩니다. 무엇보다도 백미는 Essay 작성에 있는데 APA/MLA 스타일로 citation 하는 방법도 배울 수 있어서 개인적으로는 좋았습니다...! 수업 구성이 매우 풍부하다고 할까요.
다만 대영1 때도 그리했던 것처럼 학점 인플레이션을 막기 위해 수강생 중 50%에게만 A학점을 선사하십니다. 다행이게도 이번에는 썰려버리지는 않았지만 칼처럼 베어버리시는 교수님의 학점 컷을 감당할 수 있다면,,, 그리고 내가 영어 글쓰기에 대해 많은 것들을 배우고 싶고 자신이 있다면,,, 추천합니다,,,!"
대학영어 2: 글쓰기,Dylan Williams,20,Fall,5.0,"수업을 열정적으로 진행하시며, 온라인 수업의 경우 굉장히 잘 구성되고 준비된 수업을 느끼실 수 있습니다. 이에 과제도 적지 않은 분량으로 주어지니 강의계획서를 꼭 확인하시길 추천합니다. 모든 글쓰기 과제에 있어 교수님이 첨삭 + 조언하는 5-10분 내외의 동영상을 모든 학생 개개인별로 만들어서 주셨던 기억이 납니다. 영어 글쓰기가 가진 오묘한 부분들을 잘 얻어갈 수 있는 수업입니다. 다만 로드는 적지 않음에 주의하셔야 합니다. 학점은 비율채워줌~학점느님의 중간정도 되시는 것 같은데, A비율 50% 미만 원칙은 준수하시지만, 각 letter grade내에서 쁠제마는 쁠이 많은 비중을 차지하도록 널럴하게 주시는 것 같습니다. 교수님 인품도 좋으십니다!"
대학영어 2: 글쓰기,Dylan Williams,21,Spring,5.0,학점을 정말 칼같이 잘라 주시긴 했는데 교수님이 정말 천사라서 불만 ..? 그런거 없습니다. 더 열심히 하지 않은 제 잘못인 것이 분명합니다... 교수님 정말 스윗하시고 꼼꼼하십니다. 과제 양이 꽤 많긴 했지만 자잘자잘한 것들이 좀 많은 거라서 크게 부담을 느끼진 않았습니다! 어느정도 각오하고 들었더니 생각했던 것보다 과제 부담이 덜했던 것 같기도 하고 ...ㅎㅎ 딜런 교수님이 내주시는 건데 뭔들 못하겠냐는 생각으로 듣다보면 한 학기 금방 지나갑니다..☆
대학영어 2: 글쓰기,Dylan Williams,21,Fall,5.0,수업 준비 정말 많이 하시는 것 같고 언제나 스윗하십니다ㅜㅜ 매주 자잘한 과제가 많지만 점수 매겨지는 에세이 4회 빼고는 시간도 얼마 안걸리고 제출만 하면 점수주는 과제들이라 크게 부담은 없었습니다! 줌 소회의실을 정말 잘 활용하시는 교수님이고 이게 처음엔 부담일 수도 있는데 갈수록 사람들이랑 친해져서 학기후반에는 이마저도 즐겼던 기억이 나네요 ㅎㅎㅎ같이수업들었던분들 재밌었습니다~:D 수업빠지지말고 과제빠지지말고 열심히 잘 따라만 가면 성적은 잘 나오는 것 같습니다
대학영어 2: 글쓰기,Dylan Williams,20,Fall,5.0,"저만 교수님의 학생들을 대하는 스윗한 표정에 치인게 아니었군요.. 교수님 정말 친절하시고 수업과 피드백도 꼼꼼하게 진행해주십니다. 그만큼 신경써야할 부분도 많고 과제도 적지 않지만, 나름 영어 글쓰기 실럭도 늘고 하는만큼 나오는 수업인 것 같습니다. 매 시간 조별로 모이지만, 영어로 말하기에 두려움이 있던 저도 그닥 부담없이 참여할 수 있었습니다. 그치만 무엇보다 기억에 남는 것은 교수님의 스윗한 표정인 것 같습니다. 딜런 교수님과 함께한 대영2 수업 저는 만족합니다 ㅎㅎ"
대학영어 2: 글쓰기,Dylan Williams,20,Fall,4.0,교수님 정말 착하시고 매 수업마다 정말 준비를 많이 해주신 만큼 많이 배워갈 수 있었습니다! 다만 과제가 조금 많긴 하지만 매번 교수님께서 세세하게 피드백해주셔서 어렵지는 않았어요. 그리고 기말시험도 전수업에 꼼꼼히 알려주셔서 열심히하면 좋은 성적 주시는 것 같습니다!
대학영어 2: 글쓰기,Dylan Williams,20,Fall,5.0,일단 교수님이 착하시고 글 쓰면 feedback을 되게 잘 해주십니다. 따로 글쓰기 feedback meeting도 잡을 수 있었고 되게 잘 해주셨어요. 일단 너무 좋으심 ㅠ. 피드백이 많아서 영어 글쓰기를 많이 배워갑니다. 과제가 자잘자잘하게 많아요. 근데 엄청 부담될 정도는 아닙니다! 시험은 코로나로 인해서 기말 1번 봤는데 에세이보다 비중도 적고 유형도 다 알려줘서 어렵진 않았습니다. 말하기 쫄려서 글쓰기 선택했는데 비대면이라 그런진 모르겠지만 group work가 매시간 있고 토론이 많아서 speaking도 많이 한 것 같네요 ㅋㅋ ㅠ . 학점은 대영 절평 기준에 딱 맞춰 주시는것 같아요. 총점 96이었는데 A0나왔습니다.
대학영어 2: 글쓰기,Dylan Williams,20,Fall,4.0,교수님이 착하시고 강의가 유익해요. 수업 자체는 좋았으나... 제가 유익한 수업을 듣기엔 한참 모자랐어요. 유익한만큼 과제가 진짜 ㄹㅇ 개많아요. 저는 짜잘짜잘한 과제폭격보단 굵직한 과제 한개를 더 선호하는데 이 강의는 전형적인 전자입니다. 그치만 하면서 얻어간 건 진짜 많은 것 같아요. 시험도 난이도가 평이하고 전체적으로 좋은 강의였어요. 다만 성적은 정말 칼같이 짤라서 주십니다. 저는 대영1 성적을 받았지만 1과목을 들으면 2과목까지 들어야 하는 병이 있어서 2를 수강했는데 좋지 못한 선택이었어요. 근데 이건 제 죄이니 할말이 없네요 ㅋㅋㅎㅎ 강의에는 죄가 없습니다 좋은 강의라고 생각해요!
대학영어 2: 글쓰기,Dylan Williams,20,Fall,2.0,"숙제 진짜 너무 많아서 스트레스 만땅이었습니다.
학점도 칼이군요..ㅠㅠ!"
대학영어 2: 글쓰기,Dylan Williams,20,Fall,5.0,"대영2는 어떤 교수님이다? 아 딜-런 교수님 강의다~~ 대영2가 다 그런만큼 자잘자잘한 과제도 사이사이 진짜 많고, 수업 중 매번 질문하시고, 매일 랜덤으로 조를 편성해서 group work도 해서 사실 처음엔 스트레스가 장난이 아니었습니다.. 근데 수업 때 항상 영어로 말하고 소통하고 질문에 답하다보니 집중력+말하기 자신감 향상의 효과를 얻었습니다. 과제는 꼬박꼬박 미리해놓는 습관 가지시면 밀리거나 놓칠 일 전혀 없고요, 평소 과제는 1시간 내로 끝납니다. 글쓰기 과제는 informal critique 5번과 paragraph 또는 essay 4번인데, 전자의 경우 그냥 참여점수용?의 짧은글이라 1시간 내로 무조건 쓰고, 사실 성적을 좌우하는건 후자입니다. 뒤로 갈수록 점점 더 많은 신경쓸 거리(인용법, 적절한 단어..)가 많아져서 시간도 더 많이 투자해야 하지만, first draft-second draft-final draft 단계를 거치므로 걱정 안하셔도 됩니다. 처음 써놓으실때 1-3시간 투자해서 거의 완벽하게 써놓으시면, 수업 중 peer review 후 교수님의 피드백만 받아서 약간 고쳐 내면 됩니다. 마지막으로, 시험의 경우 정말 간단하고 시험전 모든 문제 유형을 교수님과 연습하니 걱정 안하셔도 됩니다!! 학점은 생각보다 짤라서 주시는 것 같지만 전 에쁠로 살아남았습니다~ 이 수업은 정말 열심히 참여하고 노력을 기울이는대로 돌아오는것 같아요!"
대학영어 2: 글쓰기,Dylan Williams,20,Fall,5.0,"마카롱은 이 교수님을 모티프로 만들어졌다는게 학계의 정설입니다.
학기 내내 교수님이 꿀벌은 아닐까 진지하게 고찰해보기도 하였습니다. 눈빛과 말투에서 꿀이 자꾸 떨어져서요.
교수님께 꿀이 떨어지고 있다고 말씀드리고 싶었지만 ""Professor you are a honey"" ㅇㅈㄹ로밖에 말이 안 나올까봐 입을 열 수가 없었습니다.
그렇습니다 영어를 이렇게 못하는 저이지만 영어에 대한 자신감을 얻고 '아 외국 한 번 가 봐?'하는 마음을 품게 해준 딜♥란 교수님이십니다. 학생이 아무리 말을 횡설수설해도, 심지어 교수님의 질문을 놓치더라도 친절하게 끝까지 들어주시고, 또 피드백해주시고, 친절하게 격려해주시는 교수님은 필시 인간을 몰래 돕다가 천계에서 쫓겨난 천사이실 겁니다. 
자잘한 과제가 좀 있긴 했지만 대부분 1시간 선에서 끝나는 것이고 교수님과 수업할 수만 있다면 그정도 대가는 치뤄야죠.
시험은 찝어주신 부분에서 다 나오고 어떤 유형으로 나올지 다 알려주셔서 공부 딱히 안 해도 95점은 그냥 넘습니다.
다만 레포트 점수는 좀 깐깐하신 것 같긴 하나... 교수님의 귀여움 덕에 고양이한테 졸라쎈 냥냥 펀치 받는다는 기분으로 그저 웃었답니다. 레포트 하나하나 피드백도 꼼꼼하게 해주셔서 뭐 그저 은혜로울 뿐입니다. 아... 딜란 당신은 인류의 빛. 소금. 물. 불. 태양. DIAMOND.
악명 높은 대영2답게 학점은 날카롭게 잘라주실텐데 사실 그건 어느 대영2나 마찬가지지 않습니까. 기왕 해치워야 할 수업이라면 꿀벌마카롱다람쥐천사 딜란 교수님 수업 들으세요.
종강날에는 마음 한 켠이 공허해 하루종일 그 어떤 과제도 손에 잡히지 않더랍니다. 교수님 또 나만 교수님한테 진심이었죠.
하지만... 한낱 인간인 저와 말을 섞어주신 것만으로도 저는 평생 행복해할 것입니다. 아아 그의 간지작살 British 발음... 귀에 생경하다...!
교수님께 여쭤보고 싶은게 있어 이메일 넣었을때 답장으로 꿀단지가 왔더랍니다. 그 꿀이나 쪽쪽 빨아먹으며 힘내서 남은 과제를 처리해야겠습니다. 그럼 이만. ."
대학영어 2: 글쓰기,Dylan Williams,20,Spring,5.0,"배워가는 것이 많은 수업인것 같습니다.
교수님께서 상당히 친절하시고 꼼꼼히 체크해주십니다."
대학영어 2: 글쓰기,Dylan Williams,20,Spring,5.0,싸강이었지만 가장 불편함없이 들었던 강의입니다! 교수님이 친절하게 설명해주시고 줌도 잘 이용해주셔서 좋았어요. 저는 영어를 너무 못하는데 어쩌다가 텝스를 잘봐서 강의를 듣게된 케이스라 걱정이 많았지만 그래도 잘 끝냈습니다. 글쓰기는 한학기동안 총 4번 긴 글을 쓰고 5번의 짧은 비평문을 씁니다. 긴 글은 학생분들이랑 교수님이 한번씩 피드백하는 과정을 거치기 때문에 고쳐나갈 수 있습니다. 그리고 거의 매 수업시간마다 소회의실을 열어서 조별로 이야기해서 수업에 참여해야하는데 이것도 영어로 소통해야해서 저는 살짝 어려웠습니다. 학생들 의견 잘 들어주시고 이번에는 중간고사 비율을 다른 곳에 나눠서 기말한번만 봤습니다! 아직 성적은 안나왔지만 많이 배운 수업이었습니다!!!
대학영어 2: 글쓰기,Dylan Williams,19,Spring,5.0,"<수업스타일>
수업은 주로 교재와 구글 드라이브를 이용해서 합니다. 교재는 주는 아니고, 보통 매 시간 끝나고 교재의 일정 부분을 숙제로 내주시면 다음시간에 간략하게 확인하는 쪽으로 활용합니다. 수업 시간에는 교수님이 준비하신 ppt로 내용을 배우거나, 구글드라이브에 즉석으로 간단한 문장이나 글 만들기를 합니다. 수업시간에 한두 번씩은 간단하게 대답을 하게 되는데, 스피킹에 자신이 없더라도 별로 걱정하지 않으셔도 됩니다. 발표는 아예 없습니다.

<과제>
거의 매 시간이 끝난 후에는 과제가 있다고 보시면 됩니다. 교재 풀어오기인 경우가 많고, 간단한 문장 드라이브에 적어오기 등도 있습니다. 교재 검사는 따로 안하십니다.

<글쓰기>
총 4번 글을 씁니다. Narrative/Descriptive Paragraph는 300단어 내외의 간략한 글, Persuasive/Problem-and-Solution Essay는 400/500단어 정도의 글입니다. 우선 1차로 Peer Review를 하는데, 시간이 없으면 수업시간 외로 달아두기도 합니다. 점수에는 반영 안 됩니다. 피어리뷰 바탕으로 구글 드라이브에 자신의 원고를 올리면 교수님이 몇 개 오류를 지적해 주십니다. 그러면 그 부분을 참고해서 최종원고를 turnitin.com에 제출합니다. 턴잇인 점수가 최종점수인것 같습니다. 추가적으로 마지막 에세이 이전에는 글에 대해 교수님과 짧은 면담이 있습니다.
그외에 Informal Critique라고 제시문 읽고 비평하는 글 쓰기가 있습니다. 이거는 내용이나 형식을 제대로 검사하지 않으시고 Word Limit과 제출기한만 잘 맞추면 왠만해서는 만점이니 부담갖지 않고 쓰셔도 됩니다.

<시험>
중간기말 반영비율이 20%로 꽤 적습니다. 시험에 나오는 것도 교수님이 여기서 나온다 하는 부분에서 나오니 크게 무리가 가지 않습니다.

<총평>
아무래도 글쓰기가 많으니 좀 부담스러워 보일 수 있지만, 글 꾸준히만 쓴다면 배우는 것도 많고, 성적도 잘 주십니다. 특히 저처럼 말하기에 부담감이 심한 분들께 추천합니다. 교수님도 매우 열정적으로 가르치는 분이십니다.
문법 같은 경우에는 관사 사용이나, FANBOYS로 시작하는 문장, 접속사 사용, 단/복수명사, 에세이 쓸 때 학술적 용어 사용(good보다는 beneficial 등 사용) 따위를 조심하시면 됩니다."
대학영어 2: 글쓰기,Dylan Williams,19,Spring,5.0,매번 짧은 숙제가 있지만 힘들지 않습니다. 또 시험 어떻게 내실지 다 안내해주시고요. 제출한 에세이에 피드백을 자세하게 주시면 그걸 수정해서 최종 제출을 합니다. 꼼꼼하게 하면 괜찮은 점수 받을 수 있고 교수님께선 매우 친절하십니다.
대학영어 2: 글쓰기,Dylan Williams,19,Spring,5.0,"간단한 숙제가 꾸준히 나옵니다. 교수님이 매우 친절하셔요 천천히 말해주시고 설명도 꼼꼼하게 해주심
기말부담도 줄여주신다고 어떻게 시험이 나올지도 알려주심
매우 좋았습니다"
대학영어 2: 글쓰기,Dylan Williams,18,Spring,4.0,과제는 ㄹㅇ 많은데 그만큼 배우는 것도 많아서 괜찮은 것 같아요 시험은 뭐나오는지 대충 알려주셔서 그것만 보면 돼요 어렵지않아요
대학영어 2: 글쓰기,Dylan Williams,18,Spring,4.0,대영답게 빡세지만.. 들을만 해요 배운것도많고 좋았음!! 중간 기말은 나눠주시는거만 공부하면 거의 만점..따로공부할필요 없음
대학영어 2: 글쓰기,김은아,18,Fall,5.0,"우선 교수님께서 다정하시고 정말 좋으신 분입니다.
항상 수업 준비 칼같이 해오시고 수업도 열정적으로 해주십니다. (다만 수업 내용 자체는 글쓰기에 대한 이론적인 내용이라 조금 지루할 때도 있습니다.)
평소에 과제를 자주 내주시긴 하지만, 길어봤자 10~15분 정도만 걸릴 정도로 자잘하고 간단한 것들입니다.
본격적인 글쓰기 과제는 paragraph 3개, essay 1개 쓰는 것인데, paragraph 같은 경우는 300자 내외정도만 쓰면 되고, essay는 600~700자 정도여서 큰 부담을 느끼지는 않았습니다. 피드백도 꼼꼼하게 해주셔서 2nd draft 쓸 때 피드백 모두 반영해서 글 수정하면 될 것 같습니다.
시험은 중간, 기말 두 번 보는데, 시험 하루 전에 단어 조금 외우고 어법이나 글쓰기 point 몇개 외우면 무난하게 잘 볼 수 있습니다.
수강신청할때 찾아본 다른 대영 교수님들에 비해 로드가 적고, 발표하는 시간이 적은 글쓰기 수업이라 해서 듣게 되었는데,  개인적으로 최고의 선택이었다고 생각합니다.
발표는 딱 한 번 있는데, essay outline을 5~10분 정도 설명하는 것이었고 발표형식은 자유로워서 말하기에 자신이 없어도 큰 부담이 되지는 않았습니다.

출석 다 하고, 과제는 나름 열심히 하고, 시험도 무난하게 봤습니다. 영어에 대한 자신감도 없고, 같은 수업에 영어를 유창하게 잘하시는 분들도 좀 있었어서 학점은 에마 예상했는데 에쁠 받았습니다. 글쓰기 과제를 성실하게 해가는 것이 가장 중요한 것 같습니다."
대학영어 2: 글쓰기,김은아,18,Spring,3.0,"교수님은 정말 친절하시고 좋으신 분이다. 수업 내용 전반이 글쓰기에 대한 기초적인 내용이지만 딱히 유익한 내용은 아니었음. 물론 강의 과정상의 이유지 교수님의 강의력때문이라고는 생각하지 않는다. 수업시간에 팀이나 파트너끼리 하는 자잘한 액티비티가 많은 편이라서 어색하고 불편한 분위기가 꾸준히 조성된다. 물론 성적에 포함되진 않아서 부담은 없다. 글쓰기 과제는 문단 두세개 
에세이 두세개 정도 써서 내는 것으로 주제는 어렵지 않고 금방 써낼 수 있는 분량이다. 시험은 피피티를 한두번 보고 내용 중에서 암기할 것만 대강 암기해가면 수월. 단 문법이나 오류 고치는 문제는 본인 실력에 달렸고 여기서 성적이 차이가 좀 났을거라 예상함.  열심히 안했다고 생각하지는 않았는데 비쁠떴음. 성적 산출 기준을 알 수 없는게 함정. 기준은 있지만 교수님의 입맛에 맞게 쓰는 게 좀 까다로운 점이 될 수 있음. 대영에 많은 시간을 투자하고 싶지는 않다면 비추."
대학영어 2: 글쓰기,김은아,18,Fall,3.0,교수님은 좋으시지만.... 학점이... 모든 대영이 그렇겠지만 영어를 떠나서 글쓰기 잘하고 지루한 내용 잘 들을 수 있으면 들으세요. 교수님은 정말 친절하시고 너무 좋으시고 한 학기 내내 많은 로드가 있지만 기분 좋게 했어요~ 정말 교수님 좋으시고 영어 못해도 전혀 무리 없이 따라갈 수 있는 환경 만들어 주십니다! 학점은 ㅎㅎㅎㅎ..
대학영어 2: 글쓰기,서보람,21,Fall,5.0,"무난한 대영일듯 합니다
교수님이 친절하시고 수업도 잘 하십니다
자잘한 글쓰기가 초반에 좀 있고, 교재 문제 푸는 것도 가끔 시키시는데 어렵지 않아서 금방 합니다
성적반영되는 과제는 paragraph 3개랑 essay 하나이고 모두 2차 draft 까지 작성해야합니다
교수님께서 강조하시는 부분이나 피드백에서 지적해주신 부분 유의해서 2차 draft 까지 열심히 쓰면 성적은 잘 나오는 것 같습니다 다만 밑분 말처럼 시간 약속을 안지키실때가 꽤나 있어서 답답했습니다"
대학영어 2: 글쓰기,서보람,21,Fall,4.0,"나쁘지 않았습니다 대영이면 이정도 과제 양은 어느 수업이나 있을 것이라고 생각합니다 자잘한 paragraph 4개와 기말 essay 1개, 그리고 기말 시험이 로드입니다 paragraph 중 1개는 팀플이었고 나머지는 모두 개인 과제였습니다 각 paragraph와 essay는 모두 교수님 피드백 받고 수정본 한 번 제출해야합니다 동료 평가도 매번 이루어지는데 조금 귀찮긴 하지만 큰 부담은 아닙니다 교수님께서 피드백 꼼꼼하게 해주시는데 다만 피드백이 좀 느리긴합니다 교수님이 몇시까지 피드백 보내주겠다, 언제까지, 성적 공개하겠다, 몇시에 개인면담 하겠다 하시고 늦으시는 경우가 종종 있습니다 저는 시간 약속 안 지키는걸 몹시 싫어하는 편이라 좀 답답하긴 했습니다 그것만 빼면 전반적으로 만족스러운 수업이었습니다 대영2 어차피 들어야할 거 이 수업으로 치우는것도 나쁘지 않을 듯 합니다 성적도 잘 주시는 것 같습니다"
대학영어 2: 글쓰기,서보람,20,Fall,4.0,"대영1을 듣다가 들어서 그런지 로드는 확실히 적었음. paragraph(250단어) 2개와 essay(800단어) 1개, 그리고 기말시험이 수업의 핵심임. 이외에도 자잘자잘하게 글쓰거나 교재 푸는 것이 있지만, 크게 어렵지도 않고 뭐 대영이라면 다 이정도 로드는 있을 것이라고 생각함. 영작의 경우 본인은 파파고의 도움을 좀 크게 받음. 교수님께서 (조금 늦긴 했지만) 친절하게 영작한 것들을 다 피드백해주셔서 수정하는 데 큰 어려움은 없었음. 평상시에는 영작의 여러 부분을 가르쳐주셨는데 비대면이기도 하고 해서 수업에 집중하지는 않음.. 죄송합니다 ㅠㅠ 기말시험은 시험 전 수업시간에 교수님께서 짚어주신 부분 위주로 예문 잘 읽어보면 큰 무리 없이 준비할 수 있음. 시국상 학점제한이 조금 풀린 건지는 잘 모르겠으나 성적은 예상했던 것보다 한단계 올려서 받음."
대학영어 2: 글쓰기,서보람,20,Fall,4.0,매 과제마다 채점 기준을 중요시하고 써야되는 것 같아요. 배운 내용을 적용하는 걸 정말 중요한 것 같아요 그리고 시험은 일주일 정도 전에 다시 한번 문법 복습하는데 그 때 시험범위 다 알려주셔서 부담없구요 저는 과제 열심히 써서 영어 공부도 되고 학점도 에이쁠 나와서 좋았어요! 근데 글쓰기 수업 특성상 글 쓸 때 역시 주제를 잘 잡느냐에 따라서 글의 질이 달라지는 건 어쩔 수 없나봅니다..조별과제는 없고 조별 피드백은 합니다.
대학영어 2: 글쓰기,Christopher Hemann,21,Spring,4.0,대학영어 특성 상 과제가 그래도 조금 있긴 하지만 많진 않습니다. 시험 안 보고 중간에 글 써서 내고 학기 말에 보고서를 내는 것으로 대신하는데 이틀 전부터 여유롭게 써도 충분히 다 씁니다. 학점은 대신 비율 채워서 주는 것 같네요. 대신 조별 모임이 엄청 많습니다.
대학영어 2: 글쓰기,Christopher Hemann,21,Spring,5.0,"부제목이 WESS(writing for engineering and science students)로, 학생들 스스로 간단한 주제를 정해 실험을 하고 학기말에 보고서를 작성해 제출하는 것이 수업의 목표입니다.
교수님이 조금 깐깐하신 편일수는 있지만, 교수님의 평가 기준이 아주 명확하고 중요하게 생각하시는 부분이 정해져 있습니다. 그래서 이 부분만 잘 맞춰서 글을 쓰면 좋은 평가 받을 수 있습니다. 시험은 없고, 과제는 definition, process에 대한 문단 하나 써오기랑 final paper 쓰기가 끝으로 로드도 적은 편입니다. 다만 final paper 주제 정하는 과정에서 조금 스트레스를 받을 수는 있을 것 같습니다. 하지만 전반적으로 정말 만족했던 수업이었고, 앞으로 논문쓸 일이 많을 자연대나 공대 학생들은 들어보면 얻어가는 건 많은 수업일 것 같습니다!"
대학영어 2: 글쓰기,Christopher Hemann,20,Spring,2.0,"1. 15명 밖에 없는데 팀 활동 개많음. 팀으로 모여서 뭔가 리포트를 만드는 건 아닌데 수업 중간마다 소모임 엄청 만들어서 이야기함. 자기가 내성적이다, 라고 하면 비추 라기 보다는 그냥 오지 마. 진짜  팀에서 딱 한 마디만 하고 나머지 팀원들이 구한 답 그대로 날름한 놈 아직도 짜증나네

2. 과제는 거의 없음. 중간, 기말 리포트(paragraph, draft, final paper 이런거) 제외하고는 과제가 있다고 쳐도 교수에게 양식 지켜 이메일 인사 보내기 정도? 대영2라는 과목에 비해 로드가 좀 적음.

3. 대신 엄청 깐깐함. 리포트 좀만 대충 써도 바로 코멘트 달리고, 양식 안 지키면 수업 시간에 직접 언급할 정도로 깐깐함. 학점도 엄청 짜게 주니까 학점 잘 받아야 하는 사람들은 자기가 영어를 많이 잘하지 않는 한 절대 비추.

요약: 매우 깐깐"
대학영어 2: 글쓰기,Christopher Hemann,20,Spring,4.0,"비대면이었는데 여러모로 좀 귀찮긴 했다. 수업시간에 조끼리 뭐 하는거 많이 시킴

고양이가 귀여움
종종 사람을 때리고 방해하긴 하지만 착한 고양이같음"
대학영어 2: 글쓰기,Christopher Hemann,20,Spring,4.0,"Alright guys, good afternoon. Repeat after me. Alright, That’s it for today. See u on wednesday. Have a great week, bye."
대학영어 2: 글쓰기,Christopher Hemann,19,Fall,4.0,Repeat after me. Hand topher a paper.
대학영어 2: 글쓰기,Raymond Salcedo,23,Spring,5.0,"이번 학기가 다른 과목 부담도 컸는데 이 과목은 로드가 많았기에 특히 후반기에 너무너무 힘들었던 강의...
하지만 진짜 실질적으로 쓸모 있는 걸 배웠다는 생각이 들 정도로 의미 있고 좋은 수업이었음.
로드, 정말 많음. 학기 중에 다른 일로 바쁘다면 이 수업 수강은 고민하는 걸 추천함. (물론 대영이 로드가 빡세지만 이건 정말 빡셌음...)
평균적으로 매주마다 글 하나씩 쓴다 생각하면 됨. 250-300 단어짜리 단락 10개, 한 4개 정도의 에세이를 써야 하고 놀랍게도 글쓰기지만 마지막 에세이는 발표도 함. 퀴즈는 3번... 시험은 대신 없음
근데 그만큼 얻어가는 것이 많음.
꿀강 절대 아니고 명강...
(중간에 조별로 글쓰는 것..?도 있음)"
대학영어 2: 글쓰기,Raymond Salcedo,23,Spring,5.0,꿀강은 아니지만 명강이라는 평가가 진짜 맞는 듯. 수업은 기본적으로 글 쓰고 피드백하는 과정을 반복하고 학술적인 글쓰기에 필요한 문장 부호나 형식같은 부분에 관련된 퀴즈를 진행한다. 교수님께서 굉장이 유쾌하시고 학생의 편의를 잘 챙겨주시는 편이다. 호불호는 많이 갈릴 거 같은게 과제가 매우 많다. 일주일에 250단어 정도의 글을 한 문단 정도씩 쓰고 250단어 정도의 글 9편을 한 학기에 추가적으로 써야 한다. 하지만 힘든 만큼 배울 수 있어서 만족스러운 강의였다.
대학영어 2: 글쓰기,Raymond Salcedo,23,Spring,2.0,"아 ...진짜 너무 힘들었고
대영 다신 하기 싫어요"
대학영어 2: 글쓰기,Raymond Salcedo,21,Spring,5.0,"사실 학기 내내 글 쓰느라 고생했지만 고생한 만큼 성적 잘 나왔고, 많이 얻어가는 강의라고 생각합니다. 교수님께서 단호하시지만 그만큼 친절하시기도 합니다! 좋은 친구들도 만났고 인원이 많지 않아 한 명 한 명 잘 챙겨 주셨어요. 발표로도 평가 받으니 말하기도 하고 싶다 하시는 분들 들으시면 좋을 것 같아요. 평가 기준은 확실하니 그런 수업 좋아하시는 분들도 들으시면 좋을 것 같구요. 한 학기 동안 많이 힘들었지만 성적 받으니 모든 게 미화되네요 허허.. 하지만 정말 많이 배워갑니다! 교수님 한 학기 동안 너무 감사했습니다!! 아 과제는 한 학기 동안 패러그래프 두 개, 에세이 한 개 그리고 저널 10개에요. 아랫분께서 쓰셨듯 저널은 미리미리 써 놓으시고 패러그래프하고 에세이도 할 때 열심히 하면 좋은 성적 나오는 것 같아요!"
대학영어 2: 글쓰기,Raymond Salcedo,21,Spring,5.0,"기대했던 대학교 영어 수업답게 컴마 등 각종 문장부호의 사용방법, 종류별 패러그래프를 잘 작성하는 법 등 글쓰기의 기초를 배울 수 있어 좋았습니다! 시험이 없는 대신 과제가 거의 매주 있긴 합니다..ㅠ 세 종류의 패러그래프를 작성하는데, 총 세 차례에 걸쳐 최종 결과물을 제출하니 피드백 및 수업 시간에 말씀해주시는 팁들 잘 활용해 수정해나가면 좋은 결과 받을 수 있는 것 같습니다ㅎㅎㅎ 그 외 과제로는 에세이 작성 및 발표, 저널 10개 작성이 있고, 두 번에 걸쳐 퀴즈를 봅니다! 과제가 적은 편은 아니지만... 퀴즈도 언제 볼지 예고해주시니 부담은 적었던 것 같아요! 저널들 학기말에 몰아쓰는거 쉽지 않으니ㅠㅠ 꼭 밀리지 말고 미리 작성하시는게 좋습니다 시험도 없고 학점도 잘 주시니 영어 글쓰기를 배우고 싶으신 분들 꼭 들어보시는 거 추천드려요!!"
대학영어 2: 글쓰기,Raymond Salcedo,19,Spring,5.0,"결코 쉽지만은 않지만 진짜 명강입니다 이틀 텀인데 거의 매 수업마다 과제가 있고,  퀴즈도(예고하고 보시긴 하지만) 간단한 암기 시험 정도로 간혹 있는 데다 일단 글쓰기 수업이지만ㅋㅋㅋ 처음부터 우린 말하기도 같이 한다고 못박아두고 가시는 수업이라 다시 말하지만 절대 쉬운 꿀강은 아님 열 명 좀 넘는 소규모 강의고 거의 전부 개인과제로 갑니다 대략 한 페이지 분량 수기 에세이 8개 / 패러그래프(첫번째-두번째-최종 피드백과정 있음) 3개? / 발표 2회 정도 있었네요 그 외에도 이것저것 신경쓸 건 좀 있긴 했지만

근데 교수님이 진짜 너무 좋으심 좀 엄격하고 과제 안 가져와서 다음에 제출해도 될까요ㅠ 하면 하하 그럼 성적도 다음 학기에 줄게요ㅋㅋ 하시는 분이시지만 기본적으로 다 제치고 인권이나 사회 전반 혐오 쪽에 관심 많으신 분들은 무조건 이 교수님 수업 들으시길 추천합니다!  첫 수업이 인권 관련 사회 속 혐오에 대한 내용이었고 그 이후로도 수업 내내 늘 우리가 자칫 넘어갈 수 있는 포인트에서도 미소지닉, 퀴어포빅, 혹은 제노포빅한 이야기를 다 하나하나 짚고 넘어가주셔서 수업 시간이 굉장히 편안했던 기억이 있네요 한 마디 한 마디 옳은 말씀만 하심... 수업 자체도 영어 에세이나 패러그래프 작문 방법에 대한 내용인데 얻어가는 것 엄청 많고 좋았습니다

다만 교수님이 내러티브시고 랜덤 조별 토의 수업이 잦으니 영어로 일상 대화가 어려우면 ... 좀 ... 각오하고 오셔야 할 것 같습니다... 근데 진짜 괜찮으니까 꼭 들으세요 교수님 사랑합니다^--T"
대학영어 2: 글쓰기,모윤숙,21,Spring,5.0,교수님이 약간 엄격하신 면도 있지만 전반적으로 학생들과 소통 많이 하시면서 수업해주셨습니다. 체계적이고 글쓰기방식 잘 배워갔습니다.
대학영어 2: 글쓰기,모윤숙,21,Spring,5.0,"우선 저는 대학영어1 을 수강했던 고학번 학생으로 영어를 공부한 지는 조금 오래된 학생이라 타 신입생들에 비해서는 영어 실력이 부족했을 것입니다. 

수업
글쓰기 수업임에도 불구하고 교수님이 소그룹을 짜서 학생들끼리 서로 영어로 대화할 수 있도록 하십니다.   수업에는 영어로 research writing을 즉 논문을 작성하는 법을 배웁니다. 교수님께서 영어 논문 작성 강좌를 오래하셔서 그런지 이 분야에 대해 정말 잘 아시고 잘 지도하신다는 생각이 들었습니다. 영어로 논문 작성하는 법을 정말 자세하게 알려주십니다. 과제, 졸업 논문 등 앞으로 글 쓸 일이 많은 신입생들에게 굉장히 유용하고 좋은 수업이라는 생각을 계속해서 했던 것 같습니다.  

퀴즈
30분 짜리 퀴즈를 한 학기에 거쳐 3번을 봅니다. 퀴즈라고 해서 배운 내용에서 단어 시험 같은 것들이 나오는 것이 아닙니다. ""배운 내용들을 응용해 글을 쓸 수 있는가?"" ""summarize를 배웠으니 긴 문단을 해석하고 직접 summarize를 해봐라"" 등과 같이 기본적인 영어 실력이 있어야 잘 볼 수 있는 문제들이 대다수입니다. 공부를 많이 한다고 해서 잘 볼 수 있는 퀴즈는 아니었습니다. 시간도 첫번째 와 두번째 퀴즈 같은 경우는 저에게는 충분하지 않았던 것 같습니다. 

과제
과제는 제가 영어 실력이 많이 부족해서였을지는 모르겠지만 꽤나 많게 느껴졌습니다. 과제는 크게 수업시간에 배운 논문 작성법을 토대로 직접 간단한 실험 (ex 종이비행기 날개길이에 따른 비행거리)을 해보고 2000단어 가량의 논문을 작성하는 것입니다. 구체적으로 paragraph writing(300단어)이라고 논문 작성전에 맛보기로 한번 글을 썼었습니다. 그 후, 논문은 introduction(500단어 정도)/ methodology(400단어)&results(400단어) / discussion(400단어?)&abstract(300단어?) 이렇게 3번에 거쳐 과제가 나가고 교수님이 지시한 논문 작성법에 맞춰 글을 쓰고 참고문헌을 답니다. 그리고 각 과제에 대한 교수님이 피드백을 메일로 보내주십니다. 그 피드백에 맞춰 마지막 최종논문을 제출합니다. 저는 나름 열심히 썼다고 생각했는데 교수님께서 꼼꼼하게 피드백 해주셔서 그런지 고칠 부분이 조금 많았던 것 같습니다.

성적
퀴즈 점수를 공개하지 않으셨고, 과제 점수는 피드백 파일에 들어있었지만 상대적인 점수는 몰라 학점을 예측할 수는 없었습니다. 퀴즈를 정말 못봤다고 생각해서 ""B0정도 받을까?""라고 생각했었는데, 그나마 과제에서 조금은 커버를 했는지 저는 최종적으로 A-를 받았습니다. 50%정도 A를 주실 수 있다고 하셨던 것 같은데 중간 정도였거나 그보다 조금 위였던 것 같네요. -를 받은 것을 보아 나름 학점은 비율 맞춰서 주신 것 같기도 해요.

종합
영어 실력이 괜찮다고 생각하신다면 열심히 하시면 정말 도움되고 성적도 잘 받아가실 수 있는 수업이라고 생각합니다. 다만 얻어가는 것이 있는 만큼 과제는 많고 요구하시는 것도 꽤 많으신 것 같습니다. 저는 적극 추천하는 강좌입니다."
대학영어 2: 글쓰기,모윤숙,19,Fall,5.0,교수님께서 하라고 하시는대로만 하면 성적 잘나옵니다
대학영어 2: 글쓰기,권진아,22,Fall,4.0,"그냥저냥 편하게 말하기 싫어하는 사람이 대영을 치우는 방법
투입한 노력이 거의 없기 때문에… 에마에도 만족"
대학영어 2: 글쓰기,권진아,22,Fall,5.0,"퀴즈 난이도가 꽤 어렵고 수업시간에 다루는 내용도 어렵지만, 복습 열심히 하다보면 잘 따라갈 수 있었던 것 같습니다.
퀴즈를 너무 망쳐서 걱정했는데, 다행히 성적 잘 주셔서 진짜 감사했습니다ㅠㅠ
마지막 피드백은 줌으로 했는데, 매우 자세하게 피드백을 해 주셔서 글 수정을 하는 데 많은 도움이 되었습니다
한 학기동안 정말 감사했습니다!!"
대학영어 2: 글쓰기,권진아,22,Spring,5.0,"글쓰기 수업이긴 해도 발표 많이 시키시니까 꼭 알아두세요!!
수업에서 다루는 내용이 은근 헷갈리고 어렵습니다. 나름 공부를 해도 두 번의 퀴즈를 다 망해서 자책하고 있었는데... 세상에 성적을 잘 주셔서 깜짝 놀랬어요! 아마 평소 수업 태도와 과제가 퀴즈보다 훨씬 중요한거 같아요! 대영 글쓰기 특성상 로드가 많고 과제 기간도 빡세긴 하지만 교수님이 일일이 다 피드백해주시고 질문도 잘 받아주셔서 맘 편하게 할 수 있었어요! 학생들이 이해를 못하는 거 같을 땐 한국어로 친절히 설명해주시기도 해요ㅋㅋㅋ 그만큼 학생들의 편의를 많이 봐주시는 귀여운 교수님이시랍니다ㅎㅎ 한 학기 동안 정말 재밌게 수업 들으면서 필수 교양 하나 해치우고 갑니당"
대학영어 2: 글쓰기,권진아,22,Fall,4.0,글쓰기 과제가 많고 퀴즈나 프린트 해가야 하는게 좀 많지만 그래도 교수님이 친절하게 알려주시고 학생들 편의도 잘 봐주셔서 좋았어요. 자유 주제인 글쓰기가 많아서 교수님이 제시하는 범주 안에서 주제를 잘 정하는게 가장 중요한 것 같아요.
대학영어 2: 글쓰기,권진아,22,Spring,3.0,배우는 내용이 어려운 건 아닌데 퀴즈랑 마지막 에세이 쓰쓰게 빡셌습니다
대학영어 2: 글쓰기,권진아,21,Fall,3.0,로드가 많아서 힘들었어요ㅠㅠ 대영이라 그런건 이해하지만 수업 사이사이에도 연습문제 풀거나 구글닥스 작성하는 과제가 많아서 신경이 많이 쓰여요
대학영어 2: 글쓰기,권진아,21,Fall,5.0,"대영2 글쓰기는 과제가 많으니까 그 점 유의하셔야 합니다.
큰 과제는 300 단어 내외의 문단 작성하기 3번, 700단어 내외의 에세이 작성하기 1번 있습니다. 과제에 대한 피드백은 친절하게 해주십니다.
퀴즈는 9월말이랑 11월 중순 2번 있고 꽤 어렵습니다.
힘들지만 사소한 규칙이나 글 간결하게 쓰는 방법 등 많은 갓을 알아갈 수 있었습니다.
성적은 A- 나왔는데 생각보다는 잘 주신 것 같습니다."
대학영어 2: 글쓰기,권진아,21,Fall,3.0,"로드가 생각보다 많았어서 힘들었네요••• 매주 매 시간마다 과제가 있다고 생각하시면 됩니다,, 그래도 문장 제대로 쓰기, 문단 제대로 쓰기 등 방법론적으로 얻어가는 건 많은 강의였습니다ㅏ 교수님께서 글을 평가하는 기준은 딱히 잘 모르겠어서 매번 과제할 때마다 힘들긴 했네용 그래도 질문하면 다 친절하게 알려주셔서, 수업 참여 열심히 하신다면 좋은 학점 받아가실 거예요 ~"
대학영어 2: 글쓰기,권진아,21,Spring,4.0,과제는 총 3번이고 퀴즈는 2번 봅니다. 과제는 1st draft와 2nd draft로 나뉘는데 꼼꼼하게 첨삭해주십니다. 문법뿐만 아니라 글의 흐름도 많이 고려하십니다. 퀴즈는 수업 내용을 기반으로 문법적으로 틀리거나 어색한 것을 찾아 고치는 문제들이었는데 조금 어려운 편에 속합니다. 그러나 퀴즈 점수가 크게 반영되는 것 같지는 않습니다. 수업에 잘 참여하고 피드백에 맞게 따라가기만 하면 충분할 것 같습니다.
대학영어 2: 글쓰기,권진아,20,Spring,4.0,"일단 과제는 딱 3번인데 서로 첨삭해주고 이런거 제외하고 딱 글쓰기 과제만 따지면 그래요! 전 글쓰는걸 힘들어해서 쉽진 않았던 것 같지만 모든 대영이 3번정도 과제 나가니까 다 똑같을 것 같아요.. 그리고 줌 실시간이었어요

저는 과제1,2는 열심히 잘한것같고 과제3은 다른 과제들때문에 제대로 못해서 첨삭도 많이 받고 그랬는데 과제 하나 정도 퀄리티 조금 떨어지는건 괜찮은거같아요~ 퀴즈는 두세번 본거같은데 각각 2-3시간 준비했는데 준비하는거랑 관련 없는거같아요.. 전반적으론 열심히 해서 A+받았는데 열심히 하시면 점수 잘주시는거같습니당"
대학영어 2: 글쓰기,권진아,20,Spring,4.0,"50분 지각 (아마도 결석처리 됐을 듯) 1회
과제 레이트 1회 (1분 지각)
글쓰기 피드백은 점점 나아졌었음
A0

수업이 막 그렇게 재밌다! 그건 아니었지만 교수님께서 학생들 배려도 많이 해주시고 로드도 많지 않아서 괜찮았어요. 학점도 생각보다 잘 주셨구요. 저는 수업 참여 열심히 하는 편이었었어요. 약간 구멍?느낌이었는데ㅋㅋ 교수님께서 예쁘게 봐주신 듯해요. 시험은 퀴즈 2회 보는데 많이 어렵지 않을 거예요. 그냥 문장 고치기 문단 고치기... 수업 잘 들으시면 괜찮을 듯.

라이팅 첨삭은 웬만하면 교수님이 원하시는 방향으로 하시는 걸 추천드려요~~ 뭐 학술적인 글을 쓰는 것도 아니니까... 저희는 1.유년 학교+행복+내 경험?? (기억 안남) 2. 여행 주제로 분류하는 글 쓰기 3. 과거와 현재로 비교대조 글쓰기
모든 글쓰기는 초고->개별피드백->수정본 과정 거치고 수정본으로 채점하신다고 하셨어요. 저는 주제 정하는 게 왜 이렇게 어려웠는지...

열심히 들으세효~~~"
대학영어 2: 글쓰기,권진아,20,Spring,3.0,"과제: 300 글자 내외 문단 글쓰기 3번(+고쳐쓰기)+800자 내외 에세이(+고쳐쓰기)
시험: 퀴즈 2번(혹은 3번)
퀴즈는 문법 고쳐쓰긴데 문제는 이미 영어를 잘 하는 사람 입장에서는 문제 없다고 느낄 수는 있는데, 과연 객관적으로 볼 때 가르친 것 대비 시험의 난도가 적절한지는 의문입니다. 문법도 사실 어색한 부분 고쳐쓰기같은 부분이 많아서 언어적 센스를 요구합니다.
그외: 피드백이 매 번 있는데...약간 '이런 것도 못해?' 느낌이긴 합니다만 그건 제 탓인지 만인평등하게 그러시는 지는 모르겠네요. 결론은 다른 분 들으세요."
대학영어 2: 글쓰기,권진아,17,Spring,5.0,"과제는 한 주는 글 양식(narrative, cause&effect 같은 거)이랑 주제 주고 200단어 분량으로 한 문단 쓰고 그 다음 주는 수업시간에 조 짜서 동료들끼리 평가지에 적은 내용이랑 교수님이 친필로 교정해서 나눠주신 거 보고 자기 글 수정해서 내는 방식이라 과제가 막 빡세게 느껴지진 않습니다. 기말 발표 이런 거 없이 퀴즈 3번으로 끝나는데 문법이나 교정 위주 시험이라 쉬운 편인 것 같아요. 수업 때 배운 내용이랑 비슷하게 나옵니다. 마지막에 700단어 분량 에세이를 쓰는데 아웃라인 쓴 걸로 한 주는 수업 출석 대신 개인 면담 15분 정도 해서 꿀이었어요. 교수님도 진짜 친절하시고 기초 잘 가르쳐 주셔서 좋습니다. 어떤 분들께는 너무 쉽다고 느껴질 수도 있는데 기초를 탄탄히? 할 수 있어서 좋았습니다."
대학영어 2: 글쓰기,David Ege,15,Fall,3.0,교수님 잘 가르쳐주시긴 하는데 할 게 많고 어려워요
대학영어 2: 글쓰기,조희연,23,Fall,5.0,로드는 제법 많지만 부담스러울 정도는 아닙니다. 교수님 정말 착하시고 최대한 학생들 편의 봐주시려 하는 것 같아요. 과제 3번에 중간 기말고사 봅니다. 과제는 수업시간에 배운 내용을 글에 잘 녹여내면 점수 잘 주십니다. 글에 대한 피드백도 상세하게 해주셔서 좋았습니다. 중간 기말은 배웠던 내용 확인하는 느낌이지만 쓸게 많아서 시간이 좀 부족했던 것 같아요
대학영어 2: 글쓰기,조희연,23,Fall,5.0,죄송합니다 감사합니다. 과제를 망했지만 성적은 잘 받았습니다. 절대평가이지만 메뉴얼에 나오던대로 점수를 짤라주진 않습니다 더 잘주시는 거 같아요
대학영어 2: 글쓰기,조희연,23,Fall,4.0,"글쓰기 4번에 각각에 대한 수정고까지 8번 + 중간고사, 기말고사 + 자잘한 과제(조원의 글쓰기에 대한 피드백 등등)
로드는 많지만.. 절대평가라 성적은 잘주세요!"
대학영어 2: 글쓰기,조희연,23,Spring,5.0,교수님 정말 친절하시고 좋으신 분입니다. 뭔가 할 건 많았는데 대영이니까 그려려니 한 정도였습니다.
대학영어 2: 글쓰기,조희연,23,Spring,5.0,성적도 후하게 주시고 정말 최고입니당..! 로드는 다른 대영에 비해선 어떤지 모르겠지만 자잘자잘 할 건 많았다고 느꼈어요
대학영어 2: 글쓰기,조희연,23,Spring,5.0,"총평 - 로드가 굉장히 많았지만, 훌륭한 교수님으로부터 구체적인 영어 글쓰기 방법(TS, CS, 구두법, 대문자 등)에 대해 배울 수 있어 상당히 유익했고, 많이 노력한 만큼 학점도 좋게 받을 수 있었음. WM은 이후에 영어 글쓰기 할 때도 참고할 듯.

로드 – 묘사 글쓰기, 비교대조 글쓰기, 요약비평 글쓰기, 논증하는 글쓰기를 차례별로 과제로 수행하고, peer reivew와 교수님 피드백을 바탕으로 완성본을 따로 한 번 더 제출해야 함(총 8편의 글쓰기). 중간, 기말 시험도 치르고 이때도 상당한 수준과 양의 글쓰기가 요구됨.
교수님께서 초고를 정말 꼼꼼하게 피드백해주시는데, 이 부분이 정말 좋았음. 한편 그만큼 고쳐야 할 부분도 많아 과제량도 늘어남. 그리고 기본적으로 과제 점수를 높게 주시지는 않는 듯.

수업 진행 방식 – 교수님께서 강의만 하시는 날도 있고, 때로는 조를 랜덤으로 배정하여 학생들끼리 토의시키는 날도 있음. 당연하지만, 수업시간에는 모두 영어로 소통해야 함.

시험 – 교수님이 수업하시는 내용 중 시험과 무관한 것은 거의 없음. 중간도 쉽지는 않았는데, 기말이 더 어렵다고 느껴짐."
대학영어 2: 글쓰기,조희연,23,Spring,5.0,"대영2라는 과목 특성상 어쩔 수 없이 피로한 점은 있지만, 그럼에도 불구하고 대영2를 들어야 한다면 추천하는 수업입니다.

우선 교수님의 인품이 매우 좋으십니다. 처음 몇 번만 출석을 부르고 이후에는 안 부르셨는데, 모든 수강생들의 얼굴과 이름을 외우십니다. 수업 시간 외에 진행되는 추가 질문이나 상담을 할 경우 한국어로도 받아주십니다. 강의를 진행하실 때도 항상 웃으시면서 학생들의 참여를 독려하시는데, 이번 분반은 아쉽게도 굉장히 어색한 분위기 속에서 한 학기가 끝났습니다. 영어로 진행되어 적극적인 참여가 잘 이루어지기 어려운 건 있지만, 나중에 들으신다면 티키타카가 잘 이루어지면 좋겠네요. 수업에서 항상 인사하시고 안부를 물어보시는 등 정말 따뜻하십니다.

로드는 약간씩의 간단한 과제와 3개의 paragraph writing+revision+peer review, 그리고 argumentative essay writing+revision+peer review가 주를 이룹니다. 영어로 글을 쓰는 데에 필요한 여러 문법적 사항, 작문의 기초를 차근차근 배워나갑니다. 제출물 초고에 대해서는 나름의 피드백을 주석과 메모로 진행해주시며, revision을 제출할 때 많은 도움이 됩니다. 때때로 주변에 앉은 학생들끼리 조를 이루어서 말하기를 진행하기도 하는데, 떠듬떠듬 이야기한다고 유창하지 않다는 사유로 감점되지는 않으니 회화도 간단히 챙겨간다는 자세로 임하면 괜찮습니다.

중간고사와 기말고사는 암기보다는 실제 적용 능력을 평가하는 경향이 매우 강하며, 평소 기본적인 영어 어휘 사용과 작문 역량이 있으시다면 편하게 응시할 수 있습니다. 저는 문제의 양이나 수준이 까다롭다고 느껴져서 조금 힘들었지만, 저처럼 시험 당일날에도 공부 제대로 안 하고 들어가지 않으신다면 노력으로 보완할 수 있는 수준이라고 생각합니다.

성적은 중간고사를 평균(68점)보다 못 봤고(기말 성적은 알려주지 않으셨습니다), 제출물(초고는 점수를 알려주시나 revision은 점수를 알려주시지 않았습니다)에서도 각각 100점 만점에 90점 초반 정도였지만, A0이 나왔습니다. 재수강만 면하자는 자세였는데 생각보다 굉장히 후한 학점을 주셔서 감동적이었네요. 학점뿐만 아니라 전반적으로도 만족하는 강의였다고 생각하며,  대영2 픽을 고려하신다면 추천드립니다."
대학영어 2: 글쓰기,조희연,19,Spring,4.0,일단 학점은 A0 막차를 탄 듯 하다. 그치만 가장 힘들었던 과목이다. 매 시간 무언가 할게 있고 과제도 있으며 네 번이나 하는 글쓰기도 은근 스트레스다. 시험도 문항수도 많고 쉽지만은 않다. 그치만 착한 교수님과 대영치고 상대적으로는 그렇게 많지 않은 로드기에 수강을 추천한다.
대학영어 2: 글쓰기,조희연,21,Spring,5.0,갓희연 교수님 꼭 들으셔야 합니다 일단 전 강의시간에 그렇게 열심히 참여하지도 않았고 말하기 못해서 조별 말하기 할 때마다 뚝딱거렸습니다. 말하기 자신 없어도 꼭 들으세요 글쓰기 수업이니까 글쓰기만 성실히 하시면 됩니다. 모든 과제에 대한 피드백 진짜 꼼꼼하게 체크해주시고요 글쓰기 형식부터 방법을 정말 너무너무 세세하게 알려주셔서 큰 도움되었습니다. 교수님 착하고 따뜻한 분이십니다 성적 잘 주셔서가 아니라 진짜 친절하시고 학생들 생각해주시는 분이에요! 기말 시간 모자라서 잘 못 봤는데도 과제 하라는대로 다 해가니 a0 주셨습니다 그냥 하라는대로만 하시면 성적 잘 나와요
대학영어 2: 글쓰기,조희연,21,Spring,5.0,"교수님 정말정말 착하셔요! 제가 뵈었던 대학 교수님 중 천사 탑텐에 들 정도로요❤ 교수님의 자비로우신 인성이 줌을 뚫고 전달됩니다. 자체 교재로 하는 글쓰기 수업이라 부담 없이 들을 수 있었고, 영어 글쓰기의 기틀을 잡을 수 있었어요. 성적을 엄청 잘 주시는 것까지는 아는 사람이 없어 잘 모르겠지만 저는 만족했습니다! 편하게 즐겁게 들으실 대영은 희연쌤과~♡♡"
대학영어 2: 글쓰기,조희연,20,Fall,5.0,과제량은 보통입니다. 교수님께서 인품이 좋으셔서 학생들 일정을 최대한 배려해주시고 질문에 친절히 답해주십니다. 성적은 조금 잘 주는 편인듯 합니다.
대학영어 2: 글쓰기,조희연,20,Spring,4.0,"교수님 되게 따뜻하시고 학생들 배려해주려는 게 느껴저서 좋았어요. 글쓰기 수업인데 수업시간에는 말하기 많이 하니까 너무 부담스러우신 분들은 고려하세요! 그치만 되돌아보면 영어 글 쓸 때의 방향이나, 지금까지 스스로 넘어갔던 오류들을 많이 캐치할 수 있었고 게다가 말하기까지 어느 정도 어색하게 할 수 있도록 연습할 수 있었기에 저 스스로에게 많은 도움이 되었던 강의인 것 같아요! 
과제는 글쓰기 4회 + 각각 peer review 2개씩 총 8번 + revision 4회로 적지는 않았어요 상대적으로 다른 대영2보다 많은 건지 혹은 적은 건지는 잘 모르겠지만 꽤 시간도 많이 들였습니다ㅠㅠ 그래도 수업 준비를 위한 과제들은 그렇게 부담스럽지 않은 수준이어서 좋았어요
성적은 그냥 글쓰기 다 열심히? 보통 이상은 쓰려 노력하구 첨삭받은거 최대한 다 반영하면서 글 쓰고, 마지막 기말 그날 몇시간 보고 적당히 쳤더니 에제 나왔어요! 참고하세요
교수님 수업 듣고 많은 것 얻어갔습니다❤️"
대학영어 2: 글쓰기,조희연,20,Spring,5.0,"대영이라 과제가 좀 되는 건 어쩔 수 없는 것 같고, 저는 그만큼 배워가는 게 많다고 느꼈습니다. 수업 준비 열심히 해주시고 과제 개인 피드백도 정말 성의 있게 해주세요. 앞으로 영어로 글 쓸 일 또 있으면 유용하게 쓸 만한 것도 꽤 많이 얻어가는 것 같아요. 줌 사용도 익숙하게 하셔서 처음부터 원활하게 온라인 수업했구요. 글쓰기 수업인데도 거의 매 수업 소그룹회의에서 다른 학생들과 영어로 대화하도록 하시긴 하지만, 영어 말하기 정-말 자신 없는 저한테도 크게 부담은 안 됐어요. 돌아보면 글쓰기 수업에서 말하기 연습까지 할 수 있었다는 게 기분 좋네요! 성적은 글쓰기 다 평범했고 기말 망쳤다고 생각했는데 에이쁠 받았어요. 제가 생각보다 잘 본 건지 후하게 주신 건지는 모르겠지만 .. 평소에 글쓰기 과제 성실히 따라가면 성적 누구나 잘 받을 수 있을 것 같네요! 
그리고 무엇보다 교수님이 정말 좋은 분이세요. 학생들 배려해주시고, 따뜻한 분이시라는 게 화면 너머로도 느껴졌어요. 영어 자신 없어서 대영 수강신청할 때 고민 정말 많이 했는데, 교수님 수업 고른 반 년 전의 저를 아주 칭찬해주고 싶습니다. 성적 잘 못 받았어도 이 수업 들은 것 후회 없었을 것 같아요. 교수님 제가 참 좋아했습니다 행복하십쇼 ..."
대학영어 2: 글쓰기,조희연,20,Spring,5.0,"얻어가는 게 참 많았다고 생각합니다.
묘사, 비교 및 대조, 요약, 논설 이렇게 네 번 글을 쓰게 되는데
교수님 피드백 + Peer review 받고 다시 다듬어서 최종 제출하는 식으로 진행이 됩니다.

성적은 잘라주시는 것 같고, 시키는 대로만 잘 따라가면 되는 것 같습니다. 저는 마지막 논설문이 다소 미흡했다는 걸 알았기 때문에 A0 예상했고 예상대로 나왔네요."
대학영어 2: 글쓰기,조희연,20,Spring,3.0,이제 발표 많이함. 다른 대영은 모르겠으나 과제도 꽤 많음.. 그래도 일정 고려해서 조정은 해주시는 듯.
대학영어 2: 글쓰기,조희연,17,Spring,5.0,교수님 천사. 친절하시고 영어글쓰기 피드백도 꼼꼼히 해주심. 무엇보다 가장 큰건 발표가 3%밖에 안되고 그냥 자기소개하는게 다임. 영어로 발표하는게 부담이 큰걸 이해해주셔서 좋으심.
대학영어 2: 글쓰기,Paul Shepherd,24,Spring,4.0,과제가 매번 있는데 그렇게 오래 걸리는 건 아니고 중간고사를 안봐서 괜찮아요 얻어가는 게 꽤 있는 강의같음
대학영어 2: 글쓰기,Paul Shepherd,23,Fall,4.0,전반적으로 괜찮습니다만 과제가 매주 나갑니다. 학점도 적당~너그러움 사인거 같아요
대학영어 2: 글쓰기,Paul Shepherd,23,Fall,5.0,"인문대생인데요 대영1 대영2 둘 다 폴 교수님으로 들었습니다!! 🫶 엄청 FM적이셔서 깐깐한 면도 있지만 그만큼 피드백이나 성적 처리도 빠르고, 체계적으로 수업이 진행되어서 개인적으로 너무 좋았습니다!

학점은 A대는 조금만 열심히 하면 받기 쉬운데, A+은 잘 안 주시는 것 같아요 ㅎㅎ.. 그렇지만 영어 글쓰기에 대한 전반적인 지식을 배워갈 수 있었던 매우 유익했던 수업이라 만족합니당

참고로 수업에서 하는 모든 활동(숙제, practice paragraph, 개요 짜기, 초고 등)은 전부 다~ 평가에 들어가니 모두 성실히 해야합니다!! 말을 많이 시키시긴 하지만, 대답을 잘 못해도 괜찮아서 저는 부담 그렇게 없었어요! 오히려 안 졸려서 좋았네요
교수님 스윗하시고 수업도 은은하게 재밌습니다!! 😊👍"
대학영어 2: 글쓰기,Paul Shepherd,23,Fall,5.0,"극도의 객관성을 추구하시고 정확성을 요구하시는 면이 있지만, 학생들을 최대한 배려하려는 교수님의 노력이 와닿았고 늘 열정과 애정을 갖고 강의하신다는 인상을 받았습니다. 부담없이 듣고 치우고 싶다는 생각을 가지고 있었는데 한 학기 동안 생각보다 많은 것을 배우고 얻어갈 수 있었어요. 이 수업을 들은 것이 후회 없는 선택이었다고 자부합니다."
대학영어 2: 글쓰기,Paul Shepherd,23,Spring,2.0,"로드 많고 조모임도 조금 의미 없는 것 같아요 
계속 질문 주고받으면서 수업하십니다"
대학영어 2: 글쓰기,Paul Shepherd,22,Fall,5.0,"교수님이 착하심. 대신 원어민이라 내성이 없는사람들은 살짝 힘들수도?
학점은 적당히 잘주심. 대신 매일 숙제가 있는데(과제 말고 숙제임) 부담없이 10분컷 가능함. 숙제 체크도 안하고 그냥 수업시간에 호명하는 학생한테 답 말해봐라~하는거라서 즉석에서 풀수도 있음."
대학영어 2: 글쓰기,Paul Shepherd,22,Fall,5.0,"⭐️ 무난하고 나쁘지 않은 영어 수업이고 꼼꼼하신 분들, 영어에 대해서 막연하게 어려움 가지고 계신 한국식 영어에만 익숙하신 분들이면 추천합니다! 

 저는 영어에 많이 자신이 없어서 수업 수강 전에 걱정을 많이 했는데요 ㅠㅠ 채점 기준표가 있으셔서 그거에 맞춰서 점수 알려주셔서 좋았습니다. 보통 인문대 교양은 그런 식으로 점수가 안 나오는데 이 교수님 대영은 평균이랑 본인 점수까지 다 채점표에 맞춰서 나와서, 뭔가 영어에 대한 막연한 두려움이 있으신 분들께 추천하는 강의입니다. 물론 이미 써주신 분들 말씀대로 손글씨 알아보기는 힘든 건 맞지만 ㅋㅋ ㅠ 그래도 잘 보면 다 보여요! 수업 전후로 질문도 잘 받아주셔서 인용 같은 거 헷갈리면 여쭤보고 그랬습니다. 

과제는 점수가 나와서 평가되는 과제는 3개인데, 그 외에 교재에 딸린 과제 메일로 전송하는 과제가 몇 번 있었어요! 수업 과제 및 수업 시간을 위해 교재가 꼭 필요한 수업입니다. 과제 제출하고 수정해서 제출한 것도 평가 받기 때문에 처음에 잘 안 나와도 잘 수정해서 내면 좋은 점수 나와용

시험은 기말고사 한 번 보는데 그것도 채점하시고 모든 영역별로 점수 알려주시고 시험 전에 수업 시간에 다 리뷰해주시고 예상문제도 같이 풀어서 시험 공부할 필요가 없었어요.

그리도 성적을 빨리 알려주십니다. 성적을 매우 잘 주신다고 말할 수는 없지만 열심히 하면 적당히 잘 주시는 것 같아요! (수업 총점 9.5/10, 글쓰기 과제 평균보다 2점 위, 시험 역시 2점 정도 위였고 A0 받았습니다.)"
대학영어 2: 글쓰기,Paul Shepherd,22,Spring,4.0,자잘자잘한 과제가 많고 조 짜서 간단하게 대화하는 활동이 좀 있습니다 부담가는 정도는 아니에요. 글쓰기 과제가 총 3번인데 교수님이 정해주시는 기준이 꼼꼼하셔서 그거를 충족시키는기 중요한 것 같고 기말보다는 마지막 에세이 쓰는 과제가 가장 중요한 것 같아요. 에세이 최종본 99.5 받고 기말은 평균보다 조금 높은 정도였는데 에이쁠 받았어요. 교수님 성격 자체는 너무 좋으시고 학생들 배려해주시는 게 너무 좋았습니다. 전체적으로 무난한 대학영어 강의같아요!
대학영어 2: 글쓰기,Paul Shepherd,21,Spring,5.0,"많이 배워가는 학기였음. 신사의 나라 영국인 답게 예절을 중요시 하심. 비대면이어도 모자를 쓰면 안 되고, 마시는 것만 가능하다는 것을 초반부터 강조함. 메일 쓸 때도 Sir, Professor 등으로 보내야 함. 물론 당연한 거니까 패스.  또 리버풀에 자부심이 많으셔서 비틀즈, 리버풀FC 좋아하심.  런던 물가 비싸서 몇 년 안 살았다 하시는데 되게 우리나라 상황 보는 거 같아서 공감 가고 좋았음. 

자잘자잘한 숙제들이 많음. 2-30분 들여서 채운다는 생각으로 하기 보다는 정성 들여 쓰는 것을 추천. 실제로 만점 안 주는 과제인데 내가 봐도 영어 교과서 느낌으로 빡세게 해서 특별 점수 만점 받았고 이후 기말에서 망했는데도 만회했음. 기말은,,, 비대면 영어 시험인데 문제가 많아서 time attack 식임. 뒤에서부터 푸는 것을 추천. 처음에 교수님 보시기 편하라고 틀린 부분 찾기에 볼드체+빨간 글씨+형광펜 콜라보 했다가 시간 다 잡아서 뒷 부분 제일 배점 큰 것 흘려 씀. 그래도 시험 쉬움. 시험 보기 전에 한 학기 동안 무엇을 배웠고 기말 시험에 무엇이 출제될 수 있는지 2번? 나눠서 리뷰해주시기 때문에 그때만 정신 차리고 들으면 됨. 

과제는 생각보다 사람들이 브레인스토밍+아웃라인을 멋지게 해와서 처음에 충격 받을 수 있음. 아이패드로 예쁘게 하는 사람부터 아이디어가 풍부한 사람까지 다양했음.  매번 구글 드라이브에 올려주어서 etl 안 들어가고 거기만 사용해도 될 정도임. 

사실 다른 교수님 대영 듣다가 드랍하고 이 수업 들었는데 교수님 아니었으면 영영 못 들었겠다는 생각도 함.  교수님이 쉬운 영어 천천히 말하셔서 따라가는 데 지장 없음. 오히려 외국 유학 갔다 오신 우리 학부 교수님 영어가 더 어려움... 영국 발음이어서 확실하게 들리는 것도 장점. 

시간대가 맞아서 들었는데 진짜 잘 들은 느낌임. 성적은 에이 나옴.  자신이 영어 자신 없다+성실하다+교수님과 소통하고 싶다 = 추천함."
대학영어 2: 글쓰기,Paul Shepherd,21,Spring,3.0,"괴제가 워낙 많고, 의미 없는 소모임이 조금 많습니다. 제가 알기론 다른 수업들보단 소과제가 많아서 조금 귀찮을 수 있습니다. 굳이 이 교수님을 픽하지 않을꺼 같습니다. 그리고 과제, 기말 다 평균점수 이상인데 B+ 나왔습니다. 그만큼 다른 학생들도 잘나온다는 뜻이겠죠..."
대학영어 2: 글쓰기,Paul Shepherd,21,Spring,5.0,"외국인 교수님이지만 또박또박 천천히 말씀해주셔서 알아듣는데 문제없었음 + 모르는 단어 있으면 즉석에서 물어보면 사전 같이 공유해서 뜻 알려주시기도 함

과제는 매 수업마다 교재나 pdf 풀어오는 자잘한 과제 있는데 전혀 부담스러운 수준은 아님
소회의실 열어서 과제 같이 공유하거나 수업에서 주시는 문제 같이 해결하게 종종 시키심 
주요 과제는 3개 정도?였는데 피드백 주시면 고쳐서 다시 내야 하고, 마지막 과제가 제일 분량이 많았는데 (2-3장 정도? 근데 줄간격 2.0) 이건 피드백 반영해서 제출하는 게 초고보다 중요하다 하심. 주제가 아주 어렵지도 않고 분량이 아주 많은 것도 아니지만 그래도 평소 과제에 비해 시간을 더 들이기는 해야함

시험은 그냥 시험 전에 교수님이 배운거 리뷰해주시는 시간 있는데 그거 잘 들으면 풀 수 있고 한국식 영문법에 익숙한 사람이면 다 아는 내용일 가능성 높음 (관사 전치사 작문 정도 빼면...?)

다른 대영2 수업이 어떤지는 모르지만 나는 굉장히 만족스럽게 들었고 추천함! 대영 특성상 자잘한 로드는 있을 수밖에 없음 
(아래 다른 평가 중 교수님 글씨가 약간 읽기 어렵다는건 동의)"
대학영어 2: 글쓰기,Paul Shepherd,21,Spring,4.0,"매 수업 시간마다 자잘한 숙제가 있습니다 시간을 엄청 할애할 만큼의 로드는 아니고 보통 2-30분 정도면 끝낼 숙제들이에요
paragraph와 essay는 1차 원고와 2차 수정본 각각 점수를 매겨주십니다 1•2차의 반영 비율이 각각 어떻게 되는지는 잘 모르겠지만 essay의 경우는 2차 반영 비율이 더 높다고 말씀해주셨어요 피드백을 꼼꼼하게 해주셔서 고치라는 것만 고쳐도 2차 때 점수는 올라갑니다
대부분의 수업 시간 때 소회의실을 열어서 토의?하게 해주셨어요 글쓰기 수업이지만 말을 할 일이 많을 것이라고 첫 수업 시간 때도 밝히셨던 기억이 나네요 원어민 선생님이신데 천천히 또박또박 발음해주셔서 수업 시간 동안 말씀을 못 이해한 적은 없어요
점수 나온 거 전부 평균 언저리고 기말고사는 평균보다 낮아서 학점은 큰 기대 안 하고 있었는데 에이 받았습니다 시험보다는 과제 비중이 더 큰 듯합니다"
대학영어 2: 글쓰기,Paul Shepherd,20,Fall,3.0,교수님이 피드백을 손글씨로 해주시는데....뭐라고 쓰신건지 알아볼 수가 없었음...
대학영어 2: 글쓰기,Paul Shepherd,20,Fall,3.0,굳이 이 교수님 대영 강의를 들어야되나 싶음. 피드백을 꼼꼼히 해주시긴하지만 매번 자잘한과제가 있음. 나쁜건 아니었는데 다시 듣고싶지는 않은 강의.
대학영어 2: 글쓰기,Paul Shepherd,20,Fall,5.0,제발 들으세요 이게 대영2 중에 제일 좋은 수업인듯 배워갈 점도 많고 힘들지 않은 좋은 수업
대학영어 2: 글쓰기,Paul Shepherd,20,Spring,3.0,교수님 매우 꼼꼼하시고 피드백도 잘 해주십니다. 하지만 매일매일 짜잘짜잘한 과제가...(+꼼꼼하신 분들이 듣는 걸 추천드립니다. 관사 오류까지 피드백하시고 점수에 반영하셔서 개인적으로는 좀 힘들었습니다 ㅠㅠ) 그래도 1학기 동안 좋은 강의 감사했습니다!!
대학영어 2: 글쓰기,Paul Shepherd,20,Spring,4.0,"과제는 짜잘한 과제가 조금씩 매번 있고, 그런 과제가 없을 때는 에세이 과제가 있습니다 (에세이 과제 총 3번). 꽤 많게 느껴질 수도 있지만 그래도 못할 정도로 많지는 않습니다. 학점은... 비율 딱딱 끊어주시는 듯 합니다. 과제 점수, 시험 점수 모두 평균보다 높아서 나름 기대하고 있었는데...학점을 나쁘게 주신 건 아니지만 살짝 아쉬운 정도? 그래도 교수님께서 친절하시고 평가 기준이나 피드백도 성실하게 알려주셔서 좋은 강의였던 것 같습니다."
대학영어 2: 글쓰기,Paul Shepherd,19,Fall,4.0,"폴 교수님께서는 영국인 원어민 교수님이십니다. 영국 발음이 살짝 묻어 나오지만 발음을 또박또박 천천히 말씀해주셔서 이해에는 거의 문제가 없었던 것 같습니다. 
꼼꼼하신 분으로 paragraph 숙제 등을 내주시면 채점 기준을 명확하게 알려주시고, 채점 기준은 수업시간에 학습한 내용을 바탕으로 체계적으로 짜여집니다. 
친절하게 학생들과 대화하면서 모르는 점을 질문했을 때 잘 알려주신다던지, 학생 이름을 다 외우시고 신경써서 대해주시려고 노력하시는 모습이 개인적으로 마음에 들었습니다.
수업은 영어 글쓰기의 형식과, 필요한 문법적인 요소들을 위주로 이루어집니다. 수업을 열심히 듣고, 과제를 성실히 하면 영어 글쓰기의 형식에 대해 체계적으로 배워갈 수 있다고 생각합니다.
과제는 매 수업마다 조금씩 짧은 서/논술형 문항에 답을 노트에 적는 형태로 나오고, 3번의 글쓰기 과제에 대해서 각각 brainstorming부터 초고, 퇴고의 과제가 나옵니다. 과제가 엄청 많은 정도는 아니라고 생각하지만 몰아서 과제를 한다면 상당히 과제가 많게 느껴질 수도 있을 것 같습니다.
시험은 기말 한번으로, 기말 전에 여태까지 배운 문법을 정리하면서 시험 문제 유형을 대략 알려주십니다. 과제에 비하면 편하게 준비할 수 있고, 그만큼 과제가 더 중요하게 반영됩니다."
대학영어 2: 글쓰기,Paul Shepherd,19,Spring,5.0,"딱 필요한 과제만 내 주심.
원어민 선생님이지만 말을 천천히, 설명도 자세하게 반복해주셔서 못 알아들을 걱정 안 해도 됨. 교수님 쏘 스윗하시고 이메일 질문 답장도 꼼꼼하게 해주심.
과제 채점 기준을 너무너무 자세하게 알려주시고 어디서 감점됐는지도 확실하게 알려주셔서 반박불가고, ㅣ그래서 오히려 성적불만이 없어서 좋은 거 같음."
대학영어 2: 글쓰기,박여선,20,Fall,4.0,"글쓰기 특성 상 에세이 과제 3번 + 추가적인 과제가 있었고 4번의 퀴즈가 있었습니다
점수는 .. 비율 맞춰서 주신거 같아요"
대학영어 2: 글쓰기,박여선,18,Fall,4.0,교수님은 친절하시고 학생들에게 관심도 많으십니다. 그런데 과목특성상 배우는 내용이 기초적이어서 지루한 감이 있었습니다. 글쓰기 과제 이후 개별면담을 통해 오류나 개선할점을 지적해주십니다.
