경제학개론,이병윤,23,Spring,5.0,경제학개론 강의를 들으려면 교수님 수업 추천합니다. 강의력 좋으시고 성적도 꽤 잘주는것 같습니다.
경제학개론,이병윤,22,Spring,5.0,"성적보고 놀라서 강의평쓰러 왔습니다.
둘다 q2보다 낮은데 비플을 주신..."
경제학개론,이병윤,22,Spring,4.0,"책 내용보다는 수업시간에 따로 하신 얘기가 시험에 나오는데, 수업시간에 열심히 들으면 시험을 잘 볼 수 있다는 점은 나쁘지 않습니다.
다만 진도 양이 많아서 공부나 과제하기가 좀 빡센 것 같습니다.
성적은 시험 점수대로 나오는 것 같고, 수업은 경제에 관심이 있다면 재밌는 편입니다."
경제학개론,이병윤,22,Spring,5.0,교수님께서 정말 친절하시고 etl 질문에도 정성을 다해 답변해주십니다. 개론 수업이라 난이도가 높지는 않지만 학생들의 이해상태를 늘 신경쓰시고 교수법을 더 개선하고자 하는 모습에서 교수님의 진심을 느꼈습니다.
경제학개론,이병윤,22,Spring,5.0,"강의력도 좋으시고 썰도 재밌어요
그 썰푸신게 시험에 나와요"
경제학개론,이병윤,22,Spring,5.0,"진짜 경제학""개론""이 뭔지 알 수 있는 강의.
멘큐의 경제학 ppt를 사용하시지만 책에 있는 따분한 원론적인 이야기가 아닌 경제 동향과 이론을 접목하는 수업을 하심. 그래서 경제에 관심이 있다면 더욱 재미있게 들을 수 있을것같음! 시험도 교수님이 하신 말씀들 주제로 나오는 편이기 때문에 수업을 열심히 듣는다면 시험공부 안해도 성적 잘나옴. 수업시간에 집중하고 잘 들으면 시험 공부 따로 안해도 q3은 충분
최종성적은 나와봐야 알겠지만 성적 짜게 주셔도 후회없는 수업인거같음"
경제학개론,이병윤,22,Spring,4.0,강의력도 좋으시고 다 좋은데 시험이 책에서만 나오지 않으니 주의 수업에 집중하자
경제학개론,정세열,18,Spring,3.0,통강이라 힘들고.. 교수님은 자상하고 지루하신 분. 정말 상냥하게 설명해주시는데 나긋나긋한 말투 때문인지 너무 졸림. 경제 자체에 관심 있는 학생이라면 그래도 버틸만할듯. 공부하면 시험은 잘 볼 수 있어요 기출 열심히 보면 도움 됨
경제학개론,정세열,18,Spring,4.0,"+) 출결은 직접 호명이긴 하지만 인원이 많은 관계로 일부만 부릅니다. 특히나 그것도 매번 부르는 것도 아닌지라 1학기 동안 저처럼 한 번도 안 불린 사람들도 꽤 있을듯 히히

밑에 분이 말씀해주신 내용에서 크게 벗어나지는 않겠지만 그래도 강의평 적어두는게 나을거 같아서...!! 진짜 경제학에 대해 잘 아는게 아니라면 조금 어려울 수는 있을 거 같아요. 안다고 생각했던 개념들이 적용 문제로 나오니까 모르겠는 부분도 많고 확실하다 생각했던 문제들도  채점해보면 비가 내리는... ☔
강의력이 그리 좋지는 않아요. 다른 분이 말씀하신대로 3시간 통강 내내 집중하기란 쉽지 않습니다.  그래도 가격차별이나 이런 부분에서 교수님께서 상세하게 예를 들어주시기고 하시면서 보다 쉽게 이해할 수 있는 부분들도 꽤 있었어요.(개인적인 의견입니다)
 경제학이라는 분야 자체가 상식적인 부분이 있기 때문에 교양으로 배우기에 나름 괜찮은 과목이라는 생각이 듭니다. (특히 정치와경제 학점 채워야하는 분들이라면... 저는 북개랑 경개 중에서 고민하다가 암기가 자신 없어서 경개 들었는데 괜찮았던거 같아요 히히) 
성적도 학점 비율 채워서준다고 표시하긴 했는데 제가 워낙 공부를 제대로 안했었기 때문에(중간기말 모두 1회독 + 교수님께서 나눠주신 기출이 전부) 뭔가 잘 주신거 같다는 느낌이기도 해요. 중간 하위 20% 정도(직접 세어봤어요...😅)에 기말이 딱 50%였는데 B0 나왔습니다. 당연히 재수강 나올줄... 헤헤 하지만 성적을 잘 주는지는 윗 성적대의 이야기가 보다 믿을만하기 때문에 참고만 해주세요 :)"
경제학개론,정세열,18,Spring,4.0,"경제 고등학교 때도 한번도 안듣고 들은 학생으로서, 경제에 대한 감(?)이 없으면 정말 어려워요ㅜㅜㅜㅜㅜㅜ 다 안다고 생각해도 시험 보면 아닌게 바로 경제인듯 그리고 뒷부분 갈수록 내용도 장난없어요 맨큐 거의 다해요. 그런데 다른 수강생들은 경제가 자기 길이라는 것을 발견하기도 한다고 하니... 경제 관심있으시면 들어보시는 것도 추천해요  강의력은 기대하지 않고 들으면 나름 괜찮고요 (※주관적) 세시간 통강 정말 힘들어요 ㅎㅎㅎ"
경제학개론,강창민,23,Fall,5.0,강의력 좋으시고 노베였는데도 평소에 틈틈이 복습해둬서 성적 잘 받았습니다.
경제학개론,강창민,23,Fall,5.0,"과제 x / 시험 두번 / 전자출결
시험 전날에 기출 풀고 ppt 참고하면서 이해 안 가는 부분 정도만 검색해봐도 시험문제 푸는데에 아무 문제 없는 것 같습니다!"
경제학개론,강창민,23,Fall,4.0,"교수님 강의력도 좋으시고 쉬는시간도 3번 주시는데
처음에는 출석을 반영 안한다고 말하시기도 한 것 같고 강계서에도 0%라 있어서 결석을 했는데
마지막 수업에서 출석 갑자기 반영하신다고 해서 A+ 받을 성적 A0 받고 가네요..ㅎㅎ 제 잘못이긴 하지만 담에 수업 들으실 분들 대출 잘 하셔서 참고하세요
로드는 없고 시험 두 방이라서 꿀임!"
경제학개론,강창민,23,Fall,5.0,기출을 다 올려주셔서 시험 공부하기 편하고 강의력도 좋으신 편
경제학개론,강창민,23,Fall,5.0,"중간 q1 + 6, 기말 q3 + 0.25, 결석 X => 에제
강의력, 강의자료, 시험 다 깔끔 그 자체입니당

경제 초보라 걱정 많이 했는데 조금 어렵긴 했으나 에제 받아갑니다!! 중간 말아먹었는데 기말때 충뷴히 뒤집을 수 있는 것 같아요 10년치 기출이라 풀 때 눈물이 쫌 나오지만,, 할 수 있습니다 화이팅"
경제학개론,강창민,23,Fall,5.0,"이과생 강추 과제없고 수업, 시험 다 깔끔함
강의력 좋아서 수업들으면 좋지만 수업 안듣고 ppt+교재로도 커버가능
중간 q3-5 기말 q2-10 결석 한번으로 에마 받고감
중간, 기말모두 전날 벼락치기로 ppt한번보고 기출올려주신거 보고들어감"
경제학개론,강창민,23,Fall,5.0,"전자 출결 / 시험 2번 (중간, 기말) / 과제 없음 (2023-2학기 기준)"
경제학개론,강창민,23,Fall,4.0,"다음에 들을 분들을 위해 중간고사 통계량 남겨드려요
160점 만점 기준
평균 90 Q1 68 Q2 96 Q3 111"
경제학개론,강창민,23,Spring,5.0,"교수님이 지각은 좀 하셨지만
덕분에 시험 망했지만 에마 받아갑니다 학점 미화 가능
중간 Q3-5 기말 Q2-15 이렇게 받음
그리고 기출 족보 다 주시니까 솔직히 수업 안듣고 이것만 풀어봐도 됨"
경제학개론,강창민,23,Spring,2.0,"교수님이 늦잠자다 50분씩 지각할때도 있고 기본 10분은 지각합니다
공부한게 아깝긴 해도 매몰비용이니까 합리적 선택으로 드랍합니다 이거 하나는 머리에 확실히 남기고 가네요"
경제학개론,강창민,22,Fall,4.0,족보 다 올려주시고 시험 문제중 절반은 족보와 똑같이 내십니다. 그래서 인지 평균은 항상 절반보다 쪼금 위더라구요. 저는 재수강 할 생각하고 공부는 안하고 족보만 보고갔는데 B0 받았네요. 자드를 싫어하시는거같아요....
경제학개론,강창민,22,Fall,5.0,강의 참 재밌어요 계속 듣다보면 빠져듭니다 근데 좀 중구난방인 느낌이 없지않아 있습니다...
경제학개론,강창민,22,Fall,5.0,"로드 없고
시험 두방
전자 출결
강의력 좋은데 잡담 많이 해서 조금 아쉬움

경제에 대해 안다기보다 아주 조금 맛만 보면서 학점 잘 딸 수 있는 강의 같아서 나쁘지 않았음"
경제학개론,강창민,22,Fall,4.0,"교수님 강의력 좋으시고 중간중간 썰 풀어주시는 거 재밌어요. 근데 뒤로 갈수록 잡담이 거의 수업 내용의 절반은 된 듯.. 
로드 없고 전자출결이라 편하게 들을 수 있어요. 비록 저는 시험 망쳐서 비쁠 받아가지만.. 제 점수에 비하면 매우 후하게 주신 듯 합니다. 배우는 내용 자체는 재밌어서 경제학 관심 있는 분들 추천드려요~"
경제학개론,강창민,22,Fall,5.0,비록 공부를 안 해서 q2 q2 b쁠 받긴 했는데 족보에서 그냥 다 내시고 기출들 다 나눠주시니 달달 외우면 됨. 수업 시간 내용은 이론 위주고 시험은 문풀 위주(그래프 그리고 표 그리고 등등)라 굳이 안 듣고 교재만 잘 읽어도 문제 해설은 이해할 수 있을 듯.
경제학개론,강창민,22,Fall,4.0,"1. 강의력
좋은지 모르겠음. 강의보다 혼자 맨큐읽고 성적땀
2. 성적
본인은 Q3+1n, Q3+1n 받고 A+. 
3. 출결
빡세지 않음. 일단 전자출결인데 중간에 출튀하거나 늦게 들어와도 교수님께 마지막에 정정해달라하면 다 해주시는 듯.
4. 로드
과제가 거의 없음. + 시험 두방 끝 편한 수업이었음"
경제학개론,강창민,22,Fall,5.0,강의력이 엄청 좋으십니다. 과제가 제로라는게 큰 장점이고 시험도 대부분 족보에서 나오는데 족보를 다 배포해주셔서 공부하기도 편합니다. 강추
경제학개론,강창민,21,Fall,3.0,기말고사 공지(시험범위 안내 등등)를 적어도 일주일 전에 해주셨으면 좋겠습니다.
경제학개론,강창민,21,Fall,5.0,"강의력이 정말 좋으신 것 같고 로드도 정말 없어요
근데 중간고사를 보고 살짝 어렵다는 생각이 들어서 시험 대비에 시간을 꽤 투자한 것 같긴 합니다! 
매주 퀴즈가 있는데 전혀 부담되지 않고 내용도 쉬워요~
다들 들으시길 추천합니다!"
경제학개론,강창민,21,Fall,5.0,"진짜 로드 1도 없는데, 심지어 녹강 출석도 반영안하심! 매주 퀴즈를 봐서 출석 대신으로 점수에 반영하시는 거 같음. 퀴즈는 진짜 쉬운 문제들이라 걍 후딱 풀고 10분안에 사진 찍어서 올리면 됨.
시험은 중간 기말 두번이고, 비대면 오픈북 시험으로 진행됨. 오픈북이라 그런지 난이도가 좀 높았음ㅠㅠ어려워따..
그러나 교수님께서 겁나 잘 정리된 ppt+ 10개년 정도의 기출문제를 미리 주시기 때문에 시험 준비는 정말 편함! 강의 녹화본 볼륨이 좀 작은거 제외하고는 강의력도 좋으심! 결론은 내가 얼마나 잘 이해했는가..인듯..^_ㅠ
학점은 중간 상위권, 기말 중간값하니까 A+ 받음! 원래 학점을 잘 주시는 것 같음."
경제학개론,강창민,21,Fall,5.0,"비대면이면 무조건 들어야 하는 개꿀강의
로드제로 출첵없는 녹강 자체제공 족보
안 들을 이유가 없다"
경제학개론,강창민,21,Spring,4.0,강의력이 매우 좋으십니다. 직접 만드신 것으로 추정되는 ppt에 내용이 매우 잘 정리되어 있어서 책 없이도 수월하게 공부할 수 있었습니다.
경제학개론,강창민,21,Spring,5.0,학점도 달달하고 최곱니다. 그냥 열심히만 하세요
경제학개론,강창민,21,Spring,4.0,코로나로 인해 비대면으로 진행하였으며 녹강이었습니다. 따로 출첵은 하지 않았고 매주 올라오는 시험을 9분만에 풀고 올려야 했습니다. 중간 기말 비대면으로 쳤고 오픈북입니다.  기초적인 것은 알고 들어가야 ㅏㄹ만합니다. 교수님이 기출 올려주시니 한 번 보고 들어가세요. 열심히 하면 A쁠 가능입니다.
경제학개론,강창민,21,Spring,5.0,"어차피 이제 대면일테니 비대면 수업 관련 얘기는 빼고,

강사님이 진짜 잘가르치심. 짬이 있어 보인다 해야되나.. 강의 ppt도 잘 정리돼있고, 기출문제와 풀이도 전부 공개해 주시는데다가 문제도 깔끔해서 혼자 공부하기도 좋음. 

학점도 팡팡 뿌리신다 비대면이라서 그랬겠지만 대면이어도 크게 달라지진 않을듯"
경제학개론,강창민,21,Spring,5.0,"10점을 주고 싶은데 5점밖에 못 줘서 아쉽네요.

과제가 전혀 없고 학점을 잘 주십니다. 매주 10시에 하는 9분짜리 퀴즈가 귀찮긴 하지만 많이 틀려도 좋은 성적 받는 데에 지장 없습니다.

강의력 좋으시고 강의는 유익하고 재미있습니다. 집중해서 듣고 피피티 잘 읽으면 노베이스도 쉽게 이해합니다.

시험은 중간 기말 두 번 치르고, 가르친 부분에서 나옵니다. 기출을 이티엘에 전부 올려주셔서 시험 준비하기 매우 편합니다. 피피티에 매우 잘 정리되어 있어서 그것만 쭉 읽으면 다 정리됩니다.

교과서는 필요 없습니다. 안 사도 됩니다.

강창민 교수님 화내는 것 별로라고 하는 분들 있는데, 그것도 은근히 매력입니다. 츤데레 교수님 귀엽습니다. 깨물어 주고 싶기도 합니다.

꿀강이고 얻어갈 것 많은 강의입니다. 강창민 경제학개론 꼭 들으세요."
경제학개론,강창민,21,Spring,4.0,"강의 소리가 잘 안 들립니다. 강의력은 좋은 것 같으나 비대면 시즌은 좀 불편한 점이 많네요.
학생들에게 매우 불친절하신 면도 있는 것 같습니다. 공지사항이나 강의계획서엔 화가 묻어 나왔어요.
그치만! 학점은 꿀이네요!! 아예 던져버렸는데(180만점에 50점 하) B0 나왔습니다"
경제학개론,강창민,20,Fall,2.0,"1. 강의
강의는 녹강으로 올라왔습니다. 교수님께서 강의력은 좋으신 것 같습니다. 수업자료도 직접 만드시는 것 같고 잘 정리되어 있어서 좋습니다. 나름 수업도 재미있었습니다. 

2. 퀴즈(출석 대신)
퀴즈는 매주 한 번씩 이루어졌습니다. 10분의 시간이 주어지며 문제에 대한 답을 수기로 작성하면 됩니다. 한 문제이고 난이도도 크게 어렵지 않습니다만, 파일 변환으로 인해 시간이 매우 촉박합니다. 

퀴즈가 제시간에 올라오지 않거나 본래 지정된 게시판이 아닌 장소에 올라오기도 했습니다. 또한, 퀴즈 당일까지도 별다른 공지 없이 퀴즈가 취소된 적도 있었습니다. 

3. 시험
시험은 중간 1번, 기말 1번으로 진행되었습니다. 교수님께서 기출을 올려주십니다. 기출에서 일부 문제들이 비슷하게 나오는 것 같으니 풀어보시기를 추천드립니다. (특히 기말에 그랬던 것 같네요.) 다만, 시험 날짜나 범위를 매우 촉박하게 알려주시니 미리 강의계획서를 확인하는 것이 좋을 듯 합니다. 

4. 공지
2번, 3번에서도 언급했듯 학생들에게 공지를 잘 해주시지 않습니다. 심지어 시험 성적을 입력하시고도 이를 알려주지 않으십니다. 공지를 하더라도 그 안에 어휘들이나 여러 표현들이 교육자로서는 부적절하다고 생각됩니다. 

5. 성적
성적은 잘 주시는 것 같습니다. 

6. 총평
경제에 대해 배우고 싶으신 분들은 경제원론을 추천드립니다. 교수님이 설명을 못하시진 않지만, 굳이 스트레스 받으면서 들을만한 가치는 없습니다."
경제학개론,강창민,20,Fall,3.0,"음...아래 평가들이 좀 후하게 느껴져서 글 남깁니다. 수업은 강의ppt기반으로 진행하시고 동영상으로 올려주셨습니다. 매주 퀴즈+대면 중간+비대면 오픈북 기말로 성적이 결정되었습니다. 동영상도 처음에는 원래 수업 시간동안, 그리고 그날 저녁 2시간 딱 두 번의 기회를 주셨는데, 그로 인해 학생들의 많은 문의 메일에 시달리셨는지 결국 엄청 기분이 나빠보이는 상태에서 쓴 공지글을 통해 동영상 출석 없이 매주 퀴즈를 보겠다고 하셨습니다. 퀴즈를 안 보는 주에도(추석같은 공휴일) 따로 공지가 없어서 매우 짜증났고 가끔 별다른 이유없이 올리지 않고는 나중에서야 퀴즈 없다고 알려주더군요. 수업만 보면 자료도 깔끔하고 기출문항도 스랖에 많아서 혼자서 공부하기 좋지만, 교수님이 학생들을 배려해주시는 분은 아닌 것 같습니다. 물론 제가 모르는, 학생들의 선넘는 행동이 존재했을 거라고도 생각합니다만, 거기에 대응하시는 모습이 많이 실망스러웠습니다. 큰 불만 없이 따라가려했던 학생들이 많이 피해를 봤을 것 같습니다. 혼자 공부하긴 좋지만, 위의 상황들을 겪은 사람으로써 좋은 성적을 받았음에도 그리 추천해주고 싶은 강의는 아닌 것 같습니다."
경제학개론,강창민,20,Fall,5.0,말씀이 빠르지만 강의력 좋으심! 시험 두 번으로 결판 나서 좋았어요
경제학개론,강창민,20,Fall,4.0,중간이후로 수업 하나도 안듣다가 기말 오픈북이라 전날 한번 보고 에제받았습니다. 나름 꿀이었지만 오픈북 아니였다면 암기가 빡셌을지도? 성적은 잘라주시는듯
경제학개론,강창민,20,Fall,5.0,다른건 모르겠고 과제가 아예 없다. 안좋은 점이 없지는 않지만 이것만으로 이미 5점이다.
경제학개론,강창민,20,Fall,3.0,"과제 없음. 중간기말 둘다 봄. 녹강인데 출첵안함. 나름 로드 없는 꿀교양임. 다만 출첵용으로 원래 퀴즈를 일주일에 한번씩 본다. 퀴즈가 어렵지는 않지만 9분이라는 제한시간 하에 pdf로 제출하는 방식이라 첫 퀴즈는 우왕좌왕하다 미제출해서 빵점 받음. 퀴즈 자주 펑크내심. 시험은 쉬운 계산문제+사고력이 필요한 몇몇 문제+답을 통으로 외워야 하는 문제 정도로 구성됨. 족보를 구할 필요가 없음. 예전 기출과 풀이를 모두 올려주심. 너무나 성적은 나름 후하게 주셨다고 저는 생각했는데  밑에 분 보니 기준이 어땠는지 잘 모르겠네요 내용은 경제원론 1,2를 각색하여 합친 느낌이 났습니다. 다만 경제원론을 필수로 수강해야 하는 사람들이 이 교양을 수강하시는 것 때문에 크게 화를 내셨습니다. 경제, 경영 전공하시는 분들은 양심적으로 듣지 맙시다"
경제학개론,강창민,20,Fall,3.0,"장점: 과제가 없고, 녹강. 
단점: 1) 진도체크 없는 녹강이지만 출결 퀴즈의 제한 시간이 겁나 짧아서 가뜩이나 힘든데 업로드 게시판이랑 퀴즈 실시여부가 자주 바뀌어서 상당히 불편했음. 2) 공지사항에서 교수님이 매번 화가 나있는 상태이심. 사실 강의계획서부터 분노가 느껴져서 황당했음. 3) 12/3에 기말고사를 봤는데 학점이 한달 뒤에 나왔을 정도로 성적처리가 늦음..

학점 잘 주시는 지는 잘 모르겠어요... 나름 열심히 풀었는데 비제를 받았거든요.. 사람들이 다들 시험을 잘봤고 비율맞춰서 주신듯. 다시 돌아간다면 드랍하고 싶어요ㅜㅜ"
경제학개론,강창민,20,Fall,5.0,강의 녹강으로 올려주시는데 출석체크는 퀴즈로 하십니다. 퀴즈는 앵간하면 쉽게 나옵니다. 강의는 출석체크 퀴즈로 한다는 말 듣고 나서부터 제가 안 들어서 모르겠어요. 그냥 강의자료만 보고 시험봤는데 중간기말 둘 다 앵간히 봤고 에제나왔습니다. 강의자료만 잘 보고 가도 돼요.
경제학개론,김석호,23,Spring,4.0,교수님 강의력이.... 수업 내용을 알아듣기 너무 힘드네요.
경제학개론,김석호,23,Winter,5.0,학점을 잘주시고 경제학에 대한 입체적인 관점을 가질 수 있게 해줍니다.
경제학개론,김석호,23,Winter,5.0,"수업 들을만 합니다. 
경제학 책 내용을 다 훑진 않았지만, 경제 철학에대해 많은 걸 배워갈 수 있던 시간이었습니다. 
학점도 잘주십니다."
경제학개론,김석호,23,Winter,5.0,"레전드임 그냥 ㅋㅋㅋㅋ
중간 기말 둘 다 q3랑 q2의 딱 중간 점수 받았는데
A+ ㅋㅋㅋㅋㅋㅋㅋ"
경제학개론,김석호,23,Fall,2.0,"교수님의 자아가 너무 강해서 수업 듣는 거 자체가 너무 피곤함... 거기다 영어발음이 그냥 한국식 억양이다 정도가 아니라 자체적인 억양을 창조하는 수준이라 듣기 피로도가 높은데 설상가상으로 판서도 못알아먹게 쓰심.
그래도 성적은 정말 상상 이상으로 잘 주기 때문에 영강 해치우는 용으로는 들을만 함..."
경제학개론,김석호,23,Fall,5.0,"교수님 개인 의견이나 정치관 같은 편향된 내용이 좀 있고 영어가 알아듣기 조금 어렵긴 하지만, 강의 내용도 어렵지 않았고 유용한 지식 많이 얻어가서 개인적으론 만족한 강의입니다. 성적도 엄청 후하게 주십니다. 시험도 그다지 잘보지 않았고 에세이도 분량을 착각해서 엄청 적게 썼는데 에제 받았네요."
경제학개론,김석호,23,Fall,1.0,"경제학과에서 이런 방향으로 수업하는 사람 처음 봤습니다
발음은 그렇다쳐도 수업 내용도 판서도 시험도 너무 산만하고 본인만의 세계관이 너무 강하셔서 듣는 내내 스트레스였는데 로드가 부담이 없어서 참고 들음"
경제학개론,김석호,23,Fall,4.0,"영강 치울 때 좋은 수업. 과제 쉽고, 출석 거의 반영안하고, 시험 두 번만 보면 되는 수업"
경제학개론,김석호,23,Fall,5.0,강의력은 별로지만 메세지는 좋아요.. 그래도 교수님께서 다양한 예시도 들어주시고 많이 배워갑니다
경제학개론,김석호,23,Fall,5.0,출석이 없고 내용도 부담이 없어서 영어수업 대충 때우기에는 최고의 강의! 성적도 잘 주신다고 하니 좋네요
경제학개론,김석호,23,Winter,5.0,"꿀 빨고 싶은 사람들에게는  최적의 강의
다만 강의력은 많이 아쉬움"
경제학개론,김석호,23,Fall,5.0,"출석없고 성적 널널
아주 좋아요
그저 빛 석 호
대 석 호 찬양하라"
경제학개론,김석호,23,Spring,4.0,출첵 안하시고 시험은 그냥 강의자료 좀 보면 잘 볼 수 있어요 학점을 정말 잘주시는듯
경제학개론,김석호,23,Summer,5.0,"수업만 잘 들어도 A.
경제학을 배우고 싶다면 비추천, 경제에 대한 tmi들을 얻어가고 싶다면 추천."
경제학개론,김석호,23,Spring,4.0,출석 잘 안부르심. 반영도 안하시는듯. 교수님 영어발음 때문인지 다같이 공부 안하는 분위기라서 공부좀 하면 성적은 잘 받습니다
경제학개론,김석호,22,Fall,5.0,"출첵 거의 안하고 중간에 쉬는시간 2번 있어서 출튀 ㅆㄱㄴ
혼자서 독학해도 병신 아니면 A 걍 받음"
경제학개론,김석호,23,Summer,4.0,"이과지만 경제에 관심 있어 계절학기로 수강했고 A+ 받았습니다. 

출석 체크 잘 안 하시고, 하시더라도 성적에 출석 점수가 전혀 반영되지 않습니다. 하지만 출석 하지 않으면 시험을 제대로 풀 수 없는 구조입니다. 많은 분들 말씀대로 칠판에 판서하시는 내용, 그리고 이야기 보따리 풀 듯 흘러가는 이야기 속에서 시험 문제가 출제 되니 그냥 …. 출석하셔서 들으시는게 좋을 것 같네요.

로드는 중간 + 기말 + 독서기록장 (max 5페이지) 

중간 q3 +10 
기말 q3 +3 
과제 점수는 확인 못 했습니다. 그치만 강의평 참조해서 5페이지 분량 맞춰 제출했네요. 1시간 ? 정도 걸렸을까요.. 책 그냥 ebook으로 사서 정말 대충 썼습니다.. 제가 썼는데도 뭐라고 썼는지 기억 안날 정도로요..

출석 모두 해서 전반적인 내용은 이해한 상태로 중간 기말 전날에 시험 공부 시작했습니다. 

시험 문제는 
00이 오늘날 시장에서 중요한 전략으로 작용하고 있고, 마이크로소프트사에서도 사용한 ~~~ (해당 예시는 수업시간에 설명한 적 있음) 일 때, 00은?? 

00은 결합 판매, 끼워팔기 

이런식으로 단답형으로 쓰는 문제들과 

간혹 그래프를 그리고 몇 자 설명하는 문제들이 출제 됩니다. 

경제 개념 그 자체보다는 교수님께서 엮어서 설명해주신 예시들이 아주 중요하니 설마? 하는 것들도 필기해두시는게 좋습니다. 그리고 중간 중간 많은 경제학자들을 언급해주시는데, 어떤 맥락에서 그 사람이 어떤 말을 했는지 공부하시는 것이 좋습니다. 경제학자 이름을 쓰는 것이 출제된 것은 아니지만, 문제에 계속해서 경제학자들 이름이 나옵니다.. 

3시간 통강이었지만 50분씩 끊어서 수업 해주시고 학생들 배려하셔서 쉬는 시간도 두 번 모두 챙겨주셨습니다. 본래는 첫 쉬는 시간이 10분이었는데 편의점 다녀오기 너무 짧은 것 같다며 15분으로 늘려주시기도 하셨어요 ㅎㅎ 

언뜻 들으면 강의가 다소 맥락 없이, 교수님 하시고픈 말씀들로만 구성되어 있는 듯 하지만 진짜 이야기 듣는 것처럼 들으면 나름..전부 연쇄적으로 연결되어 있는 소재들이라 들을만합니다. 이해도 잘 되고요.

저는 첫 수업 시간에 교수님이 <멘큐의 경제학> 참조하면 도움이 된다고 하셔서 학교 도서관에서 빌려 읽었습니다. 
학부생인 제가 감히 교수님의 강의평을 논하기는 좀.. 그렇지만 때려박는, 이해 쏙쏙 되는 강의력은 절.대. 아닙니다.

너무 당연한 얘기지만 그냥 수강생의 능동성이 극대화 될수록 성적은 그만큼 잘 나오는 듯 합니다. (전공책 찾아서 개념 제대로 이해하기/ 수업 시간 속기 혹은 필기 복습하면서 개념과 예시 엮어 암기하기/ 경제학자 암기하기••)"
경제학개론,김석호,23,Summer,4.0,수업은 별로임. 교수님이 강의내용 외의 다른얘기를 많이 하시는데 그대로 시험 문제에 나오는 경우가 많음. 대신 드랍자 많아서 필기 열심히 해놓고 외워서 시험보러가면 학점 잘 받을 수 있음
경제학개론,김석호,23,Spring,3.0,교수님이 출석체크를 안하십니다. 한 사흘 출석하고 강의자료 훑어본 것만으로 B+ 받았습니다. 출석 안하는 학생들이 많으니 출석 하고 강의자료 잘 받아적으면 A+도 쉬울 것 같습니다. 뭔가를 얻어가고 싶다면 듣지 마시고 나는 성적이 최우선이다 하는 사람들에게 추천합니다. 과제는 책읽고 요약하는건데 대충 요약해도 됩니다
경제학개론,김석호,23,Summer,3.0,"교수님 자체는 너무 너무 너무 좋은 분이세요. 다만 개념 설명 해 주시고 단순히 암기식으로 시험이 진행된다기 보다 전체적으로 하시는 말씀을 다 이해해야 하고, 스치듯이 하시는 말씀까지 받아 적어야 합니다. 수업 방식은 정말 안 맞았지만 좋은 교수님이세요."
경제학개론,김석호,23,Spring,4.0,발음이 이해하기 힘들긴하지만 여러내용을 관련지어서 설명해주셔서 경제적 지식이 확장되는 느낌입니다.
경제학개론,김석호,23,Spring,5.0,"수업 퀄리티 JOAT
그외 나머지 (출첵 과제 학점 등) GOAT"
경제학개론,김석호,23,Spring,2.0,"출석만 하고 강의실을 나가거나, 강의 쉬는시간에 나가도 됩니다. 출석도 잘 안 부르십니다. 배우는 건 별로 없고 ppt 외의 문제가 많이 나오지만 ppt만 봐도 Q2는 나옵니다. 과제는 독후감 한 번 나가는데 인터넷 후기 참고해서 분량만 채워도 만점입니다"
경제학개론,김석호,23,Spring,3.0,"교수님 영어 잘 못하심.. 강의력도 별로,,, 이 강의의 장점은 출석을 대강 부른다와 로드가 사실상 0이라는 것"
경제학개론,김석호,23,Spring,4.0,교수님 영어가 특이하시긴 했습니다만 전체적으로 하시는 말씀 필기하고 과제 제때 내면 성적으로 엄청 크게 불이익 받을 것 같지는 않아요.
경제학개론,김석호,23,Spring,4.0,영강이긴 하지만 영어를 잘하지 못해도 듣기 쉬울 것 같습니다. 출석을 안 부르시긴 하시지만 시험에 수업 때 얘기하신 내용이 시험에 많이 나와서 수업 들으면서 노트 쓰면 높은 점수 받기 훨씬 편해집니다. 근데 다 같이 공부 안 하는 분위기라 그냥 편하게 가고 싶으면 수업 안 나오고 피피티만 봐도 평타는 치실 거에요.
경제학개론,김석호,22,Spring,3.0,"시험문제는 강의 자료에서도 나오긴 하나 정말 대부분은 교수님께서 흐릿한 보드마카로 칠판에 쓰신 내용과 수업자료로 제공되지 않은 ppt에서 설명하신 내용에서 출제가 됩니다. 교수님의 판서가 깔끔하지 않고 영어발음 역시 부정확하기 때문에 수업 내용을 이해하고 필기하는 데 어려움이 있을 것이라 생각합니다. 심지어는 중간에 흘리듯이 말하시거나 아예 언급하지 않으신 내용에서도 출제가 일부 되는 것 같은데 다른 문제들은 맞힌다는 가정 하에 이런 문제는 틀려도 A+ 받는데 전혀 지장 없습니다. 중간고사와 기말고사 모두 평균이 매우 낮고 Q3 역시 매우 낮습니다. 따라서 다른 수업에 비해 수업을 조금만 열심히 들어도 좋은 학점을 받기가 가능할 것 같습니다. 과제는 학기말까지 선생님께서 지정해주신 도서들 중 1권을 읽고 독후감을 써 내는 것입니다. 사실 이러면 안 되는데 블로그에서 책을 읽으신 분들께서 쓰신 서평들만 참고해서 분량 맞춰 써도 만점을 받을 수 있습니다. (사실 분량만 맞추면 만점을 주시는 것 같습니다.) 강의 특성 때문에 시험 공부가 하루 전 벼락치기로 이루어질 가능성이 높아서 수강 후 얻어가는 건 그리 많지 않은 것 같습니다.
 수업을 들으시는 모든 분들 화이팅!"
경제학개론,김석호,22,Winter,3.0,교수님 영어 악센트가 콩글리시 악센트에용 출석은 종종 부름
경제학개론,김석호,23,Spring,1.0,꿀빨고 싶으면 들으셈... 근데 배워가는 건 없는듯.. 도저히 못 참고 드랍
경제학개론,김석호,23,Spring,1.0,"뭔가 배우고 싶다면 듣지 마세요.
학점때문에 정 들어야 한다면 절대 교수님께 이름과 얼굴을 알려주지 마세요. 
성격은 좋으십니다."
경제학개론,김석호,22,Winter,5.0,"경제학 아예 몰랐는데 시험 전체 1등했네요
나름 재밌게 듣고 간것 같습니다
무엇보다 교수님이 좋아여"
경제학개론,김석호,22,Winter,5.0,"무난하게 들을 수 있었던 강의였습니다.

시험은 강의평대로 교수님 수업 안에서 대부분 출제 되어서 강의를 놓치지 않고 들어야 합니다.

성적은 계절이라서 엄청 너그럽게 주신 편입니다.

경제학과 관련해서 지식도 전무했지만 수업 복기만으로 따라갈 수 있습니다."
경제학개론,김석호,22,Fall,3.0,"일단 .. 학점은 진짜 잘 주셔요…

교수님이 학생 배려는 엄청 잘 해주시는데 뭘 배우고 있는지 잘 모르겠는 경우가 많고 강의력이 좋으신 것 같지는 않아요.."
경제학개론,김석호,22,Fall,5.0,의예과 수의예과 치의예과 학생은 모두 석호학개론 들으세요 필수입니다 필수
경제학개론,김석호,22,Fall,3.0,It was a boring Class. Professor’s English is so weird. Not recommended at all.
경제학개론,김석호,22,Fall,2.0,"'경제학개론'이라기 보다는 '석호학개론'에 가깝습니다. 강사님 전공이신 경제사상사 내용을 많이 이야기해주시고, 강사님 정치사견도 수업시간에 많이 이야기해 주십니다. 이러한 내용들이 시험에도 나옵니다. 경제학을 맛보고 싶으신 분들은 경제원론 수업 들으시길 바랍니다. 그리고, 강사님 영어가 진짜 상상을 초월합니다. 영어도 아니고 콩글리쉬도 아니고 석호식 영어입니다. 이 부분 감안하시고 수신하시길 바랍니다."
경제학개론,김석호,22,Fall,5.0,"수업 안들으면 성적 잘 받기 힘들어요

강의안이 아니라 교수님 말씀하신데서 다 나옴

시사적인 문제가 많아요

출석 점수가 없지만 출석을 안할 수 없는..."
경제학개론,김석호,22,Fall,3.0,"알아듣기가 너무 힘듭니다
그래도 열심히 하면 들을 만 할 것 같긴 한데 저는 열심히 안 들어서…성적은 적당히 주시는 것 같습니다"
경제학개론,김석호,22,Fall,5.0,"단점도 많았지만 저처럼 영강 치워야하는데 영어 잘 못하는 인문대생한테 강추입니다.. 짧게 장단점 남겨볼게요

장점 : 
- 경제 노베여도 교수님 말씀 (예시) 잘 받아적고 중간 기말 하루씩만 제대로 공부하면 q3+20 넉넉하게 받을 수 있습니다. 중간 기말 하루씩 외우고 A+ 받았습니다. 시험에 계산 거의 안 나오고 교수님이 들어주신 예시에서 시험 문제가 거의 대부분 출제됩니다.
- 보고서 하루만에 대충 분량만 채워서 냈는데 만점 받았습니다.
- 집중해서 들으면 경제의 기본 원리에 대해 얻어가는 게 꽤 많습니다. 그리고 내용이 쉽습니다.
- 수업 잘 듣는 학생들에게 교수님이 친절하십니다.
- 출석을 잘 안 부르십니다.

단점 :
- 교환학생이 많아서 그런가 수업 분위기가 썩 좋지 않습니다. 체감상 10명 내외만 열심히 듣는 느낌이었어요.
- 교수님이 마스크를 쓰시고 영어 발음이 유창하지 않으셔서 집중해서 들어야 들립니다.
- 판서가 알아보기 힘들 때가 많습니다. (그래도 쉬는 시간에 질문하면 친절하게 한국어로 알려주세요)
- 교수님이 수업시간에 앞에 앉은 학생들 위주로 질문을 자주 하십니다. 대답하기 어려운 질문은 아니고 예시에 필요한 질문들입니다. (ex. 콜라 얼마에 샀니 등..)"
경제학개론,김석호,22,Fall,3.0,잘 안들림 교수님 말씀에 엄청 집중해야 겨우 들림
경제학개론,김석호,22,Fall,2.0,"듣지마세요ㅠ
영어 발음이 너무 안 좋아서 알아들을 수가 없습니다"
경제학개론,김석호,22,Fall,2.0,even though thr prof didn't call the attendance but it's such a boring class
경제학개론,김석호,22,Fall,5.0,"과제도 없고 로드도 없고 시험도 볼 만하고 내용도 재밌고 좋아요!
출석은 거의 직접 호명하시는데 가끔씩은 전체 출석 처리해주시기도 합니다."
경제학개론,김석호,22,Spring,5.0,"영어를 못하지만 영강 3개 채워야 하는 불쌍한 인문대 사람들 꼭 김석호쌤 경개 들으시길 바랍니다!! 

밑에 분들이 단점들 써주신게 다 맞는 말인데 이게 단점이자 장점이에요 

1. 경제학을 안 가르친다 : 보통 생각하는 그래프 수식 같은 경제학 내용은 정말 적거나 기본적인 수준만 나오고, 대부분은 교수님이 생각하시는 경제학적인 사고에 대한 내용이 수업과 시험의 대부분이에요. 그래서 경제학부 학생들의 메리트가 전혀 없고 그래서 오히려 저같은 경제 원론도 어려워하는 생노베가 교수님 말씀만 잘 받아적어서 성적 A+ 나왔습니당

2. 영어 발음이 구리다 : 저도 첫날 수업에 교수님 발음 듣고 드랍할까 진지하게 고민했는데;; 수긍하고 버티기만 하면 성적 잘나옵니다. 중간 지나면 슬슬 익숙해져요 ㅎㅎ 그리고 특히 좋은게 과제가 책 한 권 읽고 서평 5페이지 쓰는건데 저는 리스트에 있는 책 중에서 한국어 번역본 있는 것 찾아서 읽었고 서평도 ★한국어★로 제출 가능했습니다. 질문도 다 한국어로 받아주심 

3. 시험이 필기의 지엽적인 부분에서만 나온다 : 처음에는 교수님 말씀 3시간 받아적고 있는게 정말 힘들었는데 중간 지나면 대충 어느 키워드가 시험에 나올지 그냥 감이 옵니다. 멍때리고 있다가 그 키워드들만 받아적으면 되요. 주로 키워드는 교수님이 칠판에 적어주시거나 학생들한테 질문함. 그래도 북한학개론이나 심리학개론처럼 달달 외워야 하는 것은 거의 없어요. 저는 기말에 이틀동안 슬슬 공부하고 하나 틀렸는데 점점 다른 분들이 출석 안하셔서 그런지 33점 만점에 15점이 중간값이더라구요. 특히 기말 시험이 피피티에서 안나오고 필기 키워드에서 거의 나와서 끝까지 강의실에 붙어있기만 하면 성적 잘 나옵니다. 

어쨋거나 졸업 막 학기에 영강 채우려고 꾸역꾸역 신청했는데 생각보다 개꿀 빨아서 행복 ㅎㅎ. 그리고 교수님 친절하시고 학생들과 소통하려고 노력하십니다."
경제학개론,김석호,22,Spring,5.0,"김석호 경제학개론 정말 추천합니다!! 1학기에 들은 강의 중에 가장 좋았어요 :)
시험은 속기를 열심히 하면 풀 수 있는 단답/약서술/그래프 그리기 (키워드가 있으면 점수를 다 받아가실 수 있습니다!!) 생각보다 평균, 중간값이 많이 낮아서, 평소에 필기만 ""열심히"" 하고 2일 정도만 공부하면 에이쁠 받을 수 있어요! 정말로 성직이 정직한 과목이고 평가기준도 확실합니다! 교수님께서 친절하시고 학생들 이름도 하나하나 호명하면서 질문도 하십니다."
경제학개론,김석호,22,Spring,5.0,"전 너무 좋았어용 ㅎㅎ 영어가 처음엔 힘들었지만 적응하니 잘 들립니다.
진도도 그렇게 벅차지 않고, 학생들에게 친절하신 면모가 여실히 드러납니다. 
수업시간 적당히 속기하고, 족보 잘 공부하시고, 판서는 알아보기 힘드니 최소 중간 자리까지는 가시면 됩니다. 
아예 경제학을 처음 듣는 공돌이에게 좋았습니다."
경제학개론,김석호,22,Fall,2.0,22 여름학기 수강. 무언가를 배워갈 수 있을 거라는 기대는 버리십시오.
경제학개론,김석호,22,Spring,4.0,수업 한번도 안 듣고 에제 받아갈 수 있는 수업. 그냥 레전드.
경제학개론,김석호,22,Spring,4.0,안 좋은 평가가 많아서 신청할 때 망설여졌는데 걱정한 정도는 아닌 것 같습니다. 처음엔 교수님 말씀이 잘 안 들려서 필기할 때 힘들긴 했지만 앞자리에 앉으면 잘 따라갈 수 있고 수업 후에 개인적으로 질문 드리면 한국어로 대답해 주십니다. 시험은 지엽적이긴 한데 거의 짧은 서술형/단답형이고 며칠만 달달 외우면 거의 다 쓸 수 있구요. 교수님의 정치적 견해가 거슬린다고 느낄 수도 있겠지만 교양치고 그렇게 나쁜 강의는 아닌 것 같습니다.
경제학개론,김석호,22,Spring,1.0,"진짜 개별로임. ㄹㅇ. 제 말 믿고 거르세요.
1. 정치 얘기 하심. 시험에도 나옴.
2. 영어도 잘 못하셔서 알아듣기가 매우 힘듦.
3. 판서도 알아보기 힘듦. 그냥 말씀하시다가 꽂히는 이상한 단어 쓰심..
4. 클레임은 엥간해서는 잘 안 받아주시는듯.. 

나름의 장점이라면 과제 로드가 적긴함.
출석도 안 부르심.. :)"
경제학개론,김석호,16,Spring,2.0,이 수업을 듣지 않았다면 경제학에 대한 흥미를 잃지 않았을텐데
경제학개론,김석호,21,Fall,3.0,경제를 복수할까 해서 들었는데 수업네용이 저한테 재밌었지는 않았습니다. 시험도 수업필기만 잘하면 잘 답할 수 있습니다.
경제학개론,김석호,21,Fall,5.0,"겨울학기 수강했습니다

과제 1회, 기말 1회 봤으며 둘다 Q3 받고 A+ 나왔습니다
수업 방식은 약간 교수님의 이야기 보따리 듣기로 진행됩니다.
교수님이 정치관을 드러내는 경우가 있는데 이것만 싫지 않다면 매우 추천합니다."
경제학개론,김석호,22,Spring,5.0,"사전에 강의평 보고 겨울계절학기 들었고, A+ 나왔습니다.

경제학, 그리고 현 시장 및 정책에 대한 교수님의 사견이 강의와 시험에 많이 포함되어 있습니다.
본인이 이런 부분이 싫으시면 수강하시는 것을 비추합니다.
다만 저는 성적과 별개로 만족하며 수강했습니다.
발음과 필기 그리고 진도속도 모두 불편할 수 있는 여지가 있지만, 수업내용 자체는 좋았습니다."
경제학개론,김석호,21,Fall,4.0,"성적 나오기 전 -> 석호학개론
에이플 -> 석호행복론 
겨울계절 꿀 & 경제학 찍먹인데 나름 재밌네요"
경제학개론,김석호,21,Fall,5.0,"이번 계절학기로 들었습니다
김석호는 신이다"
경제학개론,김석호,21,Fall,4.0,강의력은 아쉽습니다. 하지만 애초에 예상했던 부분이라 괜찮았습니다. 시험과 강의 내용이 쉬워서 시험도 잘 봤고 성적도 잘 받았습니다.
경제학개론,김석호,21,Fall,5.0,"학점이 정말 꿀입니다. 중간 못봤다고 포기하지 마시고 기말 열심히 공부하세요! 독후감은 웬만하면 다 만점 주시는듯..? 
중간: q2 -3 기말: q3 +20 A+ 받았습니다"
경제학개론,김석호,21,Fall,2.0,"드랍 안 한 사람들은 학점에 감동한다. 학점 꿀인 건 부정 절대 못한다.
하지만 그 사실을 알고도 난 드랍했다.

1. 교수님의 발음, 목소리 알아들을 수가 없다. (비대면의 척박한 환경 탓일 수도 있으나, 대면에서도 크게 개선될 문제는 아니라고 생각)
2. 판서가 매우 문제가 있다. 사실 드랍을 결정한 이유 중 제 1 요인은 이것이었다. 비대면 줌 강의다보니 마우스로 직접 쓰는 게 익숙하지 않으셔서인지, 한 단어, 한 숙어를 쓰는데 한 페이지를 다 써버리신다.
예컨대 Principle of Economics라는 말을 한 페이지에 크~게 써두시고 바로 다음 페이지로 넘어가심.
뭐 판서조차 엉망이니 내가 뭘 하고 있는 건지 알 수가 없다.

버티면 학점 꿀인 거 알고서도 드랍했다. 그리고 난 후 회 안 해"
경제학개론,김석호,21,Spring,5.0,"영어 수업인데 알아듣기 너무 힘듦
수업 시간에 말씀하신 지엽적인 내용이 시험에 잘 나온다
특히 정치와 관련된 경제학적 사견은 무조건 나옴
학점 받기에는 좋았어요"
경제학개론,김석호,21,Spring,5.0,출석은 반영 안되지만 시험문제가 교수님의 필기에서 나오기 때문에 듣는걸 추천합니다. 시험 문제가 다소 지엽적이지만 수업 속기하면서 들으면 충분히 커버됩니다. 학점은 매우 잘 주십니다.
경제학개론,김석호,21,Spring,4.0,"여름학기 A+
밑 강의평들 보니 제가 너무 과도하게 열심히 했나봐요  ㅠㅠ
독후감은 5쪽 꽉꽉 채워서 냈고
수업은 다 속기하면서 들으니, q3+20?정도 받았습니다.
시험은 지엽적이라고 느껴질 수도 있지만, 워낙 계속 강조했던 개념들이어서 수업 내용만 잘 따라가시면 어렵지 않게 푸실 수 있으실 듯 합니다. 다만 사피엔스 문제는 좀 충격적...ㅎ 타임어택이라고 하셨지만 시간이 그렇게 모자라지는 않는 듯 합니다."
경제학개론,김석호,21,Spring,5.0,영강이었는데 교수님께서 말을 자꾸 반복하심 그게 조금 스트레스 받았지만 그래도 꿀강이라서 좋았어요 본인은 유튜브 미시거시 강의 찾아보면서 공부했는데... 그러다보니 시험은 정말 쉽게 느껴졌음 독후감은 책 안 읽고 개소리로 채웠는데 시험을 잘 봐서 그런지 A+ 받음
경제학개론,김석호,21,Spring,4.0,"출석은 부르기는 하는데 점수에 1도 반영 안함.
독후감 쓰는 거 있는데 4쪽 이상 쓰면 ㄱㅊ
시험은 그냥 단답형. 
교수님이 따로 말씀해주신 것 중에 시험 문제 나오는 거 꽤 됨.
학점은 굉장히 잘 주시는 듯 하다."
경제학개론,김석호,21,Fall,3.0,"21 여름계절 수강생입니다.
솔직히 경제학이라는 학문을 배우고 싶어서 수강한 입장에서는 주관적일 수 있지만 매우 실망스러운 강의였습니다. 뭐 기본적인 경제학 이론을 쭉 설명하시고 덧붙여서 예시나 다른 이야기들을 해주는데 제가 부족해서 그런지 왜 그런 예시 이야기를 하시는지 맥락을 파악하기가 매우 어려웠습니다. 교수님이 발음이 좀 좋지 않으셨던 것도 한 목 하는 것 같네요. 로드는 책읽고 독후감 하나랑 기말입니다. 독후감은 잘쓰지는 않았고 5페이지 채웠더니 만점을 받았고 기말고사는 q3+6인가 그래서 a+를 받았습니다. 드랍자가 많아서 학점은 잘 받은 것 같네요. 강의도 이게 경제학개론인지 석호학개론인지 헷갈렸는데 역시 교수님께서 말씀하신대로 시험마저도 교수님이 이야기하신 예시내용들이 대부분 나와 석호학개론 다운 시험이 아니었나.. 생각합니다. 경제학 이론 자체의 내용은 한 7문제? 나오고 나머지 15문제 정도는 위에서 교수님의 자잘한 말에서 나옵니다. (ex 뭐시기 뭐시기 학자는 000이 인간을 쓸모없게 만든다고 했다. 000은?) 시험에서 매우 좋은 점수를 받기 위해서는 교수님이 하시는 말씀을 모조리 받아적고 이해하지 못할 말들을 달달 외우시면 됩니다. 시험을 보면서 조금 웃었는데 문재인 정부 경제 정책에 대한 매우 큰 불만을 가지고 계신 거는 확실히 알 것 같았어요...ㅋㅋㅋ 경제학을 공부하시고 싶은 분들은 제발 다른 강의 들으시고 적당히 공부하고 꿀학점 받겠다 하시는 분들은 들으셔도 좋아요~
강의는 그래도 기본적인 경제학 내용은 가르치시니 2점 + 꿀성적 1점 해서 3점 드려요"
경제학개론,김석호,21,Spring,5.0,"21-S 수강생입니다.
학점이 개꿀입니다.
이번 계절은 시험 2회 보기로 했었는데, 코로나로 기말 1번만 봤습니다.
과제(독후감): 30, 기말:70 비율입니다.
과제는 책 읽고 5페이지 독후감인데, 글자 11포인트로 4장 썼는데, 만점 받았음.
기말은 q1+5점 받음.
A0 받았음. 처음수강생이 80-90 언저리였는데 시험 본 사람이 60초반이라 드랍자 수가 많아도 이 정도 학점 주는거 보면 개꿀강임.
수업 한번도 안 들었음. 세상 날먹 하고 싶으면 꼭 듣길 바란다. 무언가 지식을 얻어가고 싶으면 당신의 전공에서 얻어가세요. 교양에서 뭐 배우겠다 궤변하지 말고"
경제학개론,김석호,21,Spring,4.0,계절 들었는데 시험 비대면 클로즈 북이었고 21문제 30분 퀴즈로 보는데 ㄹㅇ 식이나 내용 이해만 했으면 많이 맞추긴 힘든 시험이었네요..... 칼럼에서 시험 나올 수 있다고 했는데 나왔고 지엽적인게 나욌는데 공정함을 중시하는 분이니.....
경제학개론,김석호,20,Fall,3.0,"꿀강이다. 하지만 그것뿐이다.
성적은 정말로 잘 주시고 수업도 편안한 분위기에 출석도 안부르신다.
하지만 시험내용은 지엽적이며 고등학교 내신같은 느낌이다. 출석을 반영하지 않는다고 수업을 듣지않으면 그저그런 성적을 받게 될것이다.족보로 커버가능하긴하다. 개인적으로 경제학에 대해 배우고 싶어서 들었는데 별로 도움이 안됐다. 수업을 열심히 들었지만 얻은건 교수님의 수업주제를 벗어나는 이야기 뿐이다. 진도 나가는 속도가 느려 미시경제학 부분만 거의 다루고 거시경제학 부분을 다루지 못한것도 상당히 아쉬운 부분이다. 배우기 위해 경개를 들으려는 거면 이 강의는 거르는게 답이다."
경제학개론,김석호,21,Spring,3.0,It was really hard trying to focus during his lectures.. The professor is very kind but I don't think I learned anything from his classes. Studied one evening for the final exam and got an A+ as I think most other students got as well..
경제학개론,김석호,21,Spring,5.0,수업 안 듣고 멘큐 정독했더니 시험은 반타작했습니다.
경제학개론,김석호,21,Spring,3.0,"30% assignment (read a book and write about it), 70% final exam.

The professor is kind and warm but his English and speaking skills are not very good. So I had trouble listening to the lecture. Attendance is not reflected but you HAVE TO listen to his lecture in order to be able to do the exam. His class materials are a mix of introduction level and intermediate level so everything is kinda confusing and difficult.

He gives really easy grades tho."
경제학개론,김석호,21,Spring,5.0,에세이 점수 너무달달하게 주시는듯..정말대충했다고 느꼈는데 시험도 100점만점에 70점대 나왔길래 엥 어느정도지 했는데 Q3+21?? 듣기 좋았습니다 영강이어서 좀힘들었던거 빼면
경제학개론,김석호,21,Spring,5.0,수업에서 교수님이 말씀하신 예시 잘 기억해두면 시험에서 상당히 유리함. 얻어가는 게 많지는 않았지만 학점 잘 주는 편이고 로드도 적어서 추천할 만한 강의라 생각
경제학개론,김석호,20,Fall,4.0,과제는 독후감 대충 하나 써내는거 하나고 강의 재밌게 하려고 노력하시는 편. 시험도 문제 절대 어렵게 안내고 수업시간에 언급하신 내용 중에 거의 다 나와서 수업 듣기만 하면 a는 무조건 챙겨가는 수업. 그렇지만 강의력은 좋다고 할 수 없는 수업이기 때문에 학점이 메인이 아니라면 불만족할수도 있음.
경제학개론,김석호,20,Fall,4.0,겨울계절에 들었는데 3학점짜리 하나만 들어서 그런지 나름 널널하게 잘 들었습니다 다들 얘기하셨다시피 수업시간에 예시를 들어주는 것들만 잘 적으면 좋은 성적을 받을 수 있긴한데 이 예시까지도 시험에 나온다고?? 하는 문제도 있긴합니다 그래도 수업에만 집중하고 이틀정도 공부하면 성적은 잘 나옵니다
경제학개론,김석호,20,Fall,3.0,겨울학기 수강해서 에이쁠 받음. 시험은 피피티보다 수업 도중 판서 내용이 주로 나오므로 출결 반영 안한다고 수업 안들으면 망하니까 열심히 들어야 함. 횡설수설 하시는게 교장선생님께 비트드리고 프리스타일 훈화말씀 시켰을때랑 비슷한 수준이라 집중 잘해야함. 수학 없이 경제학 기초 개념에 대해 대략적인 수준으로만 알고 싶다면 추천함. 학점은 매우 잘 주시는듯?
경제학개론,김석호,20,Fall,4.0,"20년 겨울 계절에 수강. 경제에 대한 지식을 어느정도 가지고 있어, 딱히 두려움 없이 강의를 신청함. 솔직히 학점 따려고 신청 한것도 있음. 근데 시험은 경제라기보다는, 뭐랄까 이걸 왜 물어보지 싶긴 하였음. 성적 에쁠이라 다행이긴한데, 처음에 시험문제 보곤 헉했다. 강의 메모가 중요할듯. 경제공부가 하고싶으면 다른걸로 가는걸 추천"
경제학개론,김석호,20,Fall,4.0,"(2020겨울계절) 경제학 쌩노베였는데 들을만했어요! 출석 반영 안하시지만 수업때 말씀하신 내용 위주로 시험에 내시기때문에 수업 듣는게 좋습니다. 교수님께서 정치 이야기를 자주 꺼내시지만 경제학 자체가 정치경제학에서 시작되었을만큼 둘이 밀접한 관계가 있기에 저는 이 부분은 크게 기분나쁘게 듣지 않았어요. 그리고 수업 첫 날에 경제학을 왜 공부해야 하는지에 대해 길게 말씀하셨는데 그 부분도 개인적으로는 흥미롭게 들었습니다. 
과제는 추천도서목록의 책 중 한 권에 대해 “독후감”을 쓰는 것이었어요. 5쪽 분량이었는데 저는 5번째 쪽 초반까지 써서 냈습니다. 이번에는 과제점수를 발표하지 않으셔서 잘 모르겠긴 한데 내면 만점인 것 같아요!!
시험은 기말 한 번만 봤고 반영비율 90퍼였습니다. 문제는 큰 문제가 19번까지 있었고 자잘하게 새끼문제가 나왔어요. 모두 수업 잘 들었다면 무리없이 풀 수 있도록 나왔던 것 같아요.! 평균 50점대 초반에 91점 받아서 최종성적 A+받았습니다! 
담학기부터는 영강으로 진행하신다고 들었는데 수업 열심히 참여하시구 필기 잘 해두시면 시간 많이 들이지 않고도 좋은 성적 얻어가실 수 있을겁니당!ㅎㅎ화이팅!"
경제학개론,김석호,20,Fall,4.0,겨울학기 들음. 솔직히 이거 듣고 경제학에 대한 지식이 깊어졌는지는 모르겠음. 로드 하나뿐이고 출결 반영 안하고 시험은 필기에서 많이 나와서 학점 따기는 나쁘지 않음. 학점만 챙겨가십쇼
경제학개론,김석호,20,Fall,3.0,"꿀강이지만 명강은 아니고, 수업과 무관한  내용을 많이 언급하십니다. 주로 교수님 개인의 사상과 관련된 이야기를 많이 하시고, 강의력은 별로이신 것 같습니다.
경제에 대해 기초를 다지겠다는 생각은 버리시고, 로드 없이 하루 전 바짝 공부해서 성적 잘 받고 싶은 사람만 수강하시는걸 추천드립니다.
수업의 질만 따지면 1점, 성적만 따지면 4점 드리고 싶네요"
경제학개론,김석호,20,Fall,4.0,"2020 겨울. 아직 성적은 안 나왔습니다. 개론으로는 들을만합니다. 악평들도 이해는 갑니다만, 개인적으로는 발음이 좀 안 좋으셨다는 것 빼고는 꽤 만족스러운 강의였어요."
경제학개론,김석호,20,Fall,1.0,노동 유연성의 가치에 대해 알게 해준 수업이었습니다. 학교 당국에서는 안 자르고 뭐하나요?
경제학개론,김석호,20,Fall,3.0,학점 정말 잘 주십니다. 저는 시험은 잘 봤지만 과제를 정말 대충해서 냈습니다. 5매 이내라길래 5매를 채우긴 했지만 내용은 형편없었는데 과제 만점 주셨습니다. 근데 시험은 보통 생각하는 것처럼 안 납니다. 정말 생각지도 못했던 부분에서 납니다. Ppt 보다는 교수님이 수업시간에 드는 예시를 잘 듣고 필기해야 합니다. 그리고 교수님은 좋은 분이신데 강의력이 너무 떨어지십니다. 말을 웅얼거리셔서 무슨 말인지 알아듣지 못하는 때가 많았습니다. 강의력만 빼면 정말 좋은 강의입니다.
경제학개론,김석호,20,Spring,5.0,"여름학기에 수강했습니다. 
출석 반영 안하시고 독서감상문, 기말이 로드 전부.
실시간 들을 때는 무슨 말씀인지 잘 모르겠고 집중력이 떨어져 잘 안들었음. 시험 며칠전쯤부터 처음부터 다시 잘 들어보면 구구절절한 예시들 사이의 핵심은 그리 많지 않기 때문에 금방 정리가능.
족보도 한번씩 풀어보시면 좋은 성적 받으실 수 있습니다!
개인적으로 매우 꿀강이었음!"
경제학개론,김석호,20,Fall,4.0,경제학의 개념 정도는 배울 수 있는 강의에요. 평소 경제를 공부했거나 배경 지식이 있으면 크게 공부 안해도 좋은 성적 받으실 수 있습니다. 하지만 수업내용을 암기식으로 공부해야해서 경제학을 깊이 있게 배우는 느낌은 들지 않았어요. 그래도 교수님이 학생들 편의 봐주시고 학생에 대한 애정이 있으셔서 좋았습니다.
경제학개론,김석호,20,Fall,4.0,공부는 필기 열심히 한 피피티 보면서 하니까 q3는 그냥 넘길수있어요. 독후감 과제는 분량 다 채우면 만점 주시는거 같고요. 교수님은 참 좋으신 분같은데 강의력은 보통이에요..
경제학개론,김석호,20,Fall,5.0,꿀강 교수님 강의력이 좋지는 않지만 말씀하신 거 다 받아적고 시험 보면 잘 볼 수 있어요 로드도 없고 학점도 잘 나오고 꿀강!!
경제학개론,김석호,20,Fall,5.0,수업시간에 설명해주시는 거 잘 필기하고 그거 위주로 열심히 공부하면 됨
경제학개론,김석호,20,Fall,5.0,교수님 제가 왜 에마죠..? 사랑합니다 중간 30점 기말 40점이 에마 ^^ 참고로 백점만점입니다
경제학개론,김석호,20,Fall,4.0,저는 개인적으로 나름 만족한 교양. 솔직히 수업 잘 듣기만 하면 시험 q3 넘기 안어려워요. 대신 교수님 강의력이 별로여서 4점 줍니다.
경제학개론,김석호,20,Spring,4.0,교수님이 ppt로 강의 올려주셨습니다. 지루하지만 내기만 하면 되는 독후감 5페이지와 대충 봐도 성적 잘 주는 기말 한방만이 로드이기 때문에 꿀강이라 생각합니다.
경제학개론,김석호,20,Spring,3.0,평소 수업내용을 무조건 필기하고 그 위주로 공부하세요. 시험에 그 내용이 나옵니다 꿀팁입니다
경제학개론,김석호,20,Fall,4.0,"듣기 어렵다는 분들 있는데 수업 필기하면서 들으면 집중할 만 합니다 + 학점따기 쉬워요
교수님 착하시고 학생들 배려해주십니다"
경제학개론,김석호,20,Fall,4.0,"지루하고 전달력 떨어지는 수업, 하지만 독서록 한번 제출이라는 가벼운 과제와 한번의 시험으로 학점이 결정나는 커리큘럼은 큰 메리트임. 학점도 무난하게 잘 받아서 수강에 대한 큰 후회는 없음. 필자는 과제 만점+기말 q3+10정도 받으니 A0받았음"
경제학개론,김석호,20,Fall,5.0,당신이 성적을 원한다면 들으면 좋을 강의 하지만 수업 자체는 집중하기 어렵다고  느끼는 사람이 많은듯 본인은 그저 그랬음
경제학개론,김석호,20,Spring,3.0,2020 여름학기에 수강했음 수업 한 번도 안 듣고 과제는 5 페이지 독후감 중 1 페이지 써냈고 스랖에 있는 족보 한 번 풀어보고 시험 들어가서 다 찍고 나왔는데 비쁠 주셨어요 교수님 감사합니다
경제학개론,김석호,20,Spring,2.0,"여름학기 수강

성적이 나오기 전이지만 A+가 나와도 뭐 평가는 변하지 않을 것 같아서..

찾아보시는 분들, 듣지 않는 것을 추천합니다. 수업내용이 지식의 지평을 넓히는것과는 거리가 멀어요. 교수님 강의도 산만해서 따라가기 어렵습니다.

시험은 최근 사례들을 섞어서 내시려고 시도하시는 것 같은데... 결국 문제 한 줄짜리 단답형이 부지기수로 나옵니다. 변별도 제대로 안 될 듯. 흙 속에 진주는 없고 그냥 흙입니다."
경제학개론,김석호,20,Spring,3.0,"싸강이라 확답은 못드리겠는데 기말 한번에  과제도 독서록 끄적이는거 뿐이라  확실히 편하긴 해요
공부 살짝하고 시험반타작인가 쳤는데 에제 나온거 보면 학점은 어느정도 주시는 것 같고요 시험은 예시위주로 나옵니다
수업자체가 엄청 나쁘진않고 얻어가는 것도 있었다만 경제를 배우기엔 엄청 좋은 수업이라곤 못말할듯 합니다"
경제학개론,김석호,20,Spring,1.0,"무슨말씀하시는지 못알아듣겠고 횡설수설하시고 정치발언을 너무 많이하셔서 듣기가 좀 거북함 맨날 아 이런 발언 위험한데,, 하시면서 정치발언 계속하심 하루 수업하면 온갖대통령 이름이 다나옴 정치수업도아니고 전공수업도 아닌데 수업이 맨날 정치적으로 흘러감 딴얘기 너무 많이하시고 그냥 세상에 불만이 너무 많으심"
경제학개론,김석호,20,Spring,4.0,차라리 출석 반영이라도 하면 강제로라도 수업을 들었을텐데... 그래도 성적 개잘주심
경제학개론,김석호,20,Spring,4.0,"예과생들은 꼭 들어야하는 관악의 필수 강의
시험 걍 스랖 족보 몇번 보면 절반 이상은 쓰고 나올 수 있고
과제도 독후감인데 분량 20% 채웠는데 10점 만점에 8점 주심
이게  B+ ㄷㄷ 너무 꿀강"
경제학개론,김석호,20,Spring,4.0,"안 좋은 평이 많지만 본인은 나쁘지 않았음 개론이기 때문에 학문적으로 깊이 들어가지는 않고 경제학이 어떤 학문인지를 큰 시각에서 볼 수 있도록 하는 것을 중요시하심 본인은 경제학이라는 학문을 배우는 것 이상으로 경제학을 보는 시각을 넓힐 수 있었던 점에서 좋은 강의였다고 생각함 학생들한테 정이 많고 귀여우심 질문도 잘 받아주시고 이해할 수 있게 설명하려고 노력하시는 게 인상적이었음 물론 발음이 새서 중간중간 잘 안 들리는 건 맞지만 그렇게 방해되는 정도는 아니라고 생각함
과제는 독후감 한 편인데 분량만 채우면 만점주는 것 같음 시험은 이번에 기말고사만 봤고 수업만 잘 들었다면 사실 어렵지는 않음 성적을 잘 받고 싶다면 앵간하면 전사하고 전체적으로 꼼꼼히 보는 걸 추천함 멘큐의 경제학 책은 안 봐도 됨 피피티도 봐야되긴 하지만 대부분 말씀하신 부분에서 나오는듯 대면으로 진행됐을 때는 어떤 지 모르겠지만 성적도 웬만큼 후하게 주시는 것 같음"
경제학개론,김석호,20,Spring,4.0,"난 애초에 정말 수업을 한 번도 들어본 적이 없어서 수업내용이 어떤지 모르겠다
과제 : 책 1권 독후감, 시험 : 기말 몰빵 이었는데
과제는 책 10페이지만 읽고 1페이지 반 썼더니 10점 만점에 8점 굿굿
기말은 ppt ㄹㅇ 구라 안 치고 단 한 번도 안 보고 수업 한 번도 안 듣고 쳤더니 100점 만점에 일의 자리 점수..ㅋㅋ
근데 학점은?
"" B- ""
예과생들은 꼭 들어라^♡^"
경제학개론,김석호,20,Spring,2.0,"교수님은 정말 좋은거 같음....그런데 정말 강의력이.....집중을 할 수 없는 목소리와 톤, 그리고 얘기가 자꾸 삼천포로 빠지는데 그게 막 이상하게 수업과 연관되고, 아무튼 정말 힘들었음. 초반에 피피티 녹음일때는 안들린 부분을 다시 들으면 되지만, 갑자기 라강으로 바뀐 후부터는 정말 집중하기 힘들었음. 교수님이 귀엽다는 평을 한 사람이 많던데, 남자는 그런 감정을 느끼지 못할 것이라 추측함. 그래도 열심히 들으면 집중할 수 있지 않을까.....?
과제는 독후감 하나여서 빠르게 치웠고, 시험은 기말만 봤는데, 필자는 고등학교 때 테셋을 공부했던터라 수업을 거의 듣지 않았음에도 불구하고 평균보다 훨씬 높은 점수를 받음. 경제공부를 조금 해본 사람은 쉽게 점수를 얻을 수 있는 강의."
경제학개론,김석호,20,Spring,3.0,사람이 좋은 것과 강의력이 좋은건 별개라는걸 보여주는 교수님의 표본이라고 생각합니다.. 학생들 의견 잘 들어주시고 많이 챙겨주시지만 발음을 많이 흘리셔서 싸강으로 헤드셋끼고 들음에도 몇몇 부분은 잘 들리지 않았고 강의 스타일도 다소 의식의 흐름이라고 느꼈습니다. 분명 주제별 PPT대로 수업은 진행하시지만 중간중간 말씀하시는 예시나 스토리가 무슨 상관인지 잘 이해가 가지 않는 부분도 좀 있습니다. 사람으로서 정말 좋은 교수님인건 맞습니다만 수업은.. 잘 모르겠어요
경제학개론,김석호,20,Spring,5.0,교수님 웃는 게 귀여우시고 성격 좋으세요 강의력은 부족하고 말끝을 흐리며 애매한 말투를 쓰시지만 질문도 잘 받아주시고 경제노베도 이해하기 쉽게 설명 엄청 잘해주세요 전 잘 들었습니다
경제학개론,김석호,20,Spring,2.0,조금은 졸립니다... 귀여우신지도 잘 모르겠네요...
경제학개론,김석호,19,Fall,5.0,교수님도 강의 잘하시고 꽤 재밌으심. 출석을 아예 반영을 안해서 수업 안오고 던지는 사람 많고 시험문제가 수업내용에서 그대로 나와서 수업만 오면 상대적으로 노력 덜하고 점수 잘 받을 수 있음
경제학개론,김석호,20,Spring,3.0,수업 엄청 쉽다는 평이 많아서 들었는데 너무 많은걸 기대한건지 생각보다 쉽지는 않았음. 그래도 집중해서 들으면 이해할 수 있을 정도? 물론 이건 사람마다 느끼는게 다를거같음
경제학개론,김석호,20,Spring,5.0,저기요 지나가는 예과생~~~~경개는 꼭 듣고 본과 가셔유^^
경제학개론,김석호,19,Fall,5.0,2019 겨울계절학기 때 들었습니다.  본학기 땐 중간 기말 2번 시험보는데 계절학기는 기말 90에 글쓰기 10으로 하셨습니다. 글쓰기는 웬만해서는 만점 주십니다. 강의내용 필기할 때 저는 손필기를 했는데 노트북 필기가 더 안정적일거 같습니다.
경제학개론,김석호,19,Fall,4.0,"2019 겨울 수강
이번학기에는 교수님이 같은 말 반복을 너무많이하셔서 원래 미래+거시 나가야되는데 미시 부분만 나갔음
개인적으로 거시에 대해 개괄적으로 알고 싶었지만 시험범위가 적어서 개꿀이었음
시험은 말한데서 다 나옴 이번에는 q3 81점으로 높은 편이었지만 아마 드랍이 많아서 그런 것 같고 드랍 포함해서 학점 주신다고 하셨음
악평과는 달리 귀여우신 면이 있고 우파 경제학을 대부분 지지하시지만 좌파의 논리도 받아들이시는 부분이 있음
경쟁시장과 파레토를 정말 사랑하셔서 시험에도 1번문제로 출제되었는데 문제가 애매모호하게 써있어서 아마 제대로 맞힌 사람은 없는듯함.
칠판에 적으시는것만 필기하면 에제 이상은 무조건 받을 수 있다고 봄
교수님이 정말 말이 왔다갔다 많이 하시긴 하는데 듣다보면 귀여우시니까 좀 봐주도록 합시다 개괄적인 경제학 내용을 접하기에 좋은 교양이라고 봅니다"
경제학개론,김석호,19,Fall,5.0,지나가는 예과입니다 ㅎㅎ 감상문 과제 잘 내고 친구 필기 보고 시험 전날만 공부 적당히 빡세게 하면 출석 안해도 ㅋㅋㅋㅋ 삐제 받았습니다 ㅋㅋ
경제학개론,김석호,19,Fall,3.0,"의예과 전용 꿀강^^
수업은  음.. 무슨말 하시는지 잘 모르겠어요"
경제학개론,김석호,19,Fall,4.0,출석 반영 안하십니다. 중간 기말 각각 Q2 Q3 살짝씩 넘었는데 에마 나왔어요. 비율 맞춰 주시는거 같습니다
경제학개론,김석호,19,Fall,4.0,"학문으로서의 경제를 배우고 싶다면 추천드리지는 않습니다. 그러나 경제 저체에 대해 전반적으로 이해하고 실제 일상에서 어떻게 경제적인 현상이 발생하는지 알고싶으신 분들에게는 나쁘지 않은 강의입니다. 시험은 책과 ppt보다도 실제 수업에서 말씀하신 내용이 많이 나왔습니다. 출석점수가 없지만 수업 성실히 나와서 필기 열심히 해야 성적이 잘 나옵니다. 
중간에 책읽고 쓰는 과제가 하나 있는데 그건 부담없이 양만 채워서 내면 되는 것 같네여"
경제학개론,김석호,19,Fall,2.0,"교수님께서 경제 얘기를 안 하고 있다는 건 알겠는데
발음이 안 좋으셔서 그게 뭔 얘기를 하고있는건지는 모르겠어요. 현정부 얘기도 많이 하시는데 저는 아직 교수님께서 진보인지 보수인지 모르겠습니다;;  경제학에 대한 스토리텔링이 아니라 그냥 투머치토커이신듯해요 ㅎㅎ"
경제학개론,김석호,19,Spring,5.0,"하도 악평이 많아서 걱정했었습니다
교수님이 약간 불안한 말투를 사용하시는 것은 사실이나
듣다보면 그렇게 큰 문제는 안되고
학생 한명 한명을 기억하시려하며 매우 친절하십니다
시험은 매우 쉽습니다 그래서 경제를 처음 접하는 분들도 전혀 부담이 없습니다 개론인 만큼 깊은 내용은 다루지 않습니다
또 큰 장점 중 하나는 출석 반영이 안됩니다
저는 자연대생인데 이상한 교수님들을 하도 많이 봐서 그런지 이정도면 아주 좋은 교수님이라 생각합니다 굿"
경제학개론,김석호,19,Spring,1.0,"야 솔직히 말하자
이 강의가 서울대 명성에 어울리기나하냐?

나 a0받았지만 부끄럽다. 이런수업 듣고 A0받았다고 좋아할수가없다
중학교 내신의 재림이다"
경제학개론,김석호,19,Spring,4.0,처음에는 드랍할까 생각했지만 경제학에 대한 새로운 접근을 본다는 점에서 충분히 의미있다고 느꼈습니다. 약 10명의 학생들만 꼬박꼬박 출석하고 열심히 들었고 그에 맞는 성적을 받아가는 것 같습니다.
경제학개론,김석호,19,Spring,1.0,스토리텔링은 개뿔. 재미있고 유익한거 들으세요. 이건 아닌 듯.
경제학개론,김석호,18,Fall,5.0,최고의 꿀강 전날만 좀 공부하고 수업 한번도 안가도 b 대 나옴
경제학개론,김석호,18,Fall,4.0,"출석 안해도 되는 꿀강
이티엘에 중간 기말날짜랑 시간까지 다 공지해주셔서
한번도 안가다가 중간 기말때만 가면 돼요
공부하나도 안해도
비쁠받기는 쉬운거같아요"
경제학개론,김석호,18,Spring,5.0,"여름학기 수강.  출석에서 자유로운 강의이다보니, 사람들이 잘 안옴. 그러나 기본적으로 수업을 안들으면 시험문제 풀기 힘듬.
앞자리에 앉아서 노트북 필기로 교수님 말씀 다 받아적으면 댐. 교수님의 딜리버리는 심각함. 가끔 너무 삼천포로 간다거나, 교수님 개인적 불평을 할 때는 안적어도 댐.
과제는 세시간정도 잡고 책 발췌독해서 아무 소리나 하면 됩니다. 시험은 전반적으로 쉬운 편이라서 공부를 하루만 하면 충분합니다.
경제에 대해서 알고 싶으면 별로. 대충 수업듣고 점수따고 싶으면 괜찮."
경제학개론,김석호,17,Spring,2.0,"수업은 지루합니다. 시험 2번, 과제는 독서감상문? 1번 쓰게 합니다. 시험 문제는 교수님 지나가는 말에서 나옵니다..  자잘한 예시나 딴얘기도 잘 들으셔야 해요. 과적의 경우 도서목록 중 하나를 골라 5장 내외로  감상문 작성하시면 되는데, 5장 다 채우면 거의 만점 주시는듯  합니다. 중요한건 시험 잘보기 위해서 자잘한 얘기를 다 공부해야한다는 것! 노트북에 필기하는 것을 추천합니다. (첫수업 때 하신 얘기도 나왔음). 강의 자체는 별로입니다. 성적은 딱딱 잘라주시는듯"
경제학개론,김석호,17,Spring,1.0,나름 국내 최고 대학인데 이렇게 쓰레기같은 강의가 계속된다는 사실에 놀랐다.
