동서양의 종교적 지혜,임부연,24,Spring,5.0,"아직 성적이 나오지 않아 잘은 모르겠지만 수업 내용 흥미롭고, 출석 안 불러서 좋습니다! 줌 수업때만 출첵합니다."
동서양의 종교적 지혜,임부연,23,Fall,5.0,진짜 관악에 얼마남지 않은 꿀교양!! 우선 대면수업은 출석체크를 안 하시기 때문에 성적에 하나도 관계 없습니다. 그렇기에 녹본이나 속기록만 잘 구하신다면 시험 전에 한번 읽기만 하면 될 것 같습니다. 시험이 1번이라 기말고사 분량이 많다고 느껴질 수는 있지만 오픈북이라 전혀 문제가 되지 않습니다. 그리고 한 종교가 끝날 때마다 글을 써야하는데 부담은 전혀 되지 않고 까먹지만 않는다면 성적은 보장됩니다!! 당장 들으세요!!
동서양의 종교적 지혜,임부연,23,Fall,5.0,평소 속기치는 것이 좀 고통일 수 있지만 막상 시험기간 되면 이 수업을 들은것이 감사해집니다. 속기만 잘 정리해두고 시험 당일날 한두시간만 투자해서 에이쁠받았습니다.
동서양의 종교적 지혜,임부연,23,Fall,4.0,"과제도 없고 오픈북이라 좋긴 한데
교수님 목소리가 너무너무 작으셔서 답답했어요..ㅠㅠ
판서도 밑에분 말처럼 중구난방이라 자기가 잘 정리해야 합니다. 초반엔 이게 뭔말이야 싶긴 한데 나중되면 익숙해져요!"
동서양의 종교적 지혜,임부연,22,Winter,5.0,"속기 사거나 열심히 치시고
흐름만 잘 파악하시면 시험도 수월해요
대충대충 해서 에제 잘 받아갔습니다"
동서양의 종교적 지혜,임부연,23,Winter,5.0,"속기 잘 하시고 칠판 사진 잘 찍으시고 족보는 꼭 한번 구해서 풀어보시고 점검하시길 권합니다!!
종교에대해 전햐몰랐는데 교양수준에서 들어보기 좋습니다!
추천합니다~"
동서양의 종교적 지혜,임부연,23,Fall,5.0,"삶이 너무 팍팍하고 고되다 싶은 시기에 들으면 좋을 것 같음. 매우 꿀강!! 단답형, 서술형이 나오는 종교를 각각 나눠주시고 오픈북 시험이라 마음만 먹으면 하루만 공부하고도 에이쁠 가능. 단 속기는 쳐두는 걸 추천! 나중에 피피티만 보면 이해 안 되는 부분이 많고 지엽적인 것도 물어보심. 그래봤자 오픈북이라 별 의미 없긴 한 듯. 아무튼 꿀강. 3학점 꽁으로 얻어가는 수준."
동서양의 종교적 지혜,임부연,23,Fall,5.0,"이 강의를 듣고 종교와 철학에 대한 없던 관심이 생겼을 정도로 유익했습니다. 교수님 목소리가 작으시고 마이크가 잘 작동을 안 하는 것 같아서 앞자리에 앉아서 들어야 합니다. 그리고 속기를 반드시 쳐야하는 것 같습니다. 시험 문제는 강의 자료에서 거의 안 나오고 전부 강의 중 언급하신 내용들에서만 나옵니다.
출석, 속기 열심히 하고 시험공부 전날 10시간 정도 해서 에이쁠 낭낭하게 받아갑니다!"
동서양의 종교적 지혜,임부연,23,Fall,5.0,수업들으면서 필기하기가 다른 과목에 비해 좀 힘든 편이긴 하지만 그렇다고 못할정도는 아닙니다. 수업내용 필기만 잘 한다면 시험 잘 볼 수 있고 그 외 로드도 기말 보고서 빼면 거의 없다시피 하니까 이정도면 꽤 좋은 수업이라고 생각합니다. 기말 보고서도 부담되는건 전혀 아니니 종교에 조금이라도 관심이 있는 분들이라면 부담없이 들어볼만한 수업입니다.
동서양의 종교적 지혜,임부연,23,Fall,4.0,"교수님 인품이 훌륭하심. 성적도 후하심.

별점을 깍은 이유는 교수님 강의력때문인데, 일단 목소리가 너무너무너무 작으셔서 들리지가 않음. 그리고 판서도 너무 중구난방이라…"
동서양의 종교적 지혜,임부연,23,Fall,5.0,"밑에 많은 분들이 재미없지만 꿀강이라고 하셨는데... 종교 철학 얘기 좋아하시면 수업 자체도 재밌습니다. 저는 원래 종교 문외한이었는데 이 강의를 통해서 종교에 대해 알게 되어서 기뻤습니다.

다만 문제점은 교수님 목소리가 개미만 하셔서 앞자리 앉아서 들어야 돼요. 그리고 교수님께서 이티엘 과제란을 잘 사용하지 않으셔서 과제를 알아서 기억하고 제출해야합니다. 따라서 이런 거 잘 챙기지 못하는 분들은 힘들 수 있습니다."
동서양의 종교적 지혜,임부연,23,Fall,5.0,"최소한의 노력으로 A0 받은 꿀강
줌 출석이랑 출석용 댓글달기 안까먹고, 발표 대충 준비(1시간도 안걸림), 보고서와 기말에 각각 12시간 정도씩 투자함
댓글도 내용 평가를 하는건 아니라서 대충 피피티보고 끄적였고 대면수업은 출첵 안해서 거의 안감. 기말은 속기록이랑 족보 구해서 한번씩만 읽어봄
열심히 하려는 사람 말고 just 꿀 찾는 사람한테 추천"
동서양의 종교적 지혜,임부연,23,Spring,5.0,"대면 수업은 개강 때, 그리고 기말고사 날 두번 갔음
과제 late, 질문글 안씀, 시험 거의 다 틀림
→ C0"
동서양의 종교적 지혜,임부연,23,Fall,4.0,"성적으로 미화되는 수업인 게 맞다.......
로드는 정말 간단한 발표 1번 / 각 종교마다 감상문 제출 / 기말보고서 / 기말고사
발표는 1분정도면 끝났던 것 같고 준비하는 데는 10분도 안걸린듯
감상문은 그냥 제출만 하면 만점, 이것도 쓰는데 3분도 안걸린듯
기말보고서는 조금 열심히 썼음
기말고사는 이틀동안 공부함
기말고사는 단답형 / 논술형 있는데, 둘다 교수님 수업을 열심히 들어야만 채울 수 있음
교수님 수업이 강의력이 좋거나 이해가 잘되는 수업은 아님 많이 지루함 ㅠㅠ 그래도 존버하면.... 성적은 잘주시는듯..... 
총 2학기 동안 보고서 이틀 + 기말고사 이틀 써서 A+이면 가성비가 많이 좋다고 생각함
기말고사는 족보를 꼭 보고 가는 것을 추천! 족보 보고 갔더니 도움 많이 됨.

근데 내 지인한테 개꿀강이다 하면서 추천할 것 같진 않음.. 생각보다 수업 내내 힘들 수도 있음 ㅠ"
동서양의 종교적 지혜,임부연,23,Fall,5.0,"강의력은 사람에 따라 느끼는 바가 다를 듯 합니다 농담도 자주 하십니다
전 강의 정말 재미있게 들었습니다
수업 내용도 사람에 따라 다를 것 같습니다 저는 유익하게 들었습니다
매 시간 열심히 듣고 필기하고 따로 공부는 하지 않았습니다(한번도 펼쳐보지 않았다는 뜻입니다) 작은 과제들은 분량만 채우고 기말 과제도 분량만 넘긴다는 생각으로 하였습니다
시험은 문제에 대한 답을 성실히 적고 느낀바만 적당히 작성했습니다
A+ 받아갑니다 교수님 감사합니다"
동서양의 종교적 지혜,임부연,23,Fall,5.0,"출석 감상댓글 한번 아예 미제출
그외 발표, 보고서 제출
보고서는 30분컷, 발표 준비 10분 컷
기말 오픈북인데 앞에 빈칸 채우기 절반정도 하고
논술형은 필기 짜깁기해서 답안 제출
B+ 받은 걸로 보아 학점은 후합니다. 졸업만 하면 되는 입장이라 최소의 투입으로 나름 최대의 결과인 듯 싶네요
교실을 간 적이 손에 꼽는데 이 정도로 b+이면 학점느님입니다"
동서양의 종교적 지혜,임부연,23,Fall,5.0,"학점 미화 강의에 정석인 듯 합니다.
우선 수업이 굉장히 지루합니다. 내용도 지루하고, 강의력 역시 빈말로도 뛰어나시다고는 못하겠습니다. 이 수업은 기말이 오픈북인 대신 ppt에는 최소한의 정보만 넣어주시고, 강의 내용은 전부 수업에서 진행하시다보니 교수님이 말하는 모든 내용을 타이핑해야 한다는 생각으로 수업을 들어야 하고, 그 스트레스가 교수님의 좋지 않은 강의력과 합쳐지면 수업을 갈 때마다 한숨이 나옵니다.
다만, 우선 로드가 거의 없습니다. 학기말 보고서, 강의 보충 조사, 발표, 감상문 쓰기 정도인데, 대충 각각 6시간, 2시간, 10분, 5분 정도만 투자하시면 됩니다.(사실 이것도 제가 노력한 걸지도 모릅니다.) 또한, 한 주제가 끝날 때마다 발표를 듣는 시간이 있는데, 비대면으로 진행합니다. 발표 내용은 당연히 시험에 안 나오니 틀어놓고 딴짓할 수 있습니다. 그리고 출석을 비대면 출석만 체크하고 대면 출석을 체크하지 않는 특이한 수업인데, 이 때문인지 수업을 잘 안나오시는 학우분들이 많습니다. 
성적은 후합니다. 다만 후한건지 아니면 수강생의 문제인지 잘 모르겠습니다. 이번 제 분반에서는 2/3이 드랍을 하고, 자드한 사람도 굉장히 많았던 것 같았거든요. 그래도 제가 A+ 받은 거 보면 안좋게는 주시지 않는 듯 합니다. 참고로 A-는 안 주신다고 교수님꼐서 직접 말씀하셨습니다."
동서양의 종교적 지혜,임부연,23,Fall,5.0,속기가 중요해 수업을 들을 때 힘들고 잡다한 과제들도 많지만 학점을 굉장히 잘 주십니다
동서양의 종교적 지혜,임부연,23,Fall,4.0,"강의력이 뛰어나시진 않고, 마이크를 쓰시지만 목소리가 잘 들리진 않습니다. 그밖의 내용이나 성적평가는 매우 알차고 후하다고 생각합니다."
동서양의 종교적 지혜,임부연,23,Fall,5.0,전날 밤샘 공부로 고통스럽지만 달달한 학점 받아갑니다
동서양의 종교적 지혜,임부연,23,Fall,4.0,출석없고 보고서와 기말로 평가함. 매 종교 끝날때마다 감상문 작성해야 함. 강의 내용을 보완하는 짧은 발표로 가산점 받을 수 있음.
동서양의 종교적 지혜,임부연,23,Fall,5.0,"출석x 기말한방(오픈북) 기말보고서1 잡다과제
종교, 철학 좋아하면 재미있게 들을 것임
출석은 안부르시지만 기말시험이 ppt 그대로가 아니라 강의내용에서 나오기 때문에 출석해서 필기하는 게 좋을 듯
매 종교 수업이 끝나면 감상문을 작성해야 하는 게 조금 번거롭고 잊어버리기 쉬움(두달에 세번정도, 총 7회)"
동서양의 종교적 지혜,임부연,23,Spring,5.0,출석은 거의 상관없고 과제 빠지지 않게하고 하루공부하고 시험볼 때 속기록 챙겨가면 무난하게 A!
동서양의 종교적 지혜,임부연,23,Fall,4.0,내용 속기가 힘들지만 얻어가는 것이 많은 수업입니다
동서양의 종교적 지혜,임부연,23,Fall,5.0,굉장히 인상깊었던 강의. 다양한 종교에 관심이 많은 학우들에게 추천. 왠만하면 교수님 말씀을 다 속기하는 것이 기말 준비에 좋습니다.
동서양의 종교적 지혜,임부연,23,Fall,5.0,속기 받아적기가 고통스러운 거 빼고는 다 좋음. 출석은 거의 없는 수준임.
동서양의 종교적 지혜,임부연,23,Spring,5.0,"필기를 매번 하는 것이 조금 번거로움.
세계 주요 종교를 전체적으로 훑음."
동서양의 종교적 지혜,임부연,23,Spring,5.0,출결 안빡세고 내용도 이전 족보찾아서 공부하면 어렵지 않습니다. 무난무난한 교양
동서양의 종교적 지혜,임부연,23,Spring,4.0,강의력빼고 모든 게 괜찮은 강의입니다 성적 잘 받고 싶으면 들으세요!
동서양의 종교적 지혜,임부연,23,Summer,5.0,"학점도 잘 주시고 설명도 잘 해주심
오픈북이라 편하고 과제도 어렵지 않은듯"
동서양의 종교적 지혜,임부연,23,Spring,5.0,"꿀강이자 명강입니다 
비대면 수업인 것도 최고
오픈북 시험인 것도 좋아요"
동서양의 종교적 지혜,임부연,23,Summer,5.0,"수업 시간에 친 속기와 찍은 판서를 시험장에 인쇄해 가실 수 있습니다 저 같은 경우는 평소에 살짝 놓친 부분만 녹음 들으면서 다시 치고, 시험 전 두 시간 정도 스랖에 있는 족보 잠깐 보고 어떻게 내용 쓸지 생각해 갔어요 실질적인 시험 공부는 총 네 시간이 채 걸리지 않았던 것 같습니다
서술형 한 문제를 완벽히 쓰지 못해 마음에 살짝 걸렸는데, 에이쁠을 받은 걸 보아 성적은 매우 잘 주십니다 아는 것을 자세하게 쓰는 데 더해 본인 생각을 흐름따라 연결해서 적으면 시험에서 좋은 성적을 받을 수 있는 것 같아요!
*동종지보다 세종입 내용이 쉽기에 종교에 대해 잘 모르신다면 세종입을 추천합니다. 단, 세종입은 계절 때만 열립니다. 전 이번 학기에 두 수업을 같이 들었는데, 아침 세종입에서 종교에 대해 기초적인 내용을 배운 후, 오후 동종지에서 제시문을 더 많이 살펴보니깐 이해가 수월했던 것 같습니다. 그리고 교수님께서 너무 귀여우셔요ㅋㅋ 감사합니다, 교수님^_^"
동서양의 종교적 지혜,임부연,23,Summer,1.0,"이 강의가 절대 1점짜리라는 것은 아니고, 그 동안에 너무 꿀 빨려고 오는 사람들이 많은 것 같아서 일부러 별점을 낮췄습니다. 교수님은 너무 좋으신 분이시고 성품도 자자하신 분입니다. 강의도 명강입니다. 교수님도 딱히 학점에 신경쓰지 말라고 해가지고 저도 별점에 따로 신경쓰지 않겠습니다.

자세한 강평은 다른 분들이 올려주셨으니까 생략하고, 달라진 점은 이제 이번 계절을 시작으로 영상 강의가 아닌 Zoom으로 바뀌었습니다. 물론 다음에는 어떻게 될 지 모르겠네요.

문제는 이제 소문이 나버렸는지 학점 양학하러 오는 사람들이 늘었고, 덕분에 예전보다 드랍도 적어지고 학점따기도 더 어려워졌습니다. 밑에 수강생 분 중에 단답/서술 1개 못 쓰고 A+ 받은 분이 계셨는데, 이번에는 다 썼는데도 A0가 나왔습니다. 출석이나 감상 등에서 감점은 없고, 보고서도 그냥 무난하게 쓴 편입니다.

물론 여전히 명강인 것은 분명하지만 A+ 받으려고 하는데 예전 노력 수준으로 하면 생각보다 낮은 성적을 받을 수 있음에 주의하시기 바랍니다."
동서양의 종교적 지혜,임부연,23,Spring,5.0,"오픈북 기말 1번, 큰 과제는 레포트 1번입니다.
보완과 질문, 감상문 같은 자잘한 과제들은 얼마 안걸려요.
서술형은 흐름 연결해서 자세히 적었더니 A+ 나왔습니다."
동서양의 종교적 지혜,임부연,23,Spring,5.0,"비대면이여서 좋았던 수업. 여전히 비대면일지는 모르겠지만
예과생이라서 영상 꼬박꼬박 틀고 과제 대충 하니까 C+ 나왔네요~"
동서양의 종교적 지혜,임부연,23,Spring,5.0,"과제양이 크지않고 기말시험 한번이라 괜찮음 종교 관심 없으면 재미없을순 있지만 공부 할만함 
기말이 오픈북시험인게 좋음"
동서양의 종교적 지혜,임부연,23,Spring,5.0,"세계 여러 종교의 개괄적인 내용을 배울 수 있는 강의. 무교라 종교를 접할 일이 없었는데 꽤 재미있었다. 
녹강은 같이 듣는 친구랑 나눠서 속기하고 대면 수업은 몇번 빠짐(대면은 출첵안함)
대면수업에서 사람들이 보완과 질문이라는 강의 보충 조사한 걸 발표하는데, 꿀강이라 소문나서 그런지 다들 너무 대충해서 황당해하는 교수님을 볼 수 있음.
레포트 기간 넉넉하게 주시고 기말고사는 오픈북이라 자료랑 족보 답안만 미리 준비해가면 적당히 쓸 말은 있다. 
점수를 거저주시는데 그것마저 안하는 사람이 꽤 있어서 기본만 하면 스무스하게 좋은 성적을 가져갈 수 있다. 
전공에 지친 고학번에게 한줄기 달콤함이었음 추천"
동서양의 종교적 지혜,임부연,23,Spring,5.0,"한줄평: 로드 없고 수업 절반만 가는 개꿀교양

본인은 인문대 교양은 이미 익숙한 고학번이고, 자연대/공대 쪽 학생들보다는 조금 더 수월하게 수업을 들었을 수 있음. 교양학점 다 채웠지만 학점세탁하려고 수강했는데 최소한의 인풋으로 A+ 받아갔기에 만족한 강의.

1. 수업
수업은 기본적으로 eTL 녹화강의로 진행. 힌두교/불교/유교/도교/유대교/기독교/이슬람교 7개 종교의 기본적인 교리와 사상을 한 학기 동안 배우는 것이 수업내용이며 교수님이 유교 전공이신 만큼 유불도, 특히 유교에 대한 비중이 높음. 힌두교나 이슬람교는 거의 훑기만 했고 기독교도 나름의 비중은 있으나 간단히 본 편. 종교에 대해 깊게 알고 싶다면 수업에서 다루는 내용이 지나치게 얕다고 느낄 수도 있음.
일주일에 한번은 대면강의를 하는데, 플립 클래스 느낌으로 녹화강의의 내용에 더해 해당 종교에 대한 추가적인 내용을 소개함. 대면강의는 출석에 포함되지 않으나 대면강의에서 다룬 내용이 시험에 제법 출제되기 때문에 꼼꼼히 공부하려면 대면강의 내용도 간단히 정리하는 게 좋음. 교수님이 하신 판서만 찍어가도 크게 지장은 없는 듯?

2. 시험 및 과제
각 종교 파트가 끝날 때마다 eTL에 간단히 해당 종교에 대한 소감을 작성해야 함. 5줄 정도니까 과제라고 하기도 민망. 학기 중 한번씩은 특정 종교를 골라 해당 종교에 대한 추가적인 정보를 조사해서 이를 소개하는 '보완과 질문'을 작성해야 함. 구글링하면 30분 안에 끝나기 때문에 이것도 과제라 부르기 민망함. 기말과제는 특정 종교 의례를 선택해서 이에 대한 소개와 본인의 감상을 제시하는 4-5p 보고서. 그냥 간단히 쓸 수 있음.
시험은 기말 한방이고, 오픈북으로 출제되기 때문에 녹화강의와 대면강의 내용을 체계적으로 정리해서 들고 가면 대답 못 할 내용은 없음. 교수님이 서술형 시험범위를 알려주시기 때문에(이번 학기는 불교, 유교, 기독교) 해당 종교 내용은 조금 더 꼼꼼하게 정리하면 좋음.

3. 학점
학점은 그냥 교양강의 기준에 따라 상대평가로 끊어주신 듯. 적당히 하면 무난하게 A 받아갈 수 있는 수업. ""성적은 제도상의 평가에 불과할 뿐 여러분의 인격이나 가치가 아닙니다.""

4. 기타
수업이 지루하고 재미없는가? 재미있는 수업이라고는 못하겠음. 그래도 본인은 평소 종교에 대한 관심이 많았기 때문에 수업을 수강하면서 힌두교나 유대교 같은 생소한 종교의 교리와 가르침을 얕게나마 배워볼 수 있었다는 점에 나름 만족함. 개인적으로 원시불교나 상좌부 불교 쪽에 관심이 많았는데 아무래도 대승불교 내용이 주류라 좀 아쉬웠고, 우파니샤드나 고대 힌두 경전에 대한 이야기가 더 많았으면 좋았겠다 하는 생각이 있음. 근데 교수님이 힌두교 전공은 아니니까 어쩔 수 없는 부분.
본인이 종교나 철학적인 이야기에 어느 정도 알러지가 없으면서도 적당히 꿀빨고 A+ 챙겨가고 싶다면 추천할 만한 수업."
동서양의 종교적 지혜,임부연,23,Spring,4.0,"녹강체제라 계속 미루다 보면 기말에 고생할지도 모르는 강의입니다. 로드도 적은 편이고 속기랑 족보 입수하면 기말시험도 무난하게 칠 수 있습니다. 기말이 족보 위주로 나오니 족보 꼭 구하시고, 대면 수업이 출석에 반영되지는 않지만 이때 말하신 내용들이 시험에 나오기 때문이 웬만해서 나가는 것을 추천드립니다."
동서양의 종교적 지혜,임부연,23,Spring,5.0,"긴 말 하지 않겠습니다. 그저 GOAT.
녹강은 지루한 감이 없지 않은데 대면 수업 가시면 소소한 재미도 느낄 수 있습니다."
동서양의 종교적 지혜,임부연,23,Spring,5.0,녹강인데 출석기한이 길어서 틀어놓고 시험1주전에 몰아서 들었습니다. 대면 수업에서 나온 필기가 서술형 문제로 나오니 대면수업은 가는것을 추천할게요. 중간중간에 감상보고서와 비중 큰 보고서 하나 있는데 부담 가질 필요없이 쓰고 제출하면됩니다. 교수님 사랑해요
동서양의 종교적 지혜,임부연,23,Spring,5.0,"장점
1. 비대면 녹강(시청 제한기한 매우 길고 배속해도 됨)+대면 수업 출석 안 부름
2. 오픈북 시험(준비자료 양/유형 제한 없음)
3. 은혜로운 성적
4. 과제 쉽고 별로 없음

단점
1. 녹강 음질로 인해 가끔 단어 안 들림
2. 지루한 수업 내용과 복잡한 사상체계
3. 종교에 관심 갖지 않고 듣기에는 너무 잠 오는 내용

한 학기동안 녹강 다 틀어만 놓고 공부 안 하다가 시험 1-2주 전부터 하나씩 듣고 정리해서 공부하고 시험 봤습니다. 시험에서 단답형 1개 못쓰고 서술형 1문제 제대로 못 썼는데도 에쁠 받았습니다. 대면 수업 안 가도 지장 없는 것 같지만 대면 수업 때 칠판에 필기하신 내용 중에 문제가 나오니 참고 바랍니다. 벼락치기 하는 기간 동안의 힘듦만 이겨내신다면 좋은 성적 받기 쌉가능!"
동서양의 종교적 지혜,임부연,23,Spring,5.0,"로드는 녹강 감상문과 중간보고서이고, 오픈북 기말고사가 있습니다. 배운 내용을 거의 모두 준비해서 가시면 시험장에서 답안은 작성해 낼 수 있습니다. 강의실의 음질에 묻히는 점이 있지만 현장 강의력은 좋으시며, 종교적 내용으로 힐링할 수 있는 강의입니다. 무리 없이 들을 수 있는 권장강좌로 추천합니다."
동서양의 종교적 지혜,임부연,23,Spring,5.0,교수님 짱좋음 일단 종교 관심없으면 재미 없을 수 있긴한데 수업을 열심히 들어보려하면 재밌다는 생각이 가끔들음 대면수업도 1번만 하는 것도 좋고 오픈북이라 꿀강에 속한다고 생각한다
동서양의 종교적 지혜,임부연,23,Spring,5.0,관악 최고의 꿀강이자 명강입니다. 임부연 교수님 감사합니다흑흑흑
동서양의 종교적 지혜,임부연,23,Spring,5.0,로드가 거의 없고 내용이 어렵게 느껴질 수 있지만 오픈북 시험이라서 크게 부담이 되진 않습니다! etl과 대면수업을 번갈아 가면서 했고 가끔 줌 수업을 하셨습니다!
동서양의 종교적 지혜,임부연,23,Spring,5.0,로드가 별로 없고 기말도 오픈북이라 부담없는 강의임!
동서양의 종교적 지혜,임부연,22,Fall,4.0,"동서양 철학에 대해 배우는데.. 내용이 어렵고 교수님 수업 듣기 쉽지 않을 수 있습니다!
하지만 찬찬히 듣다보면 흥미로운 부분들이 꽤 많습니다.
성적도 나쁘지 않게 주십니다."
동서양의 종교적 지혜,임부연,22,Winter,4.0,"내용은 사실 어려운데, 오픈북이고 족보 타서 쉽습니다. 대면 비대면 섞여있는 꿀강이고, 과제도 안어렵습니다. 성적도 잘 주세요."
동서양의 종교적 지혜,임부연,22,Winter,5.0,"내용은 그냥 종교 관련 안 좋아하시는 분이면 듣기 어려울 것 같고,,, 학점 받기는 진짜 쉽습니다
대면 수업 다 나오면 거의 에이쁠이에요
학점 잘 안준다는 이야기는 아마 그분들이 대면수업을 안들어서 그런 걸 겁니다,, 대면 때 했던 이야기들이 서술형의 핵심으로 나옵니다. 로드도 적고 시험도 쉽고 학점 받기도 쉬워요 안 들을 이유가 없는 것 같네요~~"
동서양의 종교적 지혜,임부연,22,Fall,3.0,"내용이 너무너무너무 재미없어요 그냥 교리 그 자체를 가르치는데 교수님 목소리가 잠오는 목소리라..
시험은 오픈북인데 모두에게 오픈북이라 오히려 상대적으로 잘보기는 어렵습니다 학점은 잘 주신다고 하는데 저는 잘 모르겠어요
로드는 확실히 없습니다! 짧은 감상평 종교별로 작성+심화 감상문 한번+발표 에다가 중간 대체 리포트는 기한 널널하고 기말 한번 있어요"
동서양의 종교적 지혜,임부연,22,Winter,3.0,"여러 종교에 대해서 배울 수 있었습니다
특히 불교 유교 도교에 대해서 자세하게 나가는데 한문이나 기록이 많이 나와서 조금 어려웠습니다
학점은 에쁠받기는 쉽지 않은 것같습니다ㅠㅠ"
동서양의 종교적 지혜,임부연,22,Winter,5.0,거의 비대면으로 수업이 진행되었습니다. 여러 종교에 대한 지식을 얻어갈 수 있어서 좋았습니다. 로드도 과제 한 번과 시험 한 번이기 때문에 어렵지 않아요. 수업은 녹강으로 제공하셔서 공부하기에 수월했던 것 같습니다. 다만 녹강이어서 그런 것인지 강의의 음질이 살짝 아쉬웠습니다. 시험은 피피티와 판서를 바탕으로 객관식 문제가 출제되며 서술형 문제들은 전부 녹강이 아닌 대면 수업에서 배운내용으로 나왔습니다.
동서양의 종교적 지혜,임부연,22,Winter,5.0,"계절학기에 수강했습니다. 원래는 대면을 5번정도로 예고하셨습니다. 근데 줌으로 또 바뀌기도 해서 실제로는 3번 진행했습니다. 체계적이라는 느낌보다는 물흐르듯이 진행되는 경향성이 있어서 처음에는 조금 별로라 생각했는데 듣다보니 흥미로워서 나름 만족했습니다. 다만 녹강 음질이 조금 안좋았고 특히 유교파트는 해주시는 필기가 너무 많아서 필기 옮기는 것만 해도 힘들었습니다. 저는 이슬람교에 대해서도 많이 배워보고 싶어서 신청한건데 이슬람교는 거의 휘리릭 넘어갔고 실질적으로는 힌두/불/유에 좀 집중된 감이 있었습니다. 그리고 수업 자체가 현재의 종교가 어떤 방식으로 운영되는지보다는 종교철학 이론을 설명하는 것에 더 가까우니 참고하시기 바랍니다.
성적은 출결 20/시험40/보완과 질문 10/레포트30으로 부여됩니다. 출결은 녹강/실시간 강의+간단한 5줄 감상문으로만 반영됩니다. 보완과 질문은 수업 ppt내에서 주제를 고르시고 논문 좀 긁어서 대면수업 때 짧게, 10줄 정도로만 발표하면 됩니다. 시험은 오픈북이고 단답형은 4개 종교에서, 서술형은 3개 종교에서 나오는데 객관식은 강사님께서 녹강이나 대면수업에서 필기하신 부분에서만 출제됩니다. 계절 기준으로 대면수업은 모두 참여했고 녹강은 대충만 들어놨었습니다. 필기 옮기는데 대충 8시간, 서술형 부분을 녹강 들으면서 공부한게 9시간정도 되는 것 같습니다. 서술형 부분은 기출하고 같은 문제도 있고 다르다고 하더라도 출제 포인트는 유사하니 스랖에서 기출 긁어서 모으고 그에 대해 좀 생각해보시면 좋을 것 같습니다.
레포트는 2가지 방식중에 선택하면 됩니다. 1. 종교 관련 논문에 관한 보충(2쪽)+본인의 생각(2쪽) 2. 종교 관련 영어기사 번역문(1쪽)+내용에 대한 정보보충(1쪽)+본인의 생각(2쪽)..저는 주제를 중간에 바꿔버려서 기사 선정에 2시간 들었고 제출 당일날 쓰기 시작해서 5시간정도 든 것 같습니다. 솔직히 대면수업 간 시간 제외하면 시험 레포트 합해서 투자한게 이틀 정도밖에 안되는데도 총 성적은 a+받았습니다. 계절수업이기도 하고 제가 다른 종교학 교양을 들었어서 조금 더 수월했을진 몰라도 이거밖에 한게 없는데 저 성적이라는게 믿기지가 않습니다. 정말 교수님 천사이신 것 같습니다! 힌두교 불교 유교쪽에 관심 갖고 계시거나 학점 회복하고싶으신 분들 추천합니다."
동서양의 종교적 지혜,임부연,22,Winter,5.0,"성적도 너그럽게 주시지만, 애초에 배우는 내용이 정말 유익해서 학생이 배우려는 자세만 있다면 얻어갈 점이 많은 강의라는 생각이 듭니다
녹강 수강 시 발음이 잘 안 들려서 답답함 + 한자폭격 이 두 가지만 제외하면 정말 좋았던 강의였어요!
조금이라도 종교에 관심이 있으신 분이라면 수강하시길 추천드립니다"
동서양의 종교적 지혜,임부연,22,Fall,5.0,개꿀강 한학기 통틀어서 4일정도 투자하면 되는 강의. 사실 이것도 속기록 입수하면 2일이면 될 것 같습니다. 이보다 꿀강일 수 없다.
동서양의 종교적 지혜,임부연,22,Fall,4.0,"정말 꿀강이에요! 대면 수업은 거의 없었고 거의 다 동영상 녹화 강의로 진행되었습니다. 교수님께서 학생 편의도 많이 봐주시고 로드는 0에 수렴합니다. 그러나 아무래도 종교 경전이다 보니 한자도 많이 나오고 개인적으로 내용 자체도 다소 지루한 부분이 있어서 저는 집중해서 듣기가 좀 힘들었어요. 그래도 열심히 들으면 종교에 대한 지식을 넓힐 수 있으니 추천합니다!
(대면수업은 출석에 반영하지 않으셨지만, 대면 내용이 시험에 출제되니 나가시는 것을 추천합니다)"
동서양의 종교적 지혜,임부연,22,Fall,5.0,임부연 교수님..다른 강의도 듣고 싶어졌습니다..감사합니다...ㅠㅠㅠㅠㅠ
동서양의 종교적 지혜,임부연,22,Fall,4.0,녹강과 오픈북이라 수업은 꿀이지만 시험은 좀 난해한 느낌이 있었습니다.
동서양의 종교적 지혜,임부연,22,Fall,5.0,"“임부연 교수님”은 신이십니다 
오픈북 시험 하나에 과제 두 개(하나는 정말 간단한 10줄짜리, 하나는 4쪽 보고서) 출결은 3줄정도 감상문(거의 녹강으로 수업하시고 가끔 대면 하시는데 출석 안부르심)"
동서양의 종교적 지혜,임부연,22,Fall,5.0,오픈북이라 부담이 없는 것은 맞지만 불교 유교 파트가 헬이라 시험공부하면서 정말 힘들긴 했습니다. 그래도 교수님 인품도 좋으시고 수업 내용도 개인적으로는 흥미롭다고 생각합니다. 물론 종교학에 관심이 없으시다면 개인적으로 그리 추천하진 않습니다....
동서양의 종교적 지혜,임부연,22,Fall,5.0,굉장히 추천함. 오픈북이라서 더 부담이 없었던 것 같음.
동서양의 종교적 지혜,임부연,22,Fall,5.0,종교에 관심이 없다면 재미없게 느껴질수도 있지만 듣다 보면 나름 흥미로운 점들이 많은 강의입니다 시험은 오픈북에 성적도 최대한 잘 주시고 사실상 비대면 수업이라 한 학기 편하게 들을 수 있습니다 추천합니다!
동서양의 종교적 지혜,임부연,22,Fall,5.0,"사람에 따라 수업은 지루하게 느껴질수도 있습니다만…
로드 별로 없고 시험도 오픈북 기말로 한 번만 봐서 준비하는 데 부담이 없습니다 성적도 잘 주시니 필교 치우려는 분들께 추천합니다"
동서양의 종교적 지혜,임부연,22,Fall,5.0,밑에 대면 부연설명을 들어야 된다는데 개인적인 생각으로 안 들어도 됩니다. 한번 빼고 다 빠졌는데 답 쓰는데 문제 없었고 에이쁠 받았습니다.
동서양의 종교적 지혜,임부연,22,Fall,4.0,"7개 종교에 대하여 비대면 녹화 강의를 올려주시고 각 종교가 끝나면 대면으로 감상문 중에 종교 1개를 선택하여 쓰는 심화감상문을 쓴 사람의 발표와 함께 부가 설명을 합니다. 이 부가 설명에서 시험이 일부(거의) 출제되었음. 비대면 녹화 듣는 기간 넉넉하고(출석 체크) 이번 학기는 동영상 항상 열려있고, 대면 때는 출석 체크 안 하지만 부가 설명 웬만하면 듣는 게 이번 학기 기말고사의 차별성이었음.
로드는 각 종교 강의에 대한 기본감상문, 그리고 특정 하나를 정해서 조사해서 쓰는 심화감상문, 마지막으로 원하는 작품을 중심으로 연관된 종교에 대한 보고서 하나. 그리고 기말고사 올빵.
재미에 대해서 각 종교 경전에 대한 교훈이나 가르침을 배울 수 있고 기말고사를 준비하다보면 내 정신이 깨달음으로 가득차는 경험을 할 수 있음. 공통적으로 관통하는 무언가가 있음을 느낄 때의 그 짜릿함..
필수 출석 까먹지만 말고 로드도 그냥 하면 편안하게 학기를 보낼 수 있음.
영상은 발음이 교수님의 중후한 목소리에 묻히는 경우가 있으니, 속기록을 입수하시기를 바랍니다."
동서양의 종교적 지혜,임부연,22,Spring,5.0,시험은 기말 한 번에 과제도 적은데 그걸로 출석까지 해서 열심히만 하면 점수 그냥 줘요;; 성적 제일 잘 받은 과목이라 쓰고 갑니다
동서양의 종교적 지혜,임부연,22,Summer,5.0,"도교나 힌두교에 대한 제대로 된 설명을 들을 수 있는 수업이라서 좋았습니다. 인터넷에선 도교나 힌두교에 대한 제대로 된 지식을 얻기 극히 어려운데,어느정도 신빙성이 있는 정보를 얻을 수 있었습니다."
동서양의 종교적 지혜,임부연,22,Spring,5.0,이렇게까지 로드가 적으면서 점수를 잘 주시는 강의 얼마 없는 것 같습니다. 강의는 몇몇 강의를 시험범위로 특정하셔서 나중에 그 부분만 속기록으로 공부하고 기출문제 조금 본다면 시험도 잘 대비할 수 있다고 생각합니다.
동서양의 종교적 지혜,임부연,22,Spring,5.0,"여름계절 수강했습니다
시키는 것만 하면 학점 엄청 잘 주십니다 그렇게 부담되는 로드도 아니라고 생각됩니다 
전체적으로 비대면 녹강으로 진행되고 인정기간도 넉넉하게 주셔서 편합니다 총 7개의 종교에 대해 배우는데 한개의 종교가 끝날때마다 대면수업 또는 줌수업을 하지만 줌수업은 진행된 적이 한번도 없어 총 3번만 대면수업하였습니다 (저는 모두 참석했지만 출석 안 부르니 사실 안 가셔도 상관없습니다-대면수업내용도 시험범위지만 사실 크게 상관없..) 

출석- 한 종교가 끝날때마다 5문장의 감상평으로 대체합니다 내용은 전혀 확인 안하고 5문장인지만 확인하니 전혀 부담없습니다

과제- 보완 과제 하나와 언론 과제 하나입니다 보완과제는 종교 하나를 골라서 수업 내용이외에 보충할 내용을 간략하게 주어진 형식에 맞춰서 댓글을 다는 형식입니다 한 10줄 정도로 논문 하나 골라서 참고하시면 됩니다 
 언론과제는 외국어 기사 하나 골라서 해석하고 (1장) 객관적 정보(1장) 본인 생각(2장) 총 4페이지로 작성하면 되고 생각보다 시간 많이 안 걸립니다(2시간..?) 비중이 기말고사와 비슷하니 조금 공들여 쓰시는게 좋을듯합니다 

기말고사- 7개 종교중에 교수님이 지정하신 3개의 종교에 대해 서술형 기말고사를 봅니다 비대면으로 1시간 반 내에 제출하면 되는 형식이고 따로 카메라는 없습니다 수업 속기하신 것을 잘 요약하고 본인 경험 등과 잘 연관시켜 적으시면 됩니다 (꼭 그런것은 아니지만 많이 쓰시는게 유리합니다 총 4장 정도)
개인적으로 녹강도 그렇고 너무 편했고 학점 매우 만족합니다 꼭 들으세요 :)"
동서양의 종교적 지혜,임부연,22,Spring,5.0,22년 여름 계절학기를 수강했습니다. 교수님 목소리가 좋으셔서 강의 듣는 시간이 편안했습니다. 사실 무교라서 이 강의를 통해 종교학을 처음 접해보았는데도 계속 듣다보니 얻어가는 바가 있었습니다. 성적도 잘 주셔서 추천합니다.
동서양의 종교적 지혜,임부연,22,Spring,5.0,"22년 여름계절 수강했습니다(비대면). 7가지의 종교에 대해서 각 종교당 1-2회의 강의를 통해 배우는데, 수업내용이 좀 난해하다보니 거의 그냥 수업하시는 거 구경하는(?) 수준이었습니다. 각 종교마다 5문장씩 감상문 작성하는 과제가 있어서 부분적으로 배속해서 돌려봤더니 어렴풋이 이해가 되는 듯했고 다른 학생들 감상문 읽으면서 도움도 많이 됐습니다.
출석체크 따로 없으셔서 대면수업 3번? 중 한번만 갔지만 감상문이 곧 출석이라 별로 지장없었고 과제 1회(‘보완과제’)도 한두시간 투자하면 되는 수준으로 매우 수월합니다.
기말시험은 종교 세개만 찝어주시는데 수업내용 거의 복붙해서 쓰고 A0 받았습니다. 감상문/과제/시험 모두 조금씩 늦게냈는데도요.. 인풋에 비해 성적 너무 잘 주시고, 여러 종교들에 대해 조금씩 배워보는 것도 무척 유익했습니다.
 개인적인 의견이지만 교수님 목소리도 좋으시고 영상에서 ppt에 글씨 쓰시는거 보는게 힐링되는 시간이었어요 ㅎㅎㅎ"
동서양의 종교적 지혜,임부연,22,Spring,5.0,안녕하세요. 드랍 엄청 고민했었는데 점수 보고 미화된 사람입니다.
동서양의 종교적 지혜,임부연,22,Spring,5.0,"강의가 다소 어지러운 면이 없진 않지만, 그럼에도 불구하고 충분히 들을만해요! 글만 잘쓰면 충분히 좋은성적받으실수있습니다. 저는 기말때 밤샘공부하고 오픈북이라 필기위주로 빡세게 했더니 에쁠떴어요"
동서양의 종교적 지혜,임부연,22,Spring,5.0,"22 여름 계절 수강했습니다. 성적 나오기 전이지만 수강평 작성합니다. 저는 이 강의와 비슷한 느낌의 강의를 수강한 적이 있어서 내용이해도 쉬웠고 재미있었어요...! 로드도 매우 적은 편입니다. 그리고 교수님께서 던지시는 질문들이 제가 항상 해당 종교에 대해 갖고 있던 질문이었어서 신기했습니다. 녹강으로 진행되고 가끔씩 현장에서 보충을 하셨어요! 녹강은 개념 위주, 대면은 그에 대한 논의점이나 생각해볼 만한 질문, 학생들의 보완으로 이루어졌습니다. 저는 녹강보다 대면강의가 유익했던 것 같아요."
동서양의 종교적 지혜,임부연,22,Spring,4.0,"점수를 정말 잘 주세요 그런 의미에서는 꿀강이 맞고 조금 더 열심히 해서 더 좋은 성적을 노려볼걸 하는 생각이 들기도 합니다. 그렇지만 여러 종교에 대해 깊이있게, 그리고 동영상 강의 특성상 조금 지루하게 수업이 이루어지기 때문에 내용이 본인과 안 맞으면 공부하겠다는 의지 자체가 팍 꺾일 수 있음을 유의하세요!
과제 자체는 짧은 감상문과 질문 한 번, 어렵지 않은 보고서 제출이 끝이라 부담은 없어요. 시험은 종교 세 개를 교수님이 정해서 알려주시고 과거 족보들도 직접 보여주시는데 오픈북 논술?이라 속기록 구하면 편합니다."
동서양의 종교적 지혜,임부연,22,Spring,5.0,교수님과 상성이 안 맞으면 다소 힘들 수 있지만 성적은 확실히 잘 주십니다. 강의나 질의응답 방식에서 호불호가 갈릴 수 있을 것 같아요. 하지만 과제도 없는 편이고 시험도 어지간히 공부하면 성적 잘 받을 수 있습니다.
동서양의 종교적 지혜,임부연,22,Spring,5.0,"녹화강의만 밀리지 않고 제때 수강하면 그 외의 과제나 시험준비는 다 무난하게 할 수 있습니다.
성적은 확실히 잘 주시는 것 같습니다."
동서양의 종교적 지혜,임부연,22,Spring,4.0,"로드가 없는 건 확실하나, 개인적으로 수강을 추천하고 싶지는 않은 강의입니다. 특히 100% 이과였던 저는 강의를 듣는 거 자체가 힘들었고, 불교 도교 등에서 한자 용어를 알아듣는 것도 쉽지는 않았네요… 종교에 흥미가 없는 분이시라면 수강신청을 다시 한 번 생각해보시는 게 좋을 거 같아요.
아래에 다른 분들께서 정리해주신대로 과제는 종교의례 보고서 4장짜리 1번, 시험은 기말 1번인데 시험범위는 종교 3개만 들어갑니다. 스랖에 족보 많으니 참고하세요."
동서양의 종교적 지혜,임부연,22,Spring,5.0,"꿀강입니다.
강의는 녹강이랑 현강 섞어서 하는데 현강도 따로 출석은 안부릅니다
출석(15)은 녹강보고 종교별로 감상문 간단하게 2~3줄 쓰는 걸로 대체합니다. 따로 평가하지는 않습니다.
보완과 질문(20) 이라고 한 학기에 한 번 강의를 보고 궁금한 점이나 논리적인 질문 등을 해야 하는 과제가 있는데 기본적으로 형식만 맞으면 15점은 주는 점수입니다.
보고서(30)종교 의례에 대해 자유롭게 보고서 하나를 제출해야 합니다. 객관적 사실 2장 주관적 감상 2장 총 4장이 분량입니다.
기말(35)로는 시험범위로 3 종교를 골라서 주시는데 각각 한 문제씩 총 3문제 나오고 각각 약 8줄 정도를 적어야 합니다. 오픈북이라 큰 부담은 없지만 생각보다 강의영상을 보고 적은 필기량이 많아 잘 정리만 해서 들고 가면 좋습니다.
성적은 A+ 받았는데 왜 잘 받았는지 잘 모르겠기도 하네요. 아마 시험에서 이것저것 많이 적고 한 게 도움이 된 듯 합니다. 개인적인 생각으로는 시험에서 수업 내용만 적기보다는 다른 종교와 연결시킨다거나(정확하지 않아도 자신의 생각을 넣어) 하는 것이 중요한 듯합니다.
종교에 관심이 있으신 분들에게는 흥미가 있는 내용도 꽤 많지만 그렇지 않다는 분들에게는 세상 제일 지루한 수업이기도 합니다."
동서양의 종교적 지혜,임부연,22,Spring,4.0,꿀강은 맞습니다. 녹강만 밀려 듣지 않는다면...
동서양의 종교적 지혜,임부연,22,Spring,5.0,"나름 꿀강
후기 다른분이 잘 써주신듯
출석은 감상문 쓰기로 대체인데
까먹고 있다가 일주일 지각제출하고도 B+ 받았음"
동서양의 종교적 지혜,임부연,22,Spring,5.0,"1. [출석] 녹강이 메인이고, 대면으로 보충수업 가끔. (4번 정도했음.)
녹강이랑 대면으로 출첵 안 하고, 녹강 감상문 1달에 1번 제출하면 출석 인정.
대면 수업에서는 녹강 내용 보충하심 (이건 시험범위라서 들으러 가면 좋긴 함.)
2. [과제] A4 4페이지 분량으로 종교 의례 주제로 리포트.
3. [보완과 질문] 강의 하나 골라서 보완 혹은 질문 8줄 정도 적고 발표. (발표라기보단 걍 읽음. 가볍게 내용 보충하고 정리함.)
4. [시험] 기말 한 방. 오픈북. 종교 3개 정도만 출체하는데 시험 2주 전에 공지해주심.
녹강 다 미루고 대면수업만 가다가, 기말 직전에 시험범위 속기 치고 내용 정리함.
나름대로 정리본 만들어서 가져가세요. 속기 양 엄청납니다...
대면수업에서 보충한 내용 연결해서 쓰면 점주 잘 주시는 듯.
본인  A+"
동서양의 종교적 지혜,임부연,22,Spring,2.0,윤리과목으로 수능을 봤음에도 강의내용이 너무 지루해서 진작에 드랍할걸 후회되는 과목이었습니다.. 과제나 출결에 대한 부담도 거의 없이 널널하게 들을 수 있고 교수님도 너무 좋으시지만 개인적으로 그다지 추천하고 싶지는 않은 과목입니다..ㅎㅎ 종교에 관심 많으신 분들은 들어도 괜찮을듯 합니다
동서양의 종교적 지혜,임부연,22,Spring,5.0,시험이 너무 쉬워서 걱정했는데 잘 나왔어요 참고로 저는 윤리 과목 수강 한 적 없는 학생입니다
동서양의 종교적 지혜,임부연,22,Spring,5.0,"강의내용은 한자가 많이 나오고 약간 모호해서 마냥 쉽다고 할수는 없지만 재밌습니다! 개인적으로 교양이다보니 단순 훑는 정도로만 강의하실줄 알았는데 생각보다 깊게 들어가기는 하는것 같아요!! 그래도 교수님 성격도 너무 좋으시고 강의도 잘 해주셔서 열심히 따라갔더니 좋은 성적 받았네요!! 시험은 사실 족보랑 약간 유사해서 족보 조금 참고하시고, 하라는 것만 기한지켜서 다하면 좋은 성적 가능한 꿀교양인듯 합니다!"
동서양의 종교적 지혜,임부연,22,Spring,5.0,듣다보면 강의도 재밌고 과제도 넉넉함. 강의 정리하면 시험도 무난하게 칠 수 있을 듯.
동서양의 종교적 지혜,임부연,22,Spring,5.0,로드도 거의 없고 출첵은 강의 내용만 정리하는거에요.
동서양의 종교적 지혜,임부연,22,Spring,5.0,"쌍윤러들은 무난하게 들을 수 있는 강의, 녹강 기간도 넉넉하고 출석 퀴즈 없이 매달 종교별로 세줄 정도 감상평만 적어도 돼서 맘 편함. 로드 거의 없음. 최고의 꿀강"
동서양의 종교적 지혜,임부연,21,Fall,4.0,시험 문제가 족보랑 거의 비슷했어요 그냥 속기 치고 시험 전날에 족보 정리해서 셤 봤는데 잘 봤습니다
동서양의 종교적 지혜,임부연,21,Fall,5.0,과제고 많이 없고 시험도 하루 전날 공부했는데 잘 봤습니다!
동서양의 종교적 지혜,임부연,21,Fall,5.0,겨울학기 수강했습니다. 녹강이어서 몰아서 들었고 족보 참고로 했더니 좋은 점수 받을 수 있었습니다. 자잘한 과제들은 시간 내로 잘 내시면 점수 확보에 많은 도움이 됩니다
동서양의 종교적 지혜,임부연,21,Fall,5.0,정말 희대의 개꿀강. 시험 전까지 수업 하나도 안 듣다가 직전에 몇 개만 몰아듣고 족보만 한 번 훑었는데 에쁠 나옴. 무조건 들으세요
동서양의 종교적 지혜,임부연,21,Spring,5.0,속기록있으면 안들어도 되는 개개꿀강 과제든 시험이든 길게 쓰는게 좋을것같고 필기보다 속기가 시험에 중요한듯
동서양의 종교적 지혜,임부연,21,Fall,4.0,"호불호가 갈릴 수 있으나, 달달한 강의입니다."
동서양의 종교적 지혜,임부연,21,Fall,3.0,개인적으로 고평가되는 수업이라고 생각됩니다.  강의내용이 지루하고 녹강이어서 가끔 알아듣기도 힘들어요. 로드는 많이 없어서 좋긴 했지만 그만큼 얻어가는게 없는 수업이었습니다.
동서양의 종교적 지혜,임부연,21,Fall,5.0,성적 개꿀 로드 개꿀 시험 개꿀. 강의는 스쳐 들으면 지루하고 자세히 들으면 재미있는 신기한 수업임
동서양의 종교적 지혜,임부연,21,Fall,5.0,"출결 : 코로나로 인해 동영상을 시청하고 기한 내에 감상평을 적는 방식으로 체크했습니다.
과제 : 자작 시 한편, 보고서 한편 
시험 : 비대면 오픈북 시험 1번 
총평 : 2학기 바쁜 학기 내 한 줄기 빛과 같은 강의, 교수님이 학생들의 편의를 많이 봐주려 노력하십니다. 종교에 대해서도 어느 정도 깊이 있게 배우고 많은 교훈을 얻을 수 있었습니다. 시험 준비 같은 경우는 속기록을 바탕으로 해당 종교 내용을 유기적으로 잘 정리하면 좋습니다. 시험 문제는 각 종교별로 3문제가 나오는데 중요한 것은 유기적으로 해당 종교의 내용을 잘 엮어서 필요하다면 다른 종교나 현대 사회의 의의를 넣어주시면 충분히 좋은 학점 받을 수 있습니다. 마지막으로 교수님이 학생들을 진정으로 좋아하는 마음을 느낄 수 있었습니다."
동서양의 종교적 지혜,임부연,21,Fall,5.0,"교수님 사랑해요!
목소리가 부드럽고 말씀이 느리셔서 수업 자체는 듣기 어려울 수 있어요 (특히 유교 강의... 한자가 많아서 정확하게 알아듣기 힘들었습니다. 강의안에 써 주셨으면 좋겠어요ㅜㅜㅜ 대충 필기하고 나중에 구글링하면서 공부했습니다)

근데 잘 듣다보면 수업도 나름 재미있고, 무엇보다 이만한 꿀강이 없습니다! 과제도 별로 없고, 시험도 부담스럽지 않았어요. 학점도 잘 주시고, 무엇보다 학생들 편의를 많이 봐주셔서 참 감사했습니다.
중간중간 문자로 안내해주시는 것도 감사했어요. 
종교학을 아주 싫어하시는 정도가 아니라면 꼭 들으시길 추천드려요!! 교수님 감사하고 사랑합니다!!"
동서양의 종교적 지혜,임부연,21,Fall,5.0,종교에 관심이 있다면 듣는 거 추천합니다. 여러 종교를 나름 심도있게 다뤄주셔서 흥미롭게 들었습니다. 출석체크는 종교마다 강의가 올라오면 이에 대한 감상문을 짧게 쓰면 되고 이티엘 댓글로 달고 기간도 넉넉히 주셔서 전혀 부담스럽지 않습니다. 올라오는 강의마다 들으며 간략히 필기해 놓고 시험기간에 내용정리하며 의견을 생각해놓으면 시험도 전혀 부담스럽지 않을 겁니다. 종교 몇 개를 수업하시고 시험 기간에 시험에 나올 종교 3개정도를 뽑아주십니다. 이에 맞게 공부하고 열심히도 필요없고 성실하게만 하면 학점 좋게 주실 겁니다.
동서양의 종교적 지혜,임부연,21,Spring,4.0,"(계절학기 수강)
수업 자체가 별로 흥미없는 내용이기도 하고 녹강 설명 목소리가 잘 안들려서 돌려들었음. 
진짜 안맞으면 빠른드랍이 좋고 할만하면 끝까지 잡고 있으면 성적은 앵간히 받음"
동서양의 종교적 지혜,임부연,21,Fall,5.0,"진짜 최고의 꿀강
출첵도 넘나 간단하고 시험도 쉽고 교수님은 완전 귀엽고 스윗하심
제발 들어주세요 수신도 개꿀이에요"
동서양의 종교적 지혜,임부연,21,Spring,5.0,완전 세기의 꿀강!!! 공부도 전날에 슥 보고 들어갔는데 족보 보고 들어가니까 괜찮았어요! 창의성은 그냥 스스로의 생각을 잘 담아내시면 됩니다! 이걸 안 듣는 사람은… 큰 실수하시는 거예요.. 진짜 교수님 완전 스윗하시고 엉엉.. 학점은 더 스윗..❤️❤️❤️
동서양의 종교적 지혜,임부연,21,Spring,5.0,녹강인데 출결도 댓글로 확인하시고 과제 부담도 적습니다. 비대면 오픈북 시험이라서 어렵지 않았고 자기 생각을 논리적으로 서술하는게 중요한 것 같습니다. 무엇보다도 학점을 잘 주십니다..❤️
동서양의 종교적 지혜,임부연,21,Spring,5.0,진짜 꿀강입니다! 로드도 별로 없고 학점도 정말 잘 주십니다. 코시국에 꼭 듣는 걸 추천해요!
동서양의 종교적 지혜,임부연,21,Spring,5.0,"2021년 여름 계절학기 수강
그저 빛..!!! 교수님 강의력이 좋다고는 할 수 없지만 학점으로 다 커버 가능한 수업. 과제도 별로 없고 시험 하루 전에 2시간 벼락치기 하고 시험때도 대충 분량만 채워서 나왔는데 에쁠..!! 꼭 들으세요. 한 줄기의 휴식과 같은 수업입니다."
동서양의 종교적 지혜,임부연,21,Fall,5.0,"과제 하라는거 제때에 다 내고, 전체 필기록 다 만들어서 시험 문제 나왔을때 a4 기준 7장 썼어요 개인적 의견을 묻는 문제여서 답안 제출하면서도 긴가민가했는데 에이쁠 나왔네요! 녹강에다가 출석도 깐깐하지 않고 기한 내에 하라는 것만 성실하게 하면 되는 수업인 것 같습니다. 저는 각 종교의 내용 처음 접하면서 되게 재밌게 듣긴 했었는데, 사람마다 강의를 어떻게 느낄지는 다를 수도 있겠네요"
동서양의 종교적 지혜,임부연,21,Fall,5.0,"계절학기 수강. 역대급 꿀강임.
이거 어쩌구 하며 평 다는 애들은 진심 양심없음
걍 글 적당히 잘 쓴다 싶으면 로드 사실상 제로"
동서양의 종교적 지혜,임부연,21,Spring,4.0,"솔직히 재미는 없음. 다만 코시국 한정 꿀강.
진도율 체크도 없고 한달치 녹강을 미리 올려주셔서 댓글만 달면 출석 인정
과제도 2페이지짜리 글쓰기라 없다고 보면 됨
서술형 시험은 족보만 구해서 미리 여러 종교에 대해 답을 써보면 대비하기 쉬움
단점은 나처럼 종교에 관심이 없으면 미치도록 노잼인데 녹취록을 작성해야 시험공부할 수 있음"
동서양의 종교적 지혜,임부연,21,Spring,5.0,속기록만 있다면 충분히 A+받을 수 있는 강의라고 생각합니다. 다만 교수님 말이 나긋나긋하셔서 조금 졸릴 수 있어요ㅎㅎ
동서양의 종교적 지혜,임부연,21,Spring,4.0,코시국 한정 꿀강인 것 같습니다. 강의를 들을 때는 감상문으로 출결을 확인했고 시험 역시 오픈북이었어서 그나마 준비하기 수월했습니다. 중간고사도 보고서로 대체하셨구요. 하지만 불교 같은 특정 종교는 내용도 많고 어렵고  해서 시험을 준비하게 되면 힘들어요. 어떤 종교를 시험 보느냐에 따라서도 강의평이 갈릴 것 같습니다
동서양의 종교적 지혜,임부연,20,Fall,3.0,"겨울계절, 출석체크 없는 녹강이라 할거없는건 ㅇㅈ. 근데 시험범위에 불교 들어간다 싶으면 그냥 드랍하는게 나음. 시험에 쌍윤러들이 고등학교때나 배웠을 용어를 안날려주신채로 내시는데 아마 교수님한테는 상식적인 단어였나봄. 근데  나는 이과여서 모르는 단어였기에 힘겹게 답안을 쓴 기억이 있음. 성적은 343에 비해서는 잘주시는 편. 근데 코로나 비대면 꿀로 343에 비해서 잘 주는 강의가 널리고 널렸기때문에 이과고 글쓰기가 싫다면, 이거 말고 다른거 들으셈"
동서양의 종교적 지혜,임부연,21,Spring,4.0,"진짜꿀강이긴한데... 시험때 타종교나 독창적 관점으로쓰기중요한것같음 그런거 할 줄 몰라서 요점정리답안써서 에마받은듯
비대면이면 다시없을꿀강"
동서양의 종교적 지혜,임부연,21,Spring,5.0,하라는 거 안늦고 하면 감점 당할 부분이 전혀 없고 그냥 시험범위 나오면 영상 보고 속기쓰고 시험 때 적당히 쓰면 됩니다. 창의적으로 다른 종교랑 엮어서 쓰면 더 좋은 점수 주시는거 같아요. 개꿀이었습니다 감사합니다
동서양의 종교적 지혜,임부연,21,Spring,5.0,"무난하게 학점 채우기 좋은 강의! 로드는 녹강 듣고 댓글 달기, 보고서, 시 쓰기, 기말고사인데 시간 내에 제출만 하면 과제는 점수 다 주시는 것 같아요. 배우는 내용이 적지는 않지만 오픈북이라 크게 부담은 없었습니다 :) 기말 시험에서는 강의 내용을 잘 요약하고 거기에 자신의 비판, 창의적 관점을 잘 녹이는 게 중요한 것 같습니다!"
동서양의 종교적 지혜,임부연,21,Spring,4.0,"총평: 나왜에마임으앵
강의: 배속으로안보면못참긔!배속으로봐야재밌긔!
시험: 기출이랑비슷하게나왔길래그거랑엮기도하고아는거다썼긔!
기타: 딩가딩가~>_<"
동서양의 종교적 지혜,임부연,21,Spring,5.0,"종교 쪽 공부에 조금 관심이 있어서 재밌게 들었습니다. 출석도 아주 긴 기간동안 알아서 듣고 정해진 날에 5줄 소감문만 적으면 돼서 정말 편했어요. 과제는 시 그냥 마음대로 한 번 쓰면 되고 보고서는 종교 경전이나 신화 보고 감상문쓰는 건데, 자신없게 썼는데 에이쁠 주신 걸 보니 큰 비중은 없나봅니다. 시험도 교수님께서 유의할 점들 미리 짚어주셔서 그거 고려해서 준비하니까 괜찮았어요 꿀강이에요 교수님 최고"
동서양의 종교적 지혜,임부연,21,Spring,5.0,"먼저 말하자면 본인은 순수 이과충입니다. 그래도 수업 재밌게 들었어요

1. 과제
그냥 없는 수준
중간고사 대체 보고서 하나는 좀 열심히 써야되지만 나머지는.. 출석을 ""감상문 5줄""로 대체한다거나..

2. 내용
학기초: 강좌 1개를 들어봤는데, 교수님 말투도 적응 안되고(솔직히 근데 말투는 끝날 때까지 적응 안됨.) 재미도 없다고 느낌
학기말: 시험 일주일 전부터 강의를 몰아서 봤는데, 이때 동종지 보고서나 다른 교양 과목 보고서 쓰면서 좀 정치/경제/사회 등에 대한 소양이 그나마 늘어남 (사실 이런 보고서 한두개 쓰면서 소양이 늘어나는 수준인 걸로 봐서 원래 나의 소양이 거지같았다는 걸 알 수 있음). 그리고 이후에 동종지 보면서 종교의 사회적/정치적 역할을 생각해보며 들으니 생각보다 굉장히 재미있게 들을 수 있었음

3. 학점
감사합니다
A0 개꿀

4. 번외
근데 종교는 아직까지도 도대체 왜 믿는건지 좀 납득이 안감
그리고 생각보다 종교가 더 비이성적이고 비논리적이며 심지어 사회에 생산적인 역할을 무조건적으로 해주는 것도 아닌 것을 꺠달음
그냥 유대교에서 말하는 ""종말이 올텐데 너 착한일하면 좋은데감 ㅎㅎ"" 이런 종말론도 사회적으로 사람들 정서 다운시키고 공포 조성하고 경제에도 별로 안 좋은 것 같은데
물론 이걸 사회/경치에도 소양이 있는 쏘-련 좋아하는 친구한테 물어봤을 때 이게 교인들 통제와 유입에 효과가 있으니까 하는 거라고 함. 오 납득이 갑자기 가네.. 
아무튼 그래도 학기초에는 진지하게 너무 노잼이어서 드랍을 고민했지만 기말고사 일주일 전부터는 재밌게 듣고 시험 침"
동서양의 종교적 지혜,임부연,21,Spring,5.0,"수업 내용이 종교를 다루는 내용이라 지루하다고 느낄 수도 있고, 어려운 한자용어가 많이 등장해 교수님의 강의 내용중 알아듣기 힘든 단어들이 꽤 있는 것도 사실입니다.
그렇지만 과제 부담이 매우 적습니다. 종교에 대한 감상문은 분량만 채우면 만점이고, 시 과제 또한 분량만 채우면 만점입니다. 보고서 과제가 있는데 다른 과제들에 비하면 매우 부담이 없는 수준이고, 점수 또한 매우 잘 주시는 듯 합니다. 변별은 기말고사인데, 교수님께서 시험 범위에 해당하는 종교를 비교적 빨리 공지해 주시니 그 부분에 대해서만 속기를 해두고 시험에 임하면 됩니다.
교수님께서 매우 친절하십니다. 과제/시험도 크게 부담 없고, 성적도 매우 후하게 주시는 등 여러모로 정말 만족스러운 강의였습니다. 교수님 감사합니다!!"
동서양의 종교적 지혜,임부연,21,Spring,4.0,"수업은 지루하고 교수님 강의력이 좀 떨어지신다는 감이 없지않지만, 세계종교를 개괄적으로 짚기에는 손색없다 생각합니다. 경전을 해석하는 걸 위주로 수업을 진행하시니 참고하시길 바랍니다.
과제는 신화나 경전 바탕으로 감상문 쓰는 에세이 한번, 시 쓰고 해설 한번 다만 시 과제는 제출만 하면 되니 부담 없습니다.
수업은 힌두교, 불교/유교, 도교/유대교, 기독교, 이슬람교 3 파트로 나눠서 녹강 올려주십니다. 시간은 넉넉하니 기한만 잘 지켜서 듣고 종교마다 출석과제로 5줄 감상문 쓰면 됩니다."
동서양의 종교적 지혜,임부연,20,Fall,2.0,학점을 적당히 잘 주시긴 하지만 정말 괴로웠습니다.. 수업 시간마다 왜 드랍을 안했지 하고 후회하는 나날이었습니다
동서양의 종교적 지혜,임부연,20,Fall,5.0,"겨울계절에 수강했습니다.
학점 잘주시고 로드적습니다
갓갓 강의"
동서양의 종교적 지혜,임부연,17,Fall,5.0,"대면수업평 작성입니다.
대부분 비대면과 동일합니다.
다만 대면이라고 해서 특별히 나쁜점은 없습니다. 필기한정 컨닝페이퍼도 가능해서 공부하기 괜찮았습니나"
동서양의 종교적 지혜,임부연,20,Spring,2.0,"1학기 최악의 강의
대면으로 들았으면 이 모든 걸 다 와워야 한다니 생각만 해도 슬픈 강의"
동서양의 종교적 지혜,임부연,20,Fall,4.0,겨울계절 들었고 처음엔 이렇게 할게 없나 싶어서 좋았는데 과제랑 속기록 쓰는건 조금 힘들었어요.... 그래도 전반적으로 성적은 성의보이면 그에 맞게 넘 잘 주세요! 사실 글 잘 쓰는 것도 아니고특히 한문제는 억지로 끼워맞춰서 쓴 것 같은데 에쁠주셨습니닿 그냥저냥 추천하는 강의!
동서양의 종교적 지혜,임부연,20,Fall,4.0,"겨울학기 비대면 강의. 

녹화된 강의가 올라오면 자유롭게 듣고 ETL 댓글로 한 종교당 5줄 정도로 감상문을 남기는 형식으로 출석체크가 진행됨.

원래는 3시간 강의여야 하지만 거의다 한 시간 반 이내로 끝남.

충격적으로 적은 로드. 과제는 두 번, 시험은 한 번.
과제는 시 한번 쓰고, 종교와 관련된 기사 읽고 감상문 쓰거나 본인이 창작물을 만들어 그에 대한 해석을 하는 것. 분량만 채우면 거의 다 만점 주는 듯. 모두 한 두 시간이면 끝낼 수도 있는 수준.

변별력은 기말 시험에서 갈림. 강의한 내용 전 범위가 아니라 세 종교로 범위를 축소해서 출제(스랖에 기출문제 올렸습니다.)
총 40점 만점이지만 기본이 10점이고 교수님이 요구하신 분량만 채우면 30점 까지는 어렵지 않게 받을 수 있는 듯.

단 진짜 로드 없고 시험 범위 적다고 만만하게 보고 하루 전에 완전히 처음 시작하는 사람들이 많은데 잘못하면 꿀강이라는 소문만 듣고 기대했던 성적을 받지 못 할 수도 있다. 
상대평가지만 원래도 비율을 후하게 줬고 비대면 강의라 더 후하게 주셨다.

수업 내용은 힌두교, 불교, 유교, 기독교, 유대교, 이슬람교에 대해 기본 이론과 사상에 대해 간략하게 학습함. 
비중은 불교, 유교, 기독교 > 힌두교 > 유대교 이슬람교.

한정된 시간에 여러 종교를 살펴 봐야 한다는 한계 때문에 매우 겉 핥기 식으로 진해됨. 각 종교의 사상, 용어, 개념을 설명하고 경전 같은 곳에서 발췌한 글 한 소절 읽고 그에 대해 설명하는 식으로 계속 진행. 설명을 안 해주시지는 않지만 자세한 설명을 해주시지 않아 조금 단편적인 지식 전달에 그치는 것 같기도 함.

PPT에 보이스 오버를 해서 진행하는 강좌여서 더 그런지 교수님 발음을 알아 듣기가 힘든 적이 많았다. 특히 종교 용어의 특성상 한자어나 생소한 언어로 된 단어가 많아서 그런 듯.

종합하자면 로드가 매우 적은 강의로 성적 받기도 수월, 그러나 들어본 여러 종교 교양 중에 강의력이나 재미, 깊이는 낮은 편이다."
동서양의 종교적 지혜,임부연,20,Fall,5.0,"(2학기에 들음) 영상 시청 후 기한까지 감상 댓글로 출결을 확인하여 영상 시청 기한/방법(배속) 등이 자유로워 좋았습니다. 과제는 시, 보고서 한 번씩 있었는데 전혀 빡세지 않습니다. 시험은 전체 종교들 중 세개를 지정하여 이뤄지는데 본인은 강의 필기 하나도 안해두다가 시험범위 나오고 속기록 얻은 뒤 강의를 배속해 들으면서 제 속기를 덧붙여 정리하여 하루 전에 공부하였고 에이쁠 받았습니다. 족보 올라와 있는 거 보면서 연습 몇 번 해보면 확실히 도움 되는 것 같았어요! 전반적으로 매우 만족하는 교양인데 종교에 대해 얻어가는 건 본인이 관심있게 열심히 하면 꽤 많은 것 같습니다."
동서양의 종교적 지혜,임부연,20,Fall,4.0,"20-겨울.
솔직히 코로나 시국임에도 상대평가라서 많이 부담되었다.
그러나 속기 열심히 하고 서술형을 잘 대비한다면,
A+ 받을 수 있을 듯"
동서양의 종교적 지혜,임부연,20,Fall,4.0,"겨울 계절 수강했습니다. 로드는 녹강 듣고 짧은 출석 확인용 감상문, 보고서 4쪽, 그냥 쓰기만 하면 다 만점주는 시가 다여서 정말 적은 편입니다. 기말고사가 중요한데, 저는 시험 범위인 종교만 속기록 3번 정도 훑고, 창의적인 답안을 작성하려고 노력했더니 에쁠 나왔습니다. 핵심교양 치우는 용도로는 정말 꿀인 것 같아요.(근데 시험 준비하면서, 그리고 시험 치면서 좀 힘들었어서 별 하나는 뺍니다 ㅠㅠ)"
동서양의 종교적 지혜,임부연,20,Fall,5.0,"겨울학기 수강했습니다! 전 완전히 이과 학생이고 종교는 거의 몰랐는데 오히려 처음부터 찬찬히 설명해주셔서 속기하는 재미가 있었습니다. 시험 전날에 불교 위주로 읽으면서 공부했고, 종교는 다르지만 서로 겹치는 관념들을 찾는게 재미있어서 그런걸 메모해두었더니 시험에 도움이 되었던 것 같아요. 전 운좋게 점수를 잘 받았지만 상대평가라.. 잘해도 점수가 기대만큼 나오진 않았다는 얘기도 많이 본 것 같아요ㅠㅜ 그래도 전 여러 종교의 기반을 훑은 느낌이라 많이 배운 것 같습니다!"
동서양의 종교적 지혜,임부연,20,Fall,4.0,"2020 겨울
학점이 잘 나오긴 했지만 그걸로 전부 미화되진 않음
이해보단 암기가 위주로 이루어지는 수업이다 보니 암기에 약하거나, 윤리와 사상 같은 철학+종교 수업에 익숙하지 않다면 정말 수업이 괴로움
학점은 정말 잘 주셨지만... 정말 교양 중에서 제일 힘들었어요... 여러 의미로"
동서양의 종교적 지혜,임부연,20,Fall,5.0,"2020-겨울학기
킹부연 사랑합니다. 어떻게 제 기말 답안을 보고 에이쁠을 주실 수 있는지 너무나 신기할 지경.."
동서양의 종교적 지혜,임부연,20,Fall,5.0,"겨울학기 수강했는데 저는 재밌게 들었습니다. 종교에 대해 아예 무지한 상태라 교양 수준으로 기초만 교수님이 알려주시는데 딱 좋았고 처음에 힌두~불교까지는 어려운 한자어의 향연으로 반은 거르고 들었는데 유교부터는 아는 내용이 많아서 쉽게쉽게 들었습니다.
과제는 시 쓰기 + 보고서 쓰기인데 시 쓰는 거는 제출 여부만 보시는 것 같고 보고서도 양식이 정해져 있어서 어렵지 않게 썼습니다.
기말고사는 불교 유교 기독교에서 서술형 한 문제씩 출제됐는데 배웠던 내용+자기 생각 쓰시면 됩니다. 저는 수업 들으면서 떠올랐던 의문점 위주로 써서 생각 쓰는 건 어렵지 않았고 배웠던 내용 쓰는 점에서 속기록 써놨기 때문에 그것도 어렵지 않았습니다. 다만 불교는 아예 이해를 거의 못해서 불교 문제 자체를 푸는 게 좀 힘들어서 아무말대잔치로 썼는데 어찌어찌 맞았는지 성적도 잘 받았습니다.
120명 정원에서 40명 드랍하고 A 늘린 상대평가였다는 게 믿기지 않을 정도로 저는 성적을 잘 받았지만 교수님이 올려주신 공지문을 보니 성적을 잘라서 주신 것 같아 아마 높은 성적을 못 받은 학우분도 있을 것 같습니다.

이런 분들 추천: 비대면일 경우 개꿀(로드 거의 없음. 출석 수업-녹강- 듣고 감상문 매우 아무말 형식), 비대면일 경우 시험 공부 1도 안해도 됨, 속기록 쓰는 것에 부담 없음, 종교의 개괄적인 지식 얻고 싶음"
동서양의 종교적 지혜,임부연,20,Fall,5.0,"겨울계절 수강
밑에분 말씀처럼 시험 3일전부터 시험범위 속기하고 생각해보면서 제대로 1회독하고 기말고사 한글파일 6장정도 채우니까 에쁠 주네요 ㅋㅋㅋㅋ 꿀강 인정합니다"
동서양의 종교적 지혜,임부연,20,Fall,5.0,"물론 속기하는 게 힘들기는 했습니다. 하지만 시험범위만 속기하면되고, 시험점수 잘 받는 방법도 비교적 명확합니다. 속기 내용을 기반으로 한 수업 내용 + 나 자신의 비판적/창의젇 생각을 덧붙이면 됩니다. 저는 수업 슬라이드마다 연결할 수 있는 타 주제 수업내용 혹은 사회문제? 같은 것을 다 생각해서 미리 예상문제 만들어놨다니 시험은 수월하게 보았습니다. 과제도 제출여부가 중요하지 내용을 엄격하게 보지 않으시며, 과제 양도 적은 편입니다!"
동서양의 종교적 지혜,임부연,20,Fall,5.0,"에타에 보면 발음이 듣기 어렵다,  주입식이다 이런 내용들이 있으시던데, 저는 쉅 유익하게 들었습니다!! 솔직히 불교 이런 부분에 대한 설명이 많이 이론적이기도 하고, 새로운 관념이다 보니 넘 이해가 안 가서 혼났긴 했는데, 계속 이해하려고 막 책도 찾아 읽어보고 교수님께도 이멜로 많이 여쭤보면서 공부하니 이해가 되더라구요!! 장례식에 대한 리포트 쓰기도 괜찮았구, 기말은 오픈북이었는데 예상 문제들이랑 답안들 준비해놓고 필기도 다 정리해놓으니 셤 때 쉽게 적을 수 있었구요! 갠적으로 노트북으로 필기하는 거 강추에요(필기량도 많고 셤 때 검색 기능으로 키워드에 맞는 다양한 내용들을 적을 수 있거든요!)"
동서양의 종교적 지혜,임부연,20,Fall,5.0,진짜 개쩌는 꿀강.. 시험 3일 전부터 시험범위인 부분만 속기했고 1회독 하면서 내 생각 덧붙이면서 내용 이해한 상태로 시험 쳤고 아무말이라도 생각나는대로 다 썼는데 그냥 에쁠이 나와버리네요 공부 진짜 거의 안했습니다.. 자기 견해 얼마나 덧붙이느냐가 중요한거 같고 속기가 고통이긴 한데 속기만 하면 되니까 좋은거같아요
동서양의 종교적 지혜,임부연,20,Fall,4.0,각 종교별로 경전 일부를 발췌해서 설명하는 방식으로 수업이 진행됩니다. 경전 내용 자체보다도 이것저것 부연설명해주시는게 종교에 대해 아는 데 도움이 됩니다. 시험은 예상치 못한 부분에서 나와서 이것저것 생각나는대로 적었는데 학점은 정말 잘 주셨습니다! 그리고 필기보다는 꼭 노트북으로 속기록 추천드립니다.
동서양의 종교적 지혜,임부연,20,Fall,5.0,"꿀강 오브 꿀강입니다
비대면이라서 그런지 모르겠는데 많은 종교들 중 3개로 시험범위를 한정하기 때문에 시험공부 부담도 없어요
과제는 2번 정도있는데 분량만 채우면 만점주는 과제 하나하고 특정주제와 종교문화를 연결지어서 쓰는 보고서 과제가 있는데 그리 어렵지 않습니다"
동서양의 종교적 지혜,임부연,20,Fall,5.0,"진짜 비대면 한정 꿀강은 맞음
교수님도 굉장히 지적이시고 자상하심
근데.. 다 좋은데 말이다...
왜 상평인 것이냐...ㅠㅠ
학우들 수준이 높아서 그런지
총점 90초반대인데 B는 너무하자너~"
동서양의 종교적 지혜,임부연,20,Fall,5.0,"종교에 대해 진지하게 공부하고 싶으신 분들은 비추입니다... 텍스트를 기반하여 하는 수업에다가 녹강치고는 꽤나 분량도 많습니다. 저는 듣다보니 재밌어서 괜찮기는 했습니다만!
그러나 현존하는 필수교양 중에서는 로드에 비해 학점을 매우 잘주시기 때문에 그냥 교양 치우실거면 매우 추천합니다"
동서양의 종교적 지혜,임부연,20,Fall,5.0,정말 속기록이 전부인 강의 음질이 조금 안 좋아서 강의 들을때 힘들긴 했지만 속기록만 잘 정리하고 의견 글로 잘 풀어낼 줄 안다면 무난하게 들을 수 있는 꿀강인거같아요
동서양의 종교적 지혜,임부연,20,Fall,5.0,꿀강이긴 오지게 꿀강이긴 한데요.. 교수님 좀 목소리 좀 키워쥬시고 진행 속도 빠르게 해주시면 좋을 것 같아요 ㅋㅋㅋㅋㅠㅠ 과제도 부담 안 되고 시험도 한 번에 오픈북이니까 다들 동종지 들으세여
동서양의 종교적 지혜,임부연,20,Spring,5.0,"여름계절로 들었는데 이만한 꿀강의가 없음....
과제도 거의 없고 시험도 오픈북에 출석도 체크 안함
학점도 앵간 잘준듯"
동서양의 종교적 지혜,임부연,20,Spring,5.0,"여름에 들었는데 최고
이렇게 할게 없다고?
성적도 잘주심"
동서양의 종교적 지혜,임부연,20,Spring,4.0,코로나 때문에 시험이 얼마 남지 않은 상태에서 시험 범위랑 형식을 바꾸시는바람에 그동안 공부한게 쓸모없어졌긴 함. 그래도 코로나가 아니었다면 시험 공부 하면서 정말 많은 것을 얻어갔을 것 같음.
동서양의 종교적 지혜,임부연,20,Spring,4.0,"2020 여름계절 수강. 수업 들은 학생들이 많았는데 강의평은 2개인 걸 보니... 다들 고만고만하게 성적받아가신 듯.
이것저것 배우는 게 많아 교양을 얻는다는 느낌을 받기는 하는데, 이것저것 다양한 내용이 두서 없이 쏟아진다는 느낌도 받으며, 교수님이 가끔 정확하지 않은 발음으로 처음 배우는 한자 용어들을 사용하셔서 당황스러운 적이 적지 않았음. 
아랫분 말대로 모든 수업을 열심히 들었는데 막상 기말시험 범위는 그 중 일부였음. 그래도 시험에 안 나왔던 수업 내용까지 엮어서 기말고사 쓰니까 좋게 봐주셨는지 A+ 받음."
동서양의 종교적 지혜,임부연,20,Spring,3.0,필기 좋아해서 수업들으며 필기 열심히 하는 즐거움이 있었습니다 but 기껏 열심히 들어놨더니 갑자기 시험 범위를 특정 종교로 줄여주셨습니다. 그럴 줄 알았으면 앞에 수업들 그렇게 열심히 안들었을겁니다
동서양의 종교적 지혜,임부연,20,Spring,5.0,"여름학기 수강함. 수업 하나도 안 듣고 감상문만 제때 냈으며, 기말보고서는 한시간만에 작성. 기말 전날 시험범위 몰아서 듣고 속기록 작성한 것 외에는 아무것도 안 함. 비대면 강의라 기말고사는 오픈북으로 서술형 문제만 출제되었는데, 한 문제당 3쪽씩 내용+자유로운 생각 서술하니까 에쁠 꺼-억"
동서양의 종교적 지혜,임부연,20,Spring,5.0,교수님의 지식과 방대한 종교적 지식에 감탄하게 된 강의입니다 단점이라면 교수님 말이 느리셔서 배속이 없었다면 듣기 어려울수도 있었다고 생각합니다 내용자체는 어렵지만 시험은 오픈북에다가 범위를 한정시켜주시기 때문에 일주일 정도 강의듣고 공부 몰아서 해도 충분한 것 같습니다 학점도 잘 주시는 것 같고 자신의 생각과 비판적 논리를 얼마나 문제와 강의내용에 잘 녹이는지를 중요하게 보시는 것 같아 시험준비하실때 이에 대한 대비가 필요할 듯 싶습니다. 저는 그걸 못한것 치고 에제 나와서 만족합니다
동서양의 종교적 지혜,임부연,20,Spring,5.0,"정말 괜찮은 강의였다고 생각합니다. 물론 종교에 대해서 관심이 없으시면 별로일 수 있으나 내용이 꽤나 흥미롭게 설명해 주셔서 잘 들었습니다.
성적에 대해서 말이 많은데, A40 B40이면 사실 교양치고 잘주신 거라 생각합니다. 원래 교양은 대부분 343으로 잘라주시니까요..
과제중 시는 대충 쓰기만 하면 되고, 레포트는 네장이라 부담이 크진 않습니다. 사실 따로 문의가 없다면 점수를 공개해주신 않으셔서 레포트는 잘 쓴지 못 쓴지 잘 모르겠습니다. 다만 모두가 보는 곳에 올려서 뭔가 주제가 겹치면 안될 것 같은 압박감이 들기 때문에 최대한 빨리 올리는 게 낫긴 한 것 같습니다.
원래 핸드라이팅 지참가능 오픈북시험이라 큰 부담이 있는 강의는 아니나 이번학기는 비대면이라 훨씬 부담이 없었습니다.  딱히 옮겨적을 일 없이 속기록을 토대로 답안 내용 작성하면 되어서, 사실상 빠르게 레포트를 써 가는 느낌인데 범위도 찝어주시고, 족보들을 잘 보고 경향 유추해서 대충 예상답안 생각해 놓으면 무난하게 시험 잘 볼 수 있습니다.
다만 그렇다 보니 내용만 나열하면 좋은 점수를 받기 어렵고, 종교간 연결 또는 종교 내에서 다른 개념들과 연결지어 설명하거나, 그 개념에 대한 자신의 비판적 시각이 들어가야 하는 것 같습니다. 이걸 미리 생각해 놓는게 시험 잘 보는 키포인트겠네요. 물론 채점기준인 이 내용은 시험보기 전에 공지를 해 주셨습니다. 
팔 아프지 않으려면 비대면일때 빨리 들어놓는게 좋은 강의입니다. 종교 관심있다면 추천드립니다. 다만 이번학기에 진도를 많이 덜나간 느낌이 있어 아쉽네요. 가장 미스터리는 왜 이런 꿀강의가 3픽감인가..."
동서양의 종교적 지혜,임부연,20,Spring,3.0,"꿀강인지 아닌지는 다른 분들이 잘 설명해 줄거라 믿어요. 이번 학기는 소문난 것처럼 꿀은 아니었습니다. 저는 A- 받았습니다. 하지만 학점을 퍼주셨다 하더라도 5점을 주지는 않을 강의입니다. 1시간 30분이 넘어가는 지루하고 난해한 종교 강의 영상의 모든 설명을 속기하여 숙지하는 방법으로 공부하는 것이 정석적인 방법인데, 이게 배움에 무슨 도움이 될까요. 대부분의 학생이 수업에서 배운 종교 이론을 실제로 이해하지 못하고 있을 것이라 생각합니다. 사고력과 교양 지식을 풍부하게 해주면서도 노력하면 A를 받을 수 있는 교양 강의가 많습니다. 그걸 선택하기를 권해드립니다."
동서양의 종교적 지혜,임부연,20,Spring,4.0,학점 최대한 채워주신 것 같습니다. 출결확인이나 과제도 정말 안 빡셌어요. 다만 노력과 학점은 비례하지 않을 수 있는 것 같아요..
동서양의 종교적 지혜,임부연,20,Fall,4.0,학점은 그럭저럭 만족했는데 이게 비대면 아니면 팔 빠져서 죽을지도
동서양의 종교적 지혜,임부연,20,Spring,5.0,"(비대면 기준)
A+B 80%면 개꿀강의죠. 
eTL에 업로드된 영상으로 종교 6개를 배우는데 (각 종교마다 대략 영상 1~3개, 후반부로 갈수록 영상 분량이 과하게 길어지긴 했음) 각 영상은 출석체크 안함. 출석체크는 중간중간 유튜브에서 종교 관련 영상 보고 감상평 작성하는 거 몇개로 끝. (3갠지 4갠지 기억은 안남) 리포트도 있었으나 종교 관련 행사 2페이지, 소감 2페이지 쓰는 너무 쉬운 리포트.
즉 이미 이 시점에서 강의는 아예 안 봐도 되는 상황이었음. 근데 이 수업 분반이 두개라 시험 범위가 각 분반 당 3개 종교로 할당이 되었음. 그래서 시험 전에 3개 종교 강의만 보면 되는 거였음. 심지어 비대면 오픈북.
시험은 수업 때 배운 것+내가 추가적으로 알고 있는 것+내가 스스로 깨달은 것 등등을 최대한 쓰는 논술형 시험. 강의에 대한 이해도가 필요하긴 했음. 시험이 제일 중요한 것 같은데, 수업을 단순히 암기하는 게 아니라 이해하고, 더 나아가 응용하는 능력이 필요했음. 
필자는 A0 맞았음. 강의 하나도 안 보다가, 시험 전에 3개 종교만 몰아서 봄."
동서양의 종교적 지혜,임부연,20,Spring,5.0,"평보니 이번학기 성적 후기가 많이 갈리는데, 기준은 잘 모르겠습니다만 저는
기말고사 (오픈북) 하루전 오후3시부터 필기 빡세게 복습 + 과제 적당히.. 대강 분량 채우고 + 나머지 출석 요구사항 등등 충족하니 에쁠 뜨기는 했어용
내용 자체는 생각보다 어려웠어요! 특히 불교,,  + 유교.. 그게 그 말 같은 용어들과 수업내용.. 그래도 많이 배워갑니당
 
아 그리고 오픈북 셤 채점기준에서 창의적인 논리 연결? 이랑 비판 요구하셔서 고거 각 피피티슬라이드마다 한개정도 대강 생각해가니 도움되었던 것 같아요!"
동서양의 종교적 지혜,임부연,20,Spring,5.0,"이번학기 비대면 오픈북이라 학점이 좀 터진건 맞는데 꿀강은 여전히 맞아요. 대면시험도 어차피 오픈북이라 암기에는 크게 부담이 없는듯.중요한건 속기한걸 얼마나 본인이 이해하고 적용시키고 연관시키는 지 입니다.  저 같은 경우는 수업 열심히 듣고 셤기간에만 한 이틀 반복해서 계속 읽어보니 (5번은 본듯) 나름 논리가 세워졌어요. 이번에 학점 잘 못 받았다고 느끼는 분들은 속기와 필기위주로 서술형 답안을 채우신 걸로 생각되는데 교수님께서는 그거에 더해서 창의적 논거를 바라심. 저같은 경우는 여러 종교를 서로 연관시켜 비교했습니다.(유교-불교, 유교-유대교 이런식으로) 이거는 교수님이 따로 안 가르쳐주시니 본인이 따로 고민해보는게 좋을듯. 필기보다는 속기를 추천. 귀찮다면 남들꺼 구해서라도 보시길. 로드는 크게 부담없는편. 출석또한."
동서양의 종교적 지혜,임부연,20,Spring,5.0,"과제는 정말 없는 거나 마찬가지라고 생각해도 될 것 같아요 저는 종교에 많은 관심이 없어서 들을 때, 공부할 때 좀 힘들었어요 그래도 오픈북이어서 공부할 때 편하고 학점도 잘 주신 것 같아요"
동서양의 종교적 지혜,임부연,20,Spring,5.0,에타에서 성적 갖고 논란 많은 거 같은데 a40 b40이 짠 거 같지는 않습니다 오히려 꿀강이라고 사람들이 너무 많이 기대를 해서 벌어진 일인 거 같고 꿀강은 맞습니다 저는 a플 받았는데 개념을 하나하나 열심히 공부하기보다는 각 종교를 다른 종교랑 비교할 수 있으면 좋은 성적 가능합니다 과제는 시쓰기와 보고서 쓰기가 있는데 시는 10분컷 가능합니다 형식만 맞추면 만점입니다 보고서는 종교 관련 문화를 소개하는 것으로 부담감 적습니다 진짜 로드는 거의 없다고 보시면 됩니다 그리고 2학기 싸강되면 속기록 무조건 하십시오.. 분반별로 시험범위가 다른데 1분반은 유교 불교 유대교여서 솔직히 힘들었어요 어떻게 유교랑 불교를 한 분반에 몰아넣으실 수 있으신지 ㅠㅠㅠ 교수님 너무하세요 ㅠㅠ 그치만 동종지만큼 꿀강은 없을 거 같아요 출석 없어서 좋았어요 스랖에서 족보 받아서 보시는 걸 추천합니다 그리고 동종지 들으면서 저는 종교에 대해서 이해할 수 있어서 좋은 기회였습니다
동서양의 종교적 지혜,임부연,20,Spring,5.0,아니 A+B 80퍼인 꿀강을 외않해..? 물론 이번이 코로나 비대면이라 더 비율 늘리신 것은 맞지만 평소에도 굉장히 후하게 주신다고 들었습니다. 과제는 시쓰기 하나랑 보고서 과제 하나 있는데 그냥 없다고 보셔도 무방합니다. 그냥 분량만 채우면 되는 것 같고 기말 한 방입니다. 저는 게으른 사람이라 녹화강의 안 듣다가 3일전부터 시험범위인 종교강의만 들었는데 에이플이 나왔습니다.  다만 그냥 들으면 안되고 이해해야 답변 쓸 수 있을 것 같아서 불교 강의는 두 번씩 들었고 속기록도 작성했습니다... 3일을 갈아넣으면 A 나오는 듯 합니다. 내용 이해할 수 있거나 이해하지 못한 강의 속기록 작성할 수 있는 사람은 존버타시는 걸 추천합니다!!
동서양의 종교적 지혜,임부연,20,Spring,4.0,"내용이 쫌 많긴 한데 오픈북이라 부담없음
과제도 감상문에 보고서 하나인데 부담 거의 없음
녹강 안 듣고 한 학기치 통으로 밀렸다가, 이틀동안 셤 범위 녹강만  딱 듣고 에이쁠 나옴 ㄱㅇㄷ"
동서양의 종교적 지혜,임부연,20,Spring,5.0,꿀강이고 명강이고를 떠나서 교수님이 정말 착하고 배려심 넘치십니닿ㅎㅎ 어서 세종입 동종지 테크 타세요
동서양의 종교적 지혜,임부연,20,Spring,4.0,"경전 위주로 여러 종교의 기본적인 도그마를 설명해주시는데, 정말 인문학적으로 알차다 ㅎㅎ 설명해주시는 원문 단어 (산스크리트어나 히브리어)만 대충 알아도 어디가서 대화하면 먹힐듯 ㅋㅋㅋ
싸강이라 비대면 시험을 봤지만 대체적으로 교수님이 유하신 거 같다. 기말 대면이었는데 바로 비대면으로 바꿔주심 ㄷㄷ 시험도 강의만 들으면 쓸 수 있게 쉽게쉽게 내주셨다. 비대면 오픈북으로 봤지만, 대면 공지 때 노트로 정리해서 오면 시험때 볼 수 있다고 하신 걸 보니 아마 평소 때도 오픈북으로 본듯 싶다.
전반적으로 좋음!"
동서양의 종교적 지혜,임부연,20,Spring,4.0,교수님 말 속도가 되게 느려서 졸리긴 한데 그래도 그거만 버티면 이거만한 꿀강 없음. 온라인 수업이라 그런지 과제 두 번이었는데 하나는 되게 쉬워서 금방 끝내고 나머지 하나는 그저그런 보고서였음. 기말고사도 직전에 뭐뭐 나온다 일일이 집어주시고 솔직히 온라인인데 이정도 꿀강 찾기도 쉽지 않다 생각함
동서양의 종교적 지혜,임부연,19,Fall,5.0,이번 겨울학기 수강했고 교수님 진짜 너무 좋으셨음. 과제도 거의 없고 오픈 노트 작성해서 시험 보는 거라 부담 1도 없었음. 독강으로 들었고 속기록/족보 없이 수업 중에 칠판에 써주신거 + 약간의 부가 설명만 필기했는데 A+받음. 교수님 짱짱
동서양의 종교적 지혜,임부연,19,Fall,4.0,"사실 다른거 다 필요없고 교수님이 참 좋으시당.. 강의력도 이정도면 괜찮고 수업내용도 나는 항상 흥미롭게 들었음. 수업 끝나는 날 마지막에 앞에 앉아있는 남자분들이 종교학과로 전과할까?라는 우스갯소리도 하셨을만큼 참 귀여우심
물론 수업은 좀 집중해서 열심히 들어야함 눈이 안 좋다면 칠판 바로 앞줄로 가야지만 글씨가 보임.. 그래서 나는 항상 2번째줄에 앉았다 한번 늦게가서 뒤에 앉은적 있는데 칠판 글씨도 작고 빽빽해서 아무것도 안보여서 그날 그냥 넋놓고 수업들음 물론 끝나고 찍어가면되긴하지만 답답쓰.. 그리고 오픈북이라 필기한거 다 적어가면되긴하는데 그 ‘다’ 적는다는게 굉장히 노가다.. 하지만 뭐 시험 한번에 시한번 레포트 한번이라 옮겨적을때 그냥 지은 업보 속죄하는 마음으로 2-3일 적다보면 끝나니 추천^*^"
동서양의 종교적 지혜,임부연,19,Fall,4.0,동서양의 종교적 지혜라기보다는 동서양의 종교에 대한 속기 시험 느낌이 나긴 하는데...본인이 속기를 하고 자잘한거 공부하고 그러는거 좋아한다 하면 들으세요. 높은 성적 받고 싶으시면 시험은 거의 다 맞거나 해야될겁니다 오픈북이어서. 솔직히 저는 꿀강은 아닌거 같아요
동서양의 종교적 지혜,임부연,19,Fall,4.0,개꿀 맞는 것 같아요 최상위권은 고인물 배틀일 수도 있는데 적당한 학점 원하시면 이것만큼 꿀교양없어요 출석 거의 안해도 돼서 조음
동서양의 종교적 지혜,임부연,19,Fall,5.0,솔직히 꿀이라기엔 2-3일 동안 미친듯이 필기 옮겨야한다는 노가다가 있음. 근데 그거 빼면 과제도 2번 대충 해도 돼고 시험도 칠판 필기를 벗어나지 않는 오픈북 시험이라 편함. 수업도 교수님이 칠판 필기 해주시는거 위주로 필기하면 됌. 결론은 교수님 사랑해요~
동서양의 종교적 지혜,임부연,19,Fall,5.0,교수님...그저 빛... 그냥 수업 열심히 듣고 필기 열심히 하세요 로드도 없고 내용도 저는 나름 재밌었어요 꿀강입니다
동서양의 종교적 지혜,임부연,19,Fall,5.0,"세종입 듣고 좋아서 동종지까지 수강함 둘 중 하나 먼저 듣고 괜찮으면 나머지 하나도 수강하세요~
과제나 기말고사 형식 등은 이전 수강평과 거의 변동 없고 앞으로도 그럴 듯.
기말고사 오픈 노트는 용어와 그 용어의 정의? 설명? 정도 적어가면 충분한 것 같아요. 칠판 필기가 좀 난잡해서 노트북이나 손으로 필기 따로 해놓지 않으면 어려워요. 대신 바로 정리해두면 기말고사 때 따로 할 거 없고요. 저도 중간고사 끝나고 좀 널널할 때 미리 적어놨더니 기말 때는 시험 전 공강 한 시간에 오픈노트 훑어보기만 해도 괜찮았어요.
서술형은 어느 종교에서 출제되는지 공고해주시니까 해당 종교만 칠판 내용 플러스 알파로 교수님이 이해를 돕기 위해 해주시는 말씀 적어가면 좋아요. 종강도 빠르고 과제도 적고, 필기만 신경 쓰고 사진만 잘 찍어두시면 독강이라도 충분합니다! 개인적으로 교수님 말씀이 빠르지 않아서 녹음까지는 필요 없는 것 같네요."
동서양의 종교적 지혜,임부연,19,Fall,5.0,"진짜 이렇게 꿀일 수 없음..
1. 출결
-평소에 출결 안하고 시청각 시간 한 5번 정도 있는데 그때만 조교분이 함. 근데 시청각은 시험에 안들어가서 가서 자거나 딴짓하면됨. 가끔 영상 끝나고 출석 한 번 더 부르심.
2. 과제
-시 한 번. 보고서 한 번->시는 걍 형식만 맞추면 됨 5분 컷도 가능 / 보고서도 내용 거의 안보는 거 같음 걍 아무말 쓰면 됨 여기서 갈릴 일 절대 없음
3. 시험-기말 한 번
-손글씨 오픈노트(001강좌 기준)-A4 양면 5장+포스트잇 무제한.사실상 분량 제한 없음. 세세한 설명까지 다 옮겨 적으려면 하루이틀은 쫌 힘듦. 대신 미리 해놓으면 기말 때 진짜 할 거 하나도 없음
-단답형+서술형3인데 일단 단답형은 엄청 자잘하긴 함. 용어 자체는 칠판 필기에서만 나오는 건 맞는데 아무 맥락 없이 필기만 보면 거의 못 적음. 수업 열심히 들어서 칠판에 잇는 모든 단어의 뜻과 맥락을 알면 진짜 준비할 게 없는데 그게 불안하다 싶으면 그냥 수업시간에 설명해주신 것들 그대로 써가면 됨. 이런 것까지 나와? 하는 것들만 나옴. 서술형은 큰 맥락에서 보는거라 어렵지는 않음. 속기까진 아니어도 수업시간에 설명해주신 것들 다 적어가면 서술형도 무리없이 쓸 수 있음."
동서양의 종교적 지혜,임부연,19,Spring,5.0,재수강 하려고 던졌는데 비쁠이 떴네요ㅋㅋㅋㅋㅋㅋㅋ꿀강이긴 해요 과제 비중도 적고! 근데 말 잘 못 알아듣는 학생은 힘들 수 있어요 제가 그랬거든요
동서양의 종교적 지혜,임부연,19,Spring,4.0,"출석은 딱 5번 시청각 감상 시간에만 부른다. 출튀도 많고 딴짓하는 사람들도 많으니 알아서 하시길~~
꿀강이래서 들었지만 이과충으로서 절대 이해할 수 없는 종교학과 각종 사상에 압도당해 그저 교수님 말을 따라 적는 정도에 그친 듯. 찐이과가 듣는다고 하면 조금은 말리고 싶은 강의. 그래도 존버하니까 B+은 주심."
동서양의 종교적 지혜,임부연,19,Spring,5.0,"로드가 거의 없고 중간도 없고 기말 하나인데다가 시청각 감상 6번인가 있는데 출석만 하고 자거나 과제해도 되고 종강도 빨리 해주심. 진짜 꿀강임. 물론 수업 시간에 교수님이 하시는 말씀, 필기 다 받아적어야 함. 그래도 필기 해놓은 거 몇일만 정리하고 오픈노트에 옮겨써서 시험 때 들고오면 크게 공부 안해도 보고 쓸 수 있음. 종교학에 대한 관심도 가질 수 있음. 그렇게만 해도 A+ 주시는 것 같다."
동서양의 종교적 지혜,임부연,19,Spring,4.0,"수업을 쨌습니다....
노트 기독교를 안 썼습니다...
C+ 나왔습니다....
예과생 강추"
동서양의 종교적 지혜,임부연,19,Spring,5.0,여러분 이거 왜 안들어요.. 최고의 꿀강인데ㅠㅜㅠ 수업내용 그대로 다 받아 적어서 치틴페이퍼에 옮겨쓰면 무조건 에이쁠입니다. 과제는 막해도 됩니다 중요하지 않아요. 여러명이서 과친구들끼리 떼강해서 파트 나눠서 필기하세요! 이보다 꿀이 넘칠 수 없습니다
동서양의 종교적 지혜,임부연,19,Spring,4.0,"이거보다 로드없는 강의는 사실없을듯 관악강의중에.. 그런데 로드가없고 사실상 레포트, 기말몰빵이라 평상시에 칠판에있는 필기를 매번사진찍고 하시는말씀 다받아 적어야해서 힘들었음. 필자는 재수강이라 처음에는 정말 종교적 지혜 배우겠다고 필기안하고 혼자생각더해보고 그랬다가 기말에 짜잘한 문제들 엄청나와서 죽썼음. 이번에 진짜 하나도 안놓친단 생각으로 다받아적으니까 A뜨긴함. 다들 노트북으로 받아적기바빠서 강의명대로 지혜를 느끼긴힘들수있지만 열심히해서 학점잘받고 싶으면 추천함"
동서양의 종교적 지혜,임부연,19,Spring,5.0,강의 자체는 지루할 수도 있지만 교수님 말씀하시는거 필기 열심히 하시면 성적은 보장되는거 같네요.
동서양의 종교적 지혜,임부연,19,Spring,5.0,"외쳐 킹갓제너럴충무공이순신 임부연
웨 동종지 안 헤?
일단 출석 안 불러 종강 6월 3일이야
시험 답 다 적어갈 수 있어
시험 네 개 빼고 다 쓰고 시 아무 말 씨부리고 과제에 이 절은 근처 슈퍼에 두부김치가 맛있습니다 이런 거 썼는데도 에쁠 받음
관악의 진정한 꿀강"
동서양의 종교적 지혜,임부연,17,Spring,4.0,"17년 여름에 들었습니다.
속기록 있다면 할만한 수업. 완전완전 지엽적이라서 열심히 치팅시트 써 가도 현타가 옵니다.. 뭐 그래도 전 속기록 있고 해서 별로 시간 안 들였고 학점에 연연하지 않을 때라 대충 했고 비쁠 나왔습니다! 시 적는 게 있었고 다른 게 하나 있었던 것 같은데 기억이 잘 안나네요. 전 시 써둔게 있어서 그냥 그대로 제출했습니다. 아무튼 소문만큼 꿀강은 아니고 무난해요"
동서양의 종교적 지혜,임부연,18,Fall,3.0,아냐 이거 꿀강 아냐... 오픈북 미친듯이 쓰고 시험 보고 나면 현타 옴 굳이 어려운 내용 이해할 필요 없음 그냥 다 써가는 게 나음 진짜 흘러지나간 단어 같은 게 시험에 나옴.. 아 노트북 타자수는 늘었더라 600타 육박하던데..?
동서양의 종교적 지혜,임부연,18,Fall,5.0,"수업 열심히 듣고 필기만 잘하면 오픈노트라 무조건 성적 잘 주십니다ㅜㅜㅜㅜ 과제도 완전 부담스럽지 않은 두개고 출석도 안 부르시고,,,, 내용도 유익하고 ! 물론 수업이 템포가 빠르고 지루할 수는 있어요"
동서양의 종교적 지혜,임부연,18,Fall,4.0,"필기 열심히 하면 들을만한 수업입니당
일단 저는 개인적으로 교수님이 너무너무~~~ 좋으셨어욥ㅎㅎ쿨하면서도 좀 웃기십니다ㅎ
적당히 가끔 개그도 치시고 수업도 내용 이해 잘 되게 깔끔하게 하셔서 전 개인적으로 좋았어요 그런데 수업 필기를 칠판에 하시는데 연하게 하셔서 일찍 와서 앞자리 앉지 않으면 잘 안보입니다ㅠ
출석은 시청각수업이라고 영상 보는거 5번 있는데 그건 미리 공지 해주시고 그때만 출석체크하고 나머지는 안합니다. 그래서 자드생 많구여
과제는 형식에 맞춰서만 쓰면 만점 주는 시 쓰기 과제 1번, 기말 보고서 1개 있습니다. 기말보고서는 창작 또는 역사/지리 중 선택인데요 창작은 말 그대로 작곡, 춤추는 영상, 그림 등 아무거나 다 됩니다 주제는 종교에 관한 걸로..? 역사/지리는 총 4페이지 정도 분량으로 2페이지는 특정 종교적 사건이나 장소에 대해 조사하고 나머지는 자기 감상 쓰는겁니다.
시험은 기말 1번밖에 안 보는데 누가 누가 더 필기 꼼꼼히 했나.. 이런 느낌이에여
오픈노트 3장에 필기했던거 꽉꽉 태워서 써와서 볼 수 있습니당. 앞페이지 단답형, 뒷페이지 서술형 3문제 나와요 대신 매우 지엽적인 문제가 많이 나온다는 점..꼭알아두시길...

저는 필기는 나름 열심히 해서 거의 다 오픈노트에 써 갔는데 '설마 이게 나오겠어'하고 안 쓴 부분이 떡하니 나와버려섴ㅋㅋㅋㅋㅋ 단답형은 한 4~5문제 정도 틀린 것 같구요 서술형은 한 문제가 모르겠어서 아무렇게나 써서 틀렸을테고 나머지는 얼추 맞은 것 같습니다... 기말보고서는 시간이 없어서 정말 대충 써서 냈어요ㅠ분량만 간신히 채웠습니다
저는 비쁠 나왔고 그정도로 예상했어요.. 학점 혜자처럼 퍼주시지는 않는듯 해요
그리고 자드생들 빼고는 다들 수업 정말 열심히 듣습니다. 학점 따기 쉬운 강의는 아니에요.. 고등학교 교실 느낌으로 다들 다다다다 필기합니다.
정말 지엽적인 것까지 필기할 자신있다는 분들께 추천해여. 교수님 강의력이나 성격은 개인적으로 좋았습니다ㅎㅎ 세계 종교에 대해서 얇고 넓게 훑는 강의라고 할수있어여"
동서양의 종교적 지혜,임부연,18,Fall,3.0,전시간에 다른 쉅있어서 57분쯤 도착하면 이미 뒷자리밖에 안남아있음 대형강의인데도 목소리 너무 작으시고 필기도 작고 글씨를 너무 날려쓰심ㅠㅠㅠㅠ교수님은 재밌으신데 뒤에 앉는 사람이어서 쉅듣기 힘들었음 자드생 많고 시청각 출석 한번도 안빠지고 과제 제때 다내고 시험은 전공이랑 준비겹쳐서 많이 못썼는데 C0나옴 쁠은 주실줄알았는데ㅜ자드생 많길래 쁠은 나올줄알았어요 정말..
동서양의 종교적 지혜,임부연,18,Fall,5.0,핵교 중에 진짜 꿀이에요 다만 오픈북 시험이라 사소한 데서도 문제 다 나오니까 오픈노트 만들 때 별로 안 중요해보이는 것들까지 다 적으시길 과제보다는 기말이 훨씬 중요한듯 합니다
동서양의 종교적 지혜,임부연,18,Fall,4.0,"종교주제 자유시 1편, 종교적 성지 레포트 1편 작성이 과제로 있습니다. 시험은 단답형 빈칸 채우기가 중심이고, 서술형 3문제 있습니다. 수업 내용 필기 잘 하시면 학점은 적당히 챙겨가실 수 있습니다."
동서양의 종교적 지혜,임부연,18,Spring,5.0,필기가 모든 것을 좌우하는 시험. 출석체크는 거의 안하지만 강의안을 안올려주는데다 교재가 없기 때문에 필기를 위해 빠질 수 없음. 오픈북이라 A+원하면 객관식은 다 맞아야 합니다. 본인 객관식 1개 틀리고 보고서 날림으로 대강 해서 냈더니 에제나옴
동서양의 종교적 지혜,임부연,17,Fall,5.0,기말 한방인데 수업 필기가 매우 중요합니당! 교수님 진짜 귀여우시고 좋아용>_< 배워가는 것도 많은 수업이에요!
동서양의 종교적 지혜,임부연,17,Fall,5.0,학점잘주심 ㅎㅎ성실하게 듣기만 하면댐 오픈북시험에 과제도 없다시피합니당
동서양의 종교적 지혜,임부연,17,Spring,3.0,선생님 말투에 적응되면 괜찮아요 핵교치고 로드도 적고 부담도 덜합니당 ㅎㅎ 추천이요
동서양의 종교적 지혜,임부연,17,Spring,5.0,"좋아요!!
일단 교수님 졸귀ㅎㅎ 농담하고 혼자 웃으시는데 졸귀예염 히히

출석 절때 안부르시구!! 5번정도 시청각 감상만해요.
시청각은 시험범위 아니니까 걍 자셔도 될 듯

꿀강이예여
듣다보면 이게 뭔 소리지 하는데 나중에 공부하다보면 아~하는 내용들
시험이 오픈북이라 교수님이 잠깐 이야기해주신 것도 시험나와서 조금 당황스럽긴 했음ㅠㅠ

과제는 시 쓰는거 하나랑 레폿하난데
개판인데도 성적 꽤 잘나온거보면 기말한방인듮

필교 들어야되면 꼭 들으세요! 꿀강에 얻어가는거도 많아용"
동서양의 종교적 지혜,임부연,17,Spring,5.0,"이시대의꿀강. 게다가 강의력도 좋으셔요.
기말한방인데 치팅시트지참가능.
평소에 노트북 등으로 필기꼼꼼히 하면 무난하게 공부하고 A+  가져가실수있습니다."
동서양의 종교적 지혜,임부연,16,Fall,5.0,"일단 전체적으로 부담이 없는 강의였습니다.

과제는 써서 올리기만 하면 만점인 시 하나와
중간고사 대체 레포트 하나로 매우 적습니다.
그렇다보니 학점은 기말고사 한 번으로 갈리는 듯 합니다.

기말고사는 단답형과 서술형이 있고 B4한장에 앞뒤로 적어서 
오픈노트를 만들 수 있습니다. 단답형이 
피피티 자료가 아니라 교수님 말씀에서 나오기 때문에 평소에 꼼꼼하게 필기를 해야한다는 점은 있지만 오픈노트를 잘 만들기만 하면
무난하게 다 맞을 수 있을 정도로 출제됩니다. 그렇다보니 시험을
다들 잘 봐서 A+을 맞으려면 다 맞아야 하는 것 같습니다. 
저는 단답형을 한두개 틀렸고 서술형을 무난하게 썼더니 
A0가 나왔습니다.

교수님 수업이 좀 두서 없는 면이 있기도 한데 대체로 강의력은
나쁜 편이 아니십니다. 부담 없이 듣기 좋은 교양인 것 같습니다."
