서양철학의 이해,이우람,23,Fall,5.0,"너무 재밌고 흥미롭고 교수님도 너무너무 좋으십니다. 다만 다루는 내용이 너무 어려웠고, 수업 시간에 회의실 같은 강의장에 둘러 앉아서 각자 철학적 의견을 말하는 방식의 수업이 조금 부담스러웠던 것 같습니다."
서양철학의 이해,이현우,23,Fall,5.0,"과제 하나 없이 시험 2번으로 평가되었습니다. 참고로 글쓰기 과제와 중간고사 중 수강생들의 투표에 의해 결정되었습니다. 저는 고등학교 시절에 윤리 과목을 한 번 간단하게 들은 것을 제외하고는 철학을 거의 모르는 이과인데, 내용이 어렵긴 했지만 교수님이 워낙 재밌게 말씀하십니다. 책을 일부 스캔하셔서 pdf로 올려주시는데... 사실 학기중에 바빠서 강의 ppt만 보고 공부했었는데, 성적은 다른 분들 말씀대로 매우매우 잘 주십니다.
추가로 에타에 올라온 족보 내용을 교수님이 공지로 올려주실 만큼 형평성을 중요하게 여기시는 분입니다.ㅎㅎ 또한 시험문제 4문제 중 2문제를 선택하는 식으로 나와서 모든 내용을 완벽하게 알지 못해도 시험 보는데 무리는 없었습니다. 배운 내용 그대로 서술형으로 쓰는 것이 시험 내용이기 떄문에 족보 걱정 없이 열심히만 공부하시면 될 것 같습니다.

대학 와서 철학 교양 듣는 것이 저의 버킷리스트였는데 덕분에 재밌게 배웠습니다. 한 학기동안 감사했습니다 교수님!"
서양철학의 이해,이현우,23,Fall,5.0,"이론철학 / 실천철학으로 전반부 후반부를 나누어서 수업을 진행함

과목의 특성상 따라가기 힘든 부분들이 많지만 교수님이 최대한 이해시키려고 하는 것이 보임

교수님이 젊으시고 수업이 딱딱하지 않음

시험 방법(중간고사만), 일정을 투표로 결정함"
서양철학의 이해,이현우,23,Fall,5.0,"철학을 재미있게 배울 수 있었습니다.
역사적으로 유명한, 누구나 이름을 들어봤을 법한 철학자들 몇 명을 선정하여 그들의 이론을 배웁니다. 그렇기 때문에 이름만 알고 있었던 철학자들이 구체적으로 어떤 논리 전개를 펼쳤는지 배울 수 있어서 상식도 많이 늘 수 있었습니다. 
물론 몇몇 철학자들의 이론 및 논리 전개는 내용 상 어쩔 수 없이 어려울 수 있지만, 교수님께서 최대한 쉽게 설명해주십니다. 비유적인 설명도 많이 해주시고 재미있는 사진이나 영상도 같이 보여주십니다.
시험은 전부 논술형이고, 과제는 따로 없으며 성적도 잘 주시는 것 같습니다.
철학을 한 번 쯤 배워야할 것 같다면, 이 강의를 적극 추천드립니다."
서양철학의 이해,이현우,23,Fall,5.0,"단순히 철학자에 대해 겉만 훑는 다른 강의와는 다르게 꽤 깊게 각 철학자를 다룹니다. 개인적으로는 좀 어려웠어도 각 철학자가 무슨 말을 하려했는지 체계가 잡혀서 고등학교때 멀리하던 철학 수업에 처음으로 재미를 붙일 수 있었어요

수업 내용도 어렵고 공부도 꽤 투자해야 서술형 답안을 적을 수 있어요. 다만 그 과정만 버티면 채점도 성적도 예상보다 훨씬 좋은 점수가 보장됩니다. 성적도 쁠몰해주시는 것 같아요.

교수님이 수업에 열정도 높고 재밌는 사례도 계속 들어주셔서 상당히 밀도가 높은 수업임에도 집중이 잘됩니다. 강의가 일찍 끝나면 시간 채우는 일 없이 10분 15분 정도 일찍 끝나는 날도 많고, 출석체크는 하지만 왠만하면 출석처리로 해주시고, 보강이 필요할 경우 온라인으로 시험과 관련없는 주제로 진행된다는 점에서 좋았습니다."
서양철학의 이해,이현우,23,Spring,5.0,"철학이라 내용 어려운건 어쩔 수 없는데 교수님이 젊고 재미있으셔서 최대한 흥미롭게 가르쳐주시려고 노력하심
성적도 엄청 너그럽게 주시고 기초적인 내용 위주로 잘 구성돼 있어서 도움이 많이 됐던 강의"
서양철학의 이해,이현우,23,Spring,5.0,"중간고사, 기말고사 한번씩
과제 없음
꿀강
시험 공부할 양은 많았으나
드랍자들을 믿고 열심히 끄적이면
성적 잘 주십니다"
서양철학의 이해,이현우,23,Spring,5.0,"급하게 떠맡으신 수업이었으나 굉장히 노력하시며 출석은 랜덤(평소 안 부르나 가끔 부르심)으로 부르며 성적과 큰 상관이 없을 것이고 시험 난이도가 어려운 편이나 성적은 ‘매우’ 후하게 주십니다

수업 진행은 PPT로 진행하시는데 교수님이 젊으셔서 온갖 밈을 때려 박아 재밌습니다. Ppt 제외하고 원문을 올려주시는데 이를 읽는 것과 읽지 않는 것이 시험에서 갈리는 편인 것 같습니다.

아마 다음학기에는 중간고사 대신 과제를 내주실 것 같으니 참고하시길 바랍니다."
서양철학의 이해,이현우,23,Spring,5.0,"교수님께서 공들이시고 노력하시는 게 보였던 강의

시험 문제가 쉬운 편은 아니지만
교수님의 인품과 떠나간 드랍자들을 믿고 존중하며 버티면 A+을 선사해주실 것입니다...

cogito ergo sum 배우고 싶어서 무작정 수강신청한 강의인데
다른 것들도 잘 배우고 떠납니다!!"
서양철학의 이해,이현우,23,Spring,5.0,시험공부할때는 양이 많고 all 논술형이라서 너무 힘들었지만 성적 보고 맘이 풀렸습니다..^^ +교수님 귀여우세요
서양철학의 이해,김준영,22,Fall,1.0,좋지 않습니다. 피하세요………. 강의가 지루해서 아무것도 배우지 못했다. 성적이 매우 낮다.
서양철학의 이해,이정환,22,Spring,5.0,"서양철학은 처음이라 걱정하면서 들었는데 나름 괜찮은 강의입니다. 수업은 피피티위주로 진행되고 수업 전에 이티엘에 올려주십니다. 속기까진 필요없고 적당히 필기하면서 들으시면 됩니다. 수업은 피피티 내용과 거의 동일하게 진행되고, 피피티 정리가 잘 되어있어서 공부하기도 편합니다. 로드도 기말레폿 한 번인데다가 기한도 널널하게 주셔서 로드부담도 거의 없어요!(단지 자신의 생각 논증이라 머리가 좀 아플 뿐..) 이번학기는 중간+기말+기말레폿이었습니다. 시험은 7-8문제중 5문제정도 골라서 서술하는건데 피피티만 공부하시면 충분히 다 쓸정도로 난이도는 쉽습니다. 3시간 통강이지만 항상 20분-30분정도는 일찍 끝내주셨고, 학생들 질문타임이 길어서 내용이 많지도 않습니다. 전반적으로 로드부담도 없고 공부하기도 편했고 내용도 서양철학을 처음 접해서 그런가 꽤 흥미로웠습니다. 교양다운 수업이었구요 성적도 한만큼 받은 것 같습니다. 저는 추천!"
서양철학의 이해,이정환,21,Fall,5.0,"전반적으로 시험은 쉬워서 크게 변별력이 있지는 않았던 것 같아요. 중요한건 보고서인데, 6페이지 이상으로 수업시간에 배운 내용 중 하나를 선택해서 요약한 다음 거기에 대한 자신만의 철학적인 논증을 해야합니다. 
그래서 보고서 쓸때 고민을 많이 해야하는데 그것말고는 로드도 없고 성적도 굉장히 잘주시니 전반적으로 꿀강입니다."
서양철학의 이해,이정환,21,Fall,4.0,시험은 어렵지 않고 적당히 썼는데 과제를 대충했더니 학점 상태가 안 좋습니다.. 수업 내용은 정석적이고 괜찮았어요
서양철학의 이해,이정환,21,Fall,5.0,이정환교수님 수업 잘 맞으셨던 분들은 강추합니다.. 과제 로드 합리적이고 보고서 어느정도만 써도 성의가 보이면 학점 잘 주시는 것 같네요. ppt 수업자료 깔끔해서 부담은 크지 않은데 배워가는 것도 있는 참교양입니다. 이번에는 평가방식이 (비대면 기말고사+ 중간과제+ 기말레포트) 였는데 그냥저냥 하고 a+ 나옴. 교수님 감사합니다..
서양철학의 이해,이정환,20,Fall,5.0,"수업 성실히 듣고 최종 보고서에 대한 생각을 미리미리 구승해놓았다면 크게 어렵진 않게 A+받을 수 있는 것 같아요. 물론 이번 학기가 촤종보고서 두개로 거의 평가를 결정지었기 때문에 특이케이스긴 하지만요. 교수님은 평소에 질문도 많이 받아주시고 친절하십니다! 수업은.. 철학이라 그런지 약간 졸린 감이 있었는데, 제가 배경지식이 아예 없이 들어서 그런 것일 거에요"
서양철학의 이해,이정환,20,Fall,4.0,"원래는 보고서+기말시험 이었는데 코로나가 심해져서 보고서 2개(5p 분량)로 모든게 결정났습니다. 그런데 보고서에 자기 생각을 써야 한다고 공지하셨는데, 설명하실 땐 수업시간에 배우지 않은 철학자 말에 기대어서 생각을 써도 된다 이런식으로 설명해주셨어요. 그래서 수업시간에 배운 내용 정리+다른 새로운 철학자 주장 이런식으로 썼더니ㅠㅠ 이게 아니었나 봅니다^^... 수업은 실시간으로 하시는데 녹강도 올려주십니다 그런데 내용이 제가 생각했던 것보단 더 가벼웠어요 기말 시험을 봤으면 성적이 더 좋았을 것 같은데 ㅠㅠ 흑 속상하네요 서양 철학을 알고 싶으면 그냥 서양 철학을 다루는 책을 읽는 편이 효율적일거라는 생각을 좀 했습니다........."
서양철학의 이해,이정환,20,Fall,5.0,걍 내가 철학을 하나도 모른다 그러면 입문으로 들을 만한 강의 기말레포트가 분량이나 다른게 문제가 아니라 자기주장을 써야해서 힘들 수도 있음
서양철학의 이해,이준엽,20,Fall,5.0,분야별 교양 채울려고 들은 수업인데 생각보다 재밌었고 교수님도 친절하셔서 좋았음
서양철학의 이해,이준엽,20,Fall,5.0,믿고 수강하는 이준엽 교수님. 수업 로드 학점 등등 뭣하나 빠지지 않는 관악 최고의 명강이자 꿀강이라고 생각한다.
서양철학의 이해,이준엽,20,Fall,5.0,시간표가 꼬여서 어쩌다 듣게 된 수업인데 이번 학기에 가장 듣기 잘했다 싶은 과목입니다 교수님이 정말 친절하시고 자료도 적당한 양만 올려주세요. 말씀하실 때 약간의 의식의 흐름 + 여러번 반복하시는 성향이 있어서 결론이 뭐지 싶을 때가 몇 번 있었지만 확실하게 강조하신 게 아니라면 시험을 안 내시기도 하고 오픈북에 기한도 넉넉하게 주시기 때문에 걱정 안 하셔도 됩니다 철학 수업 계속 실패하다가 이번학기에 처음으로 애정갖고 들었어요 학점...느님이에요 느님
서양철학의 이해,박현정,23,Fall,5.0,"내용도 전반적으로 흥미롭고 토론을 3,4번정도 했는데 나름 재밌었음. 다만 주어진 스티커로 상호평가라 말안하고 주어진 스티커 자기가 그냥 가져가는 경우도 있긴한데, 성적에 큰 영향은 없는 듯.
시험은 기말만 봤는데 외워서 푸는 문제는 아니고, 전반적인 흐름과 유명한 철학자의 경우 정도만 파악하고 글 적당하게 풀어서 쓸 줄 알면 되는 서술형 3개였음.
주어진 텍스트 골라서 비평하는 과제가 있는데 이게 좀 걸린 것 빼고는 편하게 들을만함"
서양철학의 이해,박현정,23,Fall,5.0,"철학이라는 학문을 진지하게 공부해보고싶다는 생각이 들게한 명강이었습니다!!
교수님도 너무 따뜻하시고 무엇보다 강의 전달력이 너무 좋으세요. 비평문 작성(필수1, 선택1), 토론 4-5회가 있긴 하지만 그 과정 모두 학우분들이 매우 열심히 하셔서 배울 점이 많았습니다! 학점도 잘 주신 것 같습니다 :)

시험은 논술형이었는데, 무지성 암기가 아닌 전반적인 흐름에 대한 문제였고, 시험 시간도 충분하게 주어졌다고 느껴져서 매우 좋았습니다. 

다만, 토론 진행 과정에서 매 토론마다 잘한 사람 2명에게 스티커를 부여하게 하는데, 이 과정이 조금은 유치하다고 느껴져서+ 조마다 인원이 달라 받을 수 있는 개수도 다름 조금은 개선이 필요하다고 느꼈습니다."
서양철학의 이해,박현정,23,Fall,5.0,최고입니다. 서양 철학을 처음 배워보는 기회였는데 정말 흥미로웠고 토론 참여도 재밌었습니다. 에세이 토론 등의 활동에 열정적으로 참여하면 학점도 상당히 잘 주시는 것 같습니다!!
서양철학의 이해,박현정,23,Fall,5.0,"너무 좋았어요.
갓현정 교수님... 일단 강의력 및 수업 구성은 말할 것도 없이 매우 인상적이었습니다.
철학에서 유의미하고 아름답다는 인상을 얻을 수 있었어요! 철학적 사유에 있어서 단어 사용 하나하나마다 어감이 확 달라진다는 것을 체감했고 단순히 사상가들을 외우는 것이 아닌 큰 흐름에서 이해하는 경험이 매우 인상깊었습미다..

비평 과제 2개 피드백도 상세해서 좋았구요. 성적 또한 매우 따스하셨네요✨️
토론이 4~5번 정도 있었는데 저는 참여는 잘 못했지만 다른 분들 다양한 의견 들을 수 있어서 참 좋았어요.
너무너무 만족스러운 수업이었습니다!"
서양철학의 이해,박현정,23,Fall,5.0,"‘교양’ 서양철학의 ‘이해’에 가장 적합한 수업이 아닐까 싶습니다
수업구성과 시험내용 모두에서 완벽했던 것 같아요"
서양철학의 이해,박현정,23,Fall,5.0,"철학과의 김수안심개



고대부터 현대까지 사상들을 훌륭한 강의력으로 맞볼 수 있는 기회"
서양철학의 이해,박현정,23,Fall,5.0,철학 한번 배워보고 싶어서 들었는데 재밌었어요 근데 내용이 너무 많아서 따라가기 조금 힘들긴 했는데 그래도 수업 내용도 알차고 토론도 재밌어서 잘 들은 수업인듯
서양철학의 이해,박현정,23,Spring,5.0,"철학에 평소 관심이 있었다면, 꿀강입니다. ppt 1회독하고 A+ 받았습니다. 다만, 토론에 열심히 참여해야 합니다."
서양철학의 이해,박현정,23,Spring,5.0,강의력이 정말 좋으심. 성적도 후하게 주시는 듯? 하지만 공부할 땐 양이 좀 많아서 힘들었음..
서양철학의 이해,박현정,23,Spring,5.0,수업 한 번도 안듣고 선택 과제인 에세이 제출도 안했는데 A- 나왔습니다.. 피피티 잘 적어주셔서 공부하기 편하고 글쓰기 능력이 제일 중요한 거 같긴해요..!
서양철학의 이해,박현정,23,Spring,5.0,철학 강의하시는 교수님 중 이렇게 딕션 좋고 친근한 설명 하는 분도 만나기 어려울 것 같다.
서양철학의 이해,박현정,22,Spring,5.0,서양 철학 전반을 짚어볼 수 있는 강의. 교수님이 학생들 편의도 잘 봐주시고 수업 내용도 흥미로워서 들은 걸 후회하지 않습니다.
서양철학의 이해,박현정,22,Spring,2.0,철학에 대해 배울수 있어 좋았으나 내용이 다소 뒤죽박죽이라 혼란스러웠음
서양철학의 이해,박현정,22,Spring,4.0,"철학이나 윤리 좋아하시나요? 그렇다면 수강하시길..
하지만 저는 사탐으로 한지와 사문을 선택한 윤리과목 거부자이기에 .. 수업 끝까지 꽤나 힘들었습니다. 교수님은 정말 좋으세요. 강의력 또한 엄청나십니다. 교양인데도 이렇게 열정 넘치시는 분은 처음 뵙습니다. 그러나 저처럼 윤리/철학 쪽을 안 좋아하시는 분들이라면 일단 재미를 못 느낀다는 점에서 한 학기 동안 힘들 것 같습니다. 학점을 퍼주시는 느낌은 또 아닙니다. 시험은 기말 한 번이고 암기보다는 이해를 바탕으로 한 문제를 내십니다. 고등학생 때 생윤이나 윤사를 하셨던 분들이라면 훨씬 유리할 듯 합니다."
서양철학의 이해,박현정,22,Spring,5.0,철학사의 전반적인 흐름을 짚는 수업 구성이 좋았습니다. 시험 방식이나 중간 대체 과제 등 학생들을 매우 잘 배려해주셨습니다. 성적도 매우 잘 주신 것 같습니다.
서양철학의 이해,박현정,22,Spring,5.0,"오픈북 하루동안 보는 기말 시험 + 보고서나 발제라는 꿀로드의 강의..게다가 학점 정말 잘 주십니다. 강의 안 듣고 책 하나 사서 보고서랑 기말 적당히 복붙해서 냈는데 에쁠 주심...내가 왜 에쁠인지 아직도 모르겠음...여쭤보고 싶을 지경임.
저는 강의를 듣지 않았지만 열심히 하면 무조건 에쁠 뜰거 같습니다. 학점 치유 제대로 되는 강의. 꼭 들으세요. 듣기로는 제대로 들으면 얻는 것도 많은 듯."
서양철학의 이해,박현정,22,Spring,5.0,"철학에 대해 하나도 몰랐는데 이번 기회를 통해 잘 알 수 있었습니다.
교수님도 굉장히 친절하셔서 철학 관련 질문에 대해 굉장히 자세하게 답변해주십니다."
서양철학의 이해,박현정,22,Spring,5.0,"이번 학기 가장 감명깊게 들은 수업입니다. 원래 철학에 관심 있는 편이 아니라 그런지 수업내용이 결코 가볍고 쉽다고 느껴지지는 않았지만, 수업 열심히 들으면 충분히 이해할 수 있는 정도였습니다. 가장 좋았던 것은 철학자들의 사상을 실제 나의 일상이나 사회현상 안에 갖고 와서 고민해볼 수 있도록 설명해주셨던 점이었고, 그 과정에서 많은 깨달음과 위안을 얻을 수 있었던 것 같습니다! 시험도 비대면이고 하루 동안 시간을 갖고 쓰는 형식이라, 많이 암기할 필요 없이 수업 내용을 이해하기만 하면 되는 형식이라 부담도 적었던 것 같아요"
서양철학의 이해,박현정,21,Fall,5.0,개인적으로 철학을 좋아해서 수업을 듣게 되었는데 정말 좋았습니다!! 수업 중간중간 질문 참여랑 과제나 시험 제출만 잘하면 성적 잘 주시는 것 같아요ㅎㅎ 철학에 관심있다 하시는 분은 한번쯤 들어봐도 좋을 것 같습니다
서양철학의 이해,박현정,21,Fall,5.0,"주요 철학자를 중심으로 철학사를 한 바퀴 살펴보는 수업입니다. 고등학교에서 생윤사 안배운 저도 충분히 따라갈 수 있을 정도지만 내용이 가볍거나 그런 수업은 절대 아닙니다. 

교수님의 수업을 위주로 진행하되 중간중간에 관련 주제로 다 같이 이야기해보는 시간을 갖습니다. 정답을 요구하는 게 아니라, 솔직한 생각을 서로 공유하는 질문이기 때문에 부담 가질 필요는 없습니다. 

시험은 기말 한방이고, 중간 대체 퀴즈가 있습니다. 중간 대체 퀴즈는 수업을 귓등으로라도 듣기만 했다면 적어낼 수 있는 수준이고, 기말시험은 철학사 전체 흐름을 이해하면 배운 내용 정리한다는 느낌으로 쭉 써낼 수 있습니다.

발제가 하나 있는데, 철학자의 저서 일부를 읽고 요약 및 생각을 적어 해당 철학자를 다루는 수업시간에 발표하는 형식입니다. 물론 안 그런 인문대 교양이 없겠지만 이 부분은 글을 잘 쓰면 아무래도 유리할 거 같아요

전반적으로 교수님께서 성격도 온화하시고 항상 수업에 최선을 다하시는 것 같아 덩달아 저도 끝까지 들을 수 있었습니다. 서양 철학을 처음으로 배우려고 하는 분들께 추천합니다"
서양철학의 이해,박현정,20,Fall,5.0,교수님께서 철학사를 잘 설명해주시고 항상 질문을 던져주셔서 개인적으로 정말 재밌었던 수업이었습니다!! 학점도 잘 주시는 것 같구요ㅎㅎ 서양철학에 관심은 있지만 제대로 모르는 분들이라면 들어도 후회 안 할 것 같습니다!
서양철학의 이해,이행남,24,Spring,5.0,"<객관성을 위해 기말도 보기 전에 작성>
1. 요약
진짜 개레전드 명강.. 학생 수 40명넘는 중대형강의 중에 이정도의 몰입도와 효율을 만들어 낼 수 있는 강의는 없을 듯
2. 평가
중간기말 두방. 질문 많이 하고 토론에 적극 참여하면 좋아하시는 듯
시험도 그냥 무지성암기를 추구하시지 않으므로 스스로 생각해보는게 중요. 아직 중간 밖에 안봤지만 객관적으로 어렵지는 않았음.
3. 성적
아직 기말 안봐서 모르겠음.
4. 강의자
미쳤음. 내가 거의 인문대 교양만 들었는데 진짜 전달력 인문대 탑이심. 현장에서 대응할 수 밖에 없는 수업 중 토론 진행도 너무 매끄러우시고 그냥 사람 자체가 똑똑하신듯
학생들 편의도 많이 봐주려 하시고 인성도 좋으심
5. 수업 내용
철학 입문자도 부담없이 접할 수 있는 개론적 내용. 나도 노베였는데 한 학기 내내 뭐가 이해가 안돼서 헤맸던 적은 없었음. 아직 데카르트 하고 있어서 정확히는 모르겠는데 신화부터 헤겔까지 하는듯
6. 과제
예습리딩 네번 정도랑 질문 뽑아내기 한번
예습리딩은 그냥 텍스트 요약. 근데 제출 여부만 평가하시는거라 솔직히 챗지피티 시켜도됨. 물론 나중에 시험보고 하려면 직접 읽는걸 추천
질문은 그냥 배정된 내용에 대해서 진짜 묻고 싶은거 적어서 내면 됨. 수업 자료로 쓰일 수도 있음. 이것도 제출 여부만 평가하시는거라 개멍청한 소리해도 문제없음.
7. 총평
인문대 교양 하나쯤, 학문의 근본 철학 한번쯤 맛보고 싶다? 혹은 그냥 3학점 부담 적게 때울 교양 하나 필요하다? 이보다 완벽한 선택은 없다~"
서양철학의 이해,이행남,22,Spring,5.0,강의력이 아주 뛰어나지는 않으시지만 내용 자체는 재미있습니다. 하지만 1교시 수업이었던 관계로 대부분의 수업을 강의실 수면으로 대체하기로 결정한 제게도 A0를 주실 정도로 성적은 잘 주시는 것 같습니다.
서양철학의 이해,이행남,22,Spring,5.0,최고의 수업! 교수님이 천사세요! 정말 이 수업 덕분에 이번 학기의 의미가 생겼어요.
서양철학의 이해,이행남,22,Spring,5.0,"그저 갓.. 성적 받고 눈물 흘림 지각 다수+중간 망함+수업 대충 들음인데도…ㅠㅠ 예상보다 높아서 진짜 철학과 방향으로 절함
중간은 신화~플라톤 기말은 데카르트~헤겔 이었는데 전 다 고딩 때 어느 정도 알던 철학자들이라… 체감 난도는 사바사일듯 얕고 넓은 느낌이라 편했어요
교수님 친절하시고 따뜻하세요 질문도 좋아하세요(근데 전 안함ㅎㅎ) 과제도 제출만 하면 되고 수업도 꽤 재밌습니다 학우분들 질문 토론 구경도 나름 재밌어요~ 단순 암기식은 아니고 철학이론+자기 생각 잘 쓰면 돼서 시험 부담도 적어여 짱"
서양철학의 이해,이행남,22,Spring,5.0,"중간, 기말 2번의 시험과 예습리딩 2번, 질문과제 1번으로 구성된 강의입니다! 예습리딩과 질문은 제출하면 만점처리되기 때문에 부담가지지 않아도 됩니다. 중간은 비대면으로, 기말은 대면으로 치뤄졌는데 학점은 널널하게 주시는 편이신 것 같습니다! 수업내용이 조금 어려울 수 있으나 천천히 꼼꼼하게 읽으면 이해할 수 있는 내용인 것 같습니다! 서양철학을 고대 그리스에서 헤겔, 한나 아렌트까지를 훑어주시는데 수업을 듣고 나면 배워가는 것이 많은 강의입니다!"
서양철학의 이해,이행남,22,Spring,5.0,"개인적으로 이번 학기 최고의 강의였음
처음에는 질문 많이 하면 가산점 준대서 열심히 한 건데 하다 보니 너무 재밌고 그런 거임;;;; 평소에 질문하고 생각하고 그런거 좋아하면 필히 이 수업이 잘 맞을 것임.. 정말 공부하면서 힘들기도 했지만 이렇게 즐거울 수가 없었음

교수님이 첨에 FM같다는 이미지가 있음. 중간고사 채점도, 학생들을 점수로 기억할 거라고 안할 거라 하고 질문도 쉅 시간 아니면 안받겠다 막 이케 말씀하시는데 교수님께 질문도 하고 수업 열심히 듣다 보면 정말 귀여우시고 친절하신 면모가 보임... 칠판에 그림 누가 그려놨었는데 여러분 이 그림 보이세요? 지울수가없네 ㅎㅎ;; 이러고 피해서 강의하심 ㅋㅋㅋㅋㅋ 악 어떡해 너무 귀여우셔
교수님께서 당신의 귀여우신 속내를 가리고자..FM을 택한 건 아닐지...하 그냥 너무 좋음 아아아악

전 에쁠 나왔습니다 열심히 하신다면 분명 보람 있는 강의 될 것 같아요!!

아 참 단점을 깜박했는데 교수님이 좀 중언부언?하시는 느낌이 있긴 해요 ㅠ 그래서 속기하고 녹음한 거 들어보면 같은 말 투성이예욬ㅋㅋㅋㅋㅋㅋㅋ 근데 제가 다른 철학자 파트에선 잘 몰랐는데 제가 태어나서 헤겔 개념을 이 수업으로 첨 들어봤는데 여러 번 설명해주신 덕에 그 어려운 헤겔이 그나마 너무 잘 이해됐고 헤겔에 큰 관심을 가지는 계기가 되었음요 아침에 중언부언 시러잉..하면 약간 안 맞을 수 있다고 생각함!! 

그리고 질문 하나 하면 교수님이 답변을 오지게 길게 해주심 그래서 질문으로 수업하는 날에는 뒤에 갈수록 막 촉박하고 그럽니다"
서양철학의 이해,이행남,21,Spring,5.0,"서양철학사를 개괄적으로 학습하기에 좋은 강의입니다! 내용이 쉬운 편은 아니지만, ppt자료나 교수님의 강의와 함께라면 큰 무리없이 이해할 수 있는 정도인 것 같습니다 강의 전반에서 굉장히 체계적이고 정돈된 느낌이 있어서 좋았어요 
그리고 교수님께서 상당히 FM이신 편인데, 성적은 생각보다 후하게 주신것 같습니다 take-home 시험이라 거의 공부 안하고 24시간 동안 열심히 썼더니 에이쁠 나왔네요
꿀강까지는 아닐지라도, 서양철학 개론 수업으로는 이만한 강의가 없을 것이라 생각합니다"
서양철학의 이해,이행남,21,Spring,5.0,"서양 철학 전반의 흐름을 상당히 체계적이면서도 가볍지 않게 다뤄주셔서 철학에 관심이 있다면 흥미롭고 유익한 강의입니다! 깊이가 없지는 않으면서도 설명은 굉장히 쉽고 친절하게 해주세요! 어려운 부분은 반복해서 설명해주시기도 해서 이해하고 따라가기 어렵지 않습니다. 수업 진행 같은 부분도 체계적이시고 피피티도 잘 정리되어 있어 시험공부도 어렵지 않습니다. 시험도 takehome 방식으로 부담이 없습니다! 성적도 한 것에 비해 잘 주시는 편입니다.
정말 명강이자 꿀강이니 다들 들어보시길 바랍니다!!!"
서양철학의 이해,이행남,21,Spring,4.0,"철학 강의, 대학 강의의 정석 같은 느낌이었습니다. 
수업 진행은 모두 ppt로 이루어지는데 정말 완성도 높은 좋은 정리 자료라 소장할 맛이 납니다! 나중에 시험공부 몰아서 할 때도 정말 도움이 많이 되는 최고의 ppt 자료입니다.
다만 교수님께서 만연체와 깊이 있는 어휘력을 구사하시기 때문에 강의가 귀에 쏙쏙 들어온다고 말하기는 어려울 것 같습니다. (제정신으로 수업 듣기가 좀 힘들었습니다..) 그럼에도 불구하고 늘 학생들 상황 고려해 주시고 과제도 조절해주십니다 ..!
로드 절대 많은 편 아니고 부담 없습니다만 시험이 정말 어렵습니다. 새내기에게 대학 시험이란 이런 것이다를 보여준 과목.. 그러나 성적은 걱정에 비해 잘 주시는 것 같습니다.
철학 입문으로는 좀 힘드실 듯하지만 한 번쯤은 들어보면 좋은 명강이라고 생각합니다 !"
서양철학의 이해,이행남,21,Spring,4.0,"오 이게 진짜 대학 수업인가...? 라는 느낌이 드는 수업이었습니다. 고등학교 때 철학을 워낙 좋아했어서 새내기 때 호기롭게 신청했다가 좀 고생하긴 했습니다. 내용 자체가 어렵고 장황합니다. 그래도 교수님께서 어떻게든 이해시키려고 똑같은걸 반복해서 설명해주셔서 수업을 집중해서 듣다보면 큰 틀은 이해가 갑니다. 다른 분들 후기처럼 설명이 좀 길긴 한데 피피티 잘 따라가면서 하나하나 따져보면 아! 할 수 있어요. 다만 저는 그러다 혼자 놓쳐서 멍때리면서 수업을 끝내는 경우가 많았어요...하하 대면으로 들었다면 더 좋지 않았을까 싶네요. 저 말고 다른 분들은 잘 이해하시는지 수업 마치고 교수님이랑 막 질문도 하고 토론도 하시던데 전 그 날 배운거 반이라도 이해하느라 힘들었습니다ㅠㅠ 그래도 서양철학의 굵직굵직한 부분을 쭉 배울 수 있어서 저는 굉장히 흥미롭고 유익했습니다! 자세하게 깊게 파고드는게 아니라 정말 핵심만 짚고 넘어가서 교양으로 듣기 딱 좋았습니다. 로드도 교수님이 올려주시는 철학자 책 읽고 요약해가는 과제 세 번이였는데 내기만 하면 만점이라 전혀 부담 없었어요. 내용이 좀 어렵긴 했지만..ㅎㅎ 원래 6번 계획인데 교수님께서 시험기간이고 어쩌고 해서 많이 줄여주셨어요! 교수님이 학생들을 정말 잘 생각해주십니다. 중간, 기말은 24시간 시간 주고 교수님이 제시한 문제에 5000자 레포트로 답하는 형식이였어요. 사실 글 쓰는 시간보다 문제 이해하는 시간이 더 오래 걸린 것 같긴 합니다...정말 모르겠어서 피피티랑 필기한거 보고 이것저것 막 짜맞추면서 적어냈는데 다른 분들도 다들 저랑 비슷한 상황이였는지 뭔지는 모르겠지만 에이쁠 나왔네요...기말까지 다 끝난 뒤에 교수님께서 중간, 기말 다 채점을 하셔서 성적은 좀 늦게 나왔어요. 그리고 각각의 점수를 몰라요....그건 살짝 답답하긴 했어요...! 그래도 제 학점을 보아하니 후하게 주시는 것 같긴 합니다. 한 학기 수업 듣고 나니 정말 교양이 쌓인 느낌이에요. 전 꽤 즐거운 수업이였습니다!"
서양철학의 이해,이행남,20,Spring,3.0,"저는 철학을 매우매우 싫어하는 이과생입니다. 아이러니하게도 어쩌다가 철학 수업을 듣게 되었는데, 둘째주까지는 꽤 흥미도 있고 재미있었으나 그 뒤로는 매우 졸리고 집중하기가 힘들었습니다. 교수님께서 말씀을 굉장히 길고 돌려 말씀하시는 느낌이 있어서 많이 힘듭니다. 

중간중간 책 요약 과제 두번과 분석적 글쓰기? 과제가 있었는데, 요약 과제는 제출만 하면 되는 거라 부담이 없었습니다.

기말은 매우 제한적인 오픈북 형태에 줌 켜고 화면 공유를 하며 워드파일로 답안을 작성하고 etl에 제출하는, 제가 이번 학기 경험했던 시험 중 가장 복잡하고 철저한 시험 형식이었습니다.
교수님께서 말씀하시는 평가기준은 매우 매우 높게 들리지만 생각보다 학점을 후하게 주신 것 같아 조금 놀랐습니다."
서양철학의 이해,이행남,20,Spring,5.0,"수업은 쉽지 않습니다. 이번 학기에는 줌으로 수업이 진행되었는데, 고대 철학부터 칸트 윤리학 일부까지를 배웠습니다. 말씀이 빠르시고, 장황하기까지 해서 이해하기 쉽지 않을 수 있습니다만, 피피티가 정말 좋습니다. 그리고 다시 복습하면서 강의 내용을 떠올리거나 다시 들으면, 교수님의 장황한 말씀이 무엇을 의미하는지 바로 알 수 있습니다. 피피티 덕에 시험공부는 비교적 편하게 할 수 있습니다.
과제는 예습리딩과제 2개, 중간보고서가 있었는데, 예습리딩과제는 내기만 하면 만점이고, 중간보고서는 신경을 쓰셔야 합니다. 반영비가 높기도 하고, 흄 철학에 관한 내용이라 마냥 쉽지만은 않기 때문입니다.
퀴즈도 한 번 봤는데, 반영비는 작습니다.
기말은 플라톤+칸트/데카르트+흄 이렇게 두 문제 중 하나를 선택해서 푸는 방식이었습니다. 오픈북이긴 한데 타임어택이 심해서 볼 시간 거의 없습니다. 시험 문제가 대강 예상 가능하니, 공부하며 미리 준비를 하면 괜찮게 쓸 수 있습니다. 수업은 쉽지 않은데, 다른 분들도 쉽지 않아하기 때문에 적당히 잘 하면 에이쁠 나옵니다."
서양철학의 이해,이행남,20,Spring,5.0,교수님 말씀이 빠르고 장황한 편입니다 하지만 수업 자료 정리가 상당히 자세히 잘 되어있어서 공부하기 편했고 예습과제인 요약문 작성을 하면서 어느정도 맥락을 파악할 수 있기 때문에 그다지 어렵게 느껴지지 않았습니다  과제 부담은 적었고 교수님께서 학생들 편의를 정말 최대한으로 봐주시려고 노력하세요 그래서 좋았습니다
서양철학의 이해,이행남,20,Spring,4.0,"다른 분들도 저랑 느낀 게 비슷한 거 같네요! 저도 교수님 말씀이 마치 헤겔철학서처럼 만연체로 되있어서 단번에 이해하기 어려웠습니다ㅠ 과제에 관해서는, 교수님이 수강생들이 힘들지 않게끔 신경써주시는 게 보여서 괜찮았던 거 같습니다. 그리고 기말시험도 범위를 확 줄여주셔서 공부하는 데 별다른 어려움이 없었습니다. 그냥 수업을 듣는 게 제일 힘들었던 강의였던 거 같아요! 강의는 화상회의를 통해 진행이 됐는데, 다들 하품하시는 게 보이더랬습니다 ㅎㅎ (저도 엄청 하품이 나왔음 ㅋㅋㅋㅋ)"
서양철학의 이해,이행남,20,Spring,4.0,교수님께서 아랫분 말씀처럼 바로 알아듣기는 힘든 어법을 구사하셔요. 다만 ppt가 워낙 세세하게 정리되어 있어서 시험 공부하기는 수월합니다. 서양철학 전반을 처음 공부하기에 적합한 강좌입니다. 과제 부담은 별로 없지만 시험범위는.....아....
서양철학의 이해,이행남,20,Spring,4.0,"비대면으로 진행된 2020-1에 수강했습니다
일단 교양과목인 거에 비해 공부량은 꽤 많습니다ㅠㅠ
특히 철학에 대한 기본적인 지식이 풍부하지 않으면
매 수업 바로바로 따라가기가 조금 벅찰 것 같네요
교수님이 굉장히 만연체 + 미괄식이셔사
속기를 빠르게 하는 분들은 괜찮을 것 같은데
들으면서 바로바로 이해되고 넘어갈 정도의 짧은 문장을 아니어서 약간 곱씹어야 하는 스타일이었습니다
성적은 아직 안 나왔지만 왠지 기대보다 잘 나올 것 같은
과목은 전혀 아니었던....^^ 교수님 좋은 분이고 굉장히 자세하게 잘 알려주셔서 철학 전공에 관심있는 분께는 추천하지만 아니라면 stay............. 저는 자드를 고민했으나 기말이 오픈북이라 존버했답니다"
서양철학의 이해,이행남,19,Spring,5.0,학점은 적당하게 주시는 것 같습니다. 교양치고는 철학을 깊게 배우니까 철학에 관심 있는 학생들에게 추천합니다. 말이 조금 빠르시긴 하지만 수강생 대부분이 1학년이라는 점을 고려해 대단한 형태의 배려를 해주시니 큰 무리는 없을 것 같아요. 녹음이랑 속기 열심히 하시고 시험 때는 속기랑 ppt  열심히 외우시면 됩니다. 다만 대부분의 문제가 비판하시오 식이므로 어느 정도 머리를 굴리셔야..
서양철학의 이해,이행남,19,Spring,4.0,"[총평]
서양철학 전반에 대한 이해보다는 헤겔을 비롯해 아래 나와있는 철학의 흐름에 관심이 있다면 수강하자. 교수자가 학생을 많이 위하는 수업인 것과는 별개로 강의력이 대단히 좋다고 평하기는 어렵다.

[교수자]
서울대 철학과 조교수 이행남. 서울대 동양사학과 출신으로 2003년 ‘헤겔의 인정 개념에 관한 연구’로 석사학위를 받고, 2016년 프랑크푸르트대학에서 ‘인륜적 자유의 변증법: 헤겔과 그의 선행자들 간의 논쟁’으로 박사학위를 받았다. 학위논문 주제에서 알 수 있다시피 전공은 헤겔. 연구실은 인문대 7동에 있음.
수업 중 “엄청난 방식의”, “대단한”과 같은 미사여구를 과하게 쓰는 감이 있다. 적응되면 신경은 안쓰인다. 스스로 말이 빠르다는 것에 자부심이 있는 것 같은데 학생입장에선 장점이 아니다.

[수업의 특징]
서양 철학 전반에 대해 다룬다기보다는 헤겔전공자답게 헤겔에 이르기까지의 흐름에 따라 수업이 짜여있다. 크게 고대 그리스 - 플라톤 – 데카르트 – 흄 – 칸트 – 헤겔의 순서대로 수업이 진행되며, 학기중 한번의 토론시간이 주어졌지만 일반적인 교수자가 설명하고 학생들은 받아적는 평이한 방식의 수업. 수업은 제때 끝나는 경우보다 5분가량 더 늦게 끝나는 경우가 많다. 노트북 필기가 허용되는데 이번 학기는 노트북 필기소리가 많이 시끄러웠다. 노트북이 허용되더라도 수업시간중 시끄러운 노트북 필기는 엄연한 비매너다. 키스킨을 사용하자.

[평가]
예습과제가 2번 주어지는데 제때 제출하기만 하면 질적으로 평가되지 않는다. 실질적인 평가는 출석 + 한번의 글쓰기과제(흄) + 두 번의 시험으로 이뤄진다. 시험은 제시된 방향되로 한편의 글을 완성하는 형식으로 나온다.(시험 문제에 글쓰기를 유도하는 방향이 정해져있다) 중간고사는 고대그리스+플라톤 / 데카르트 두 문제 중 한가지를 선택하는 방식으로 나왔고, 기말고사는 칸트와 헤겔의 실천철학에 대한 차이에 대한 문제 1개가 주어졌다."
서양철학의 이해,이행남,19,Spring,4.0,"서양철학 전반에 대한 이해라기보다는 특정 맥락에서 철학자 각각에 대한 이해를 하는 수업 같아요. 교수님 친절하시고 열정적이시고 유머도 가끔 있으십니다. 다만 단 한 번도 수업이 제 시간에 끝난적이 없..,"
서양철학의 이해,한경자,18,Spring,5.0,좋은 교수님이십니다..!추천드려요. 고전철학위주긴하지만 재밌게배웠습니다
서양철학의 이해,한경자,18,Spring,4.0,과제가 꽤 있습니다. 1페이지 분량 중간보고서 4번 제출에 4페이지 분량 기말보고서 1번 제출해야 합니다. 그래도 기말시험은 공부 좀 하면 쓸 수 있는 내용들 나옵니다. 정말 죄송하게도 중간보고서 하나 안 내고 참여도 잘 안 하고 기말보고서도 분량 다 못 채우고 냈는데 B+ 받았네요ㅜㅜ 교수님이 천사가 분명합니다. 내용 자체는 고전철학 쪽에 집중되어 있는 느낌이 좀 있긴 합니다.
서양철학의 이해,한경자,18,Spring,4.0,중간에 드랍함.. 역시 철학이란 과목이 심오해서 이해하기 힘들다만 강의력이 개인적으로 별로였음.. 무엇을 말씀하시는지 모를정도로 의식의 흐름대로 쭈욱 넘어가버리니 한번 놓치면 그냥 그 날 수업은 엑스라고 생각하면 됨. 그냥 깔끔하게 뭐는 뭐다라고 설명하지 못하시는 게 별로인 것 같아서 드랍ㅇㅇ. 로드는 좀 있음. 책 읽고 보고서쓰는거하고 수업내용에 있어서 질문남기는 거 그리고 기말.. 출석은 매일 랜덤으로 부르셔서 출석안해도 간혹 안걸리는 경우도 있음
서양철학의 이해,한경자,18,Spring,5.0,"정말 생각할 거리가 많아져서 듣기 좋은 수업입니다
다양한 철학자들에 대한 교수님의 설명도 좋지만, 철학자의 저서를 읽은 후 작성한 보고서로 함께 토론하는 수업이 인상깊었습니다!
한번도 제 보고서로 발표하지 못했고ㅜㅜ 토론 때 질문도 한 번도 하지 못했고.. 3번 정도 써야하는 참여 과제방도 때를 놓쳐 1번 밖에 하지 못했는데 그래도 A가 뜨는 매직...
성적도 잘 주시고 좋은 수업이었어요!!!!"
서양철학의 이해,한경자,17,Fall,5.0,철학에 대해 배경지식 없이 들었는데 설명도 친절하게 해주시고 생각할 거리도 많아져서 매우 좋았어요!
서양철학의 이해,한경자,17,Spring,5.0,교수님께서 상당히  매너있으시고 상냥하십니다. 질문에 대한 답변도 아주 성심성의껏 해주시고요. 철학 좋아하시면 생각할 거리가 많아져서 좋은 수업
서양철학의 이해,현영종,23,Winter,5.0,강의력 좋으시고 교수님 성격이 매우 너그러우십니다. 시험 점수도 후하게 주시는거같고 성적도 후한것 같습니다. 시험 전날 6시간 공부해서 에이쁠 받아갑니다
서양철학의 이해,현영종,23,Winter,5.0,"올출했고 중간 105점 만점에 99점 기말은 모르겠지만 A+ 받아갑니다 야호
시험문제가 텍스트 내용 정리하고 자기생각 쓰는 건데... 이 자기생각이라는 게 ""스피노자의 결정론적 세계관에 대한 자신의 생각을 쓰라"" 이런 식으로 나오기 때문에 시험대비할 때 특정 부분만 비판한다든지 이상한 포인트에 꽂힌 생각을 준비하면 도움이 안될수도 있습니다... 텍스트 전체를 아우르는 생각+그에맞는 적절한 근거 뭐 알맞은 예시를 든다든지 이런게 필요하더라고요 전 잘못 준비해가는 바람에 시험장에서 급히 생각해내서 썼네요"
서양철학의 이해,현영종,23,Winter,5.0,강의 잘하시고 강의자료 구성도 잘 되어 있고 수업시간에 본 것만 공부하면 돼서 엄청 부담이 되지도 않아요. 철학에 눈꼽 티끌만큼도 관심없었고 배경지식 쌓으려고 들었는데 재밌게 들었고 많이 배워가요. 중간 만점 기말 ?에 에쁠 받아갑니다 갓영종♡♡♡♡♡♡
서양철학의 이해,현영종,23,Summer,5.0,"중간 피똥싸고
기말때 좀 열심히 했더니 생각보다 성적 잘주셨네요.
교수님 정말 착하시고 수업도 유익합니다. 철학 관심있으면 추천합니다"
서양철학의 이해,현영종,23,Summer,5.0,계절수업이시면 버티기만 해도 절반 가까이 드랍하는 것을 보실 수 있습니다. 성적도 제 점수에 비해 잘 주신것 같고 예습 복습만 어느정도 해줘도 좋은 성적 받아가실 수 있을거라 생각됩니다.
서양철학의 이해,현영종,23,Summer,5.0,"난해한 텍스트라도 설명을 굉장히 명확하게 해주십니다.
시험 답안도 필요한 내용만 잘 썼다면 무작정 길게 쓰지 않아도 돼서 좋았어요."
서양철학의 이해,현영종,22,Winter,5.0,"겨울 계절학기 들었어요
춥고 피곤해서 고생 좀 했지만 성적은 역시.. 갓영종
수업시간에는 난해한 텍스트를 해석해주셔서 수업 들으시면 나중에 텍스트 내용 정리하는데 도움 많이 될거에요 교수님이 똑똑하세용 과제없고 중간기말 각각 3문제가 끝임"
서양철학의 이해,현영종,22,Winter,5.0,"겨울아침수업이라 드랍자가 많았는데 드포로 주신것같아요! 학점은 매우 너그럽게 주신것같습니다!
시험은 철학자들마다 내용 정리하고 본인생각 쓰는 3문제입니다. 클로즈북이라 어느정도 암기하셔야 합니다. 하루전날 다시한번 읽어보면서 철학자별로 미리 답안 써보는것을 추천드립니다."
서양철학의 이해,현영종,22,Winter,4.0,"이번에 드랍자도 많았고 아침 수업이었던지라 출석만 잘 해도 절반 이상은 하는 것이 아니었나 싶습니다.
교수님 강의력이 아주 뛰어나시진 않지만 텍스트 분석을 자세하게 해주셔서 배워가는 것이 많은 강의였습니다.
시험에서는 텍스트를 요약하고 자기 생각을 쓰는 문제가 3문항 나오는데, 기본적으로 클로즈북이고 채점을 생각보다 꼼꼼하게 하시기 때문에 시험 전에 미리 답안을 머릿속에 구성해 놓으시는 게 좋을 것 같습니다.
결론적으로 이 강의 매우매우 추천합니다!"
서양철학의 이해,현영종,18,Spring,5.0,"2021-W 수강
재미 없을 수 있는 텍스트를 알아듣기 쉽게 설명해주시는 것에 더불어 로드도 적고, 학점도 잘 주시는 진짜 빛 강의. 시험은 서술형으로, 수업시간에 언급하신 내용을 기반으로 텍스트를 해석하고, 자신의 생각을 적는 내용이 나옵니다."
서양철학의 이해,현영종,18,Spring,5.0,"2021-겨울 

교수님..ㅜㅜㅜㅜ이 똥같은 답안이 왜 A+인가요...ㅜㅜ 정말 감사합니다! 현영종 교수님 최고 !!"
서양철학의 이해,현영종,18,Spring,5.0,"2021-W 수강

한줄요약: 내용도 학점도 그저 빛빛. 철학에 입문하고 싶은 이과생 문과생 모두에게 추천!

[강의]
- 원래는 대면수업이 예정되어 있었으나 코로나 때문에 비대면으로 전환, 녹강 + 주1회 zoom 질문시간(필참X)으로 진행됨. 1주일에 들어야 하는 녹강이 합쳐서 3시간 정도밖에 안 되고, 기한도 넉넉히 주심.
- 플라톤, 아리스토텔레스, 데카르트, 스피노자, 칸트, 니체를 다루는데, 강의시간이 길지 않은데도 굵직한 내용이 효과적으로 담겨 있음. 핵심적인 내용을 딱 교양 수준에 맞게 다루는 수업!
- 각 학자에 대한 개론 강의 + 텍스트 읽기 강의로 구성됨
- 난이도는 높지 않지만 텍스트를 읽어야 하는데, 아무래도 알아듣기 쉽게 쓰인 글들은 아니기 때문에 이 부분이 다소 어려울 수 있음. 그래도 강의 자체는 전혀 어렵지 않고, 교수님께서 최대한 쉽고 일상적인 예시를 활용하시는 등 (단골 예시: 교수님 아들, 고양이) 철학 노베 대상의 수업 난이도를 유지하려고 노력하시는 게 보임. 내용이 쉽지만, 텍스트를 직접 읽어야 하기 때문에 철학을 이미 조금 접해본 사람이어도 얻어가는 건 꽤 있음.
- 본인은 교양 철학개론이랑 철학과 전선 하나를 이미 수강했지만, 노베여도 비교적 충분히 편안하게 들을 수 있는 강의라고 느꼈음.

[시험/과제]
- 중간고사 대체과제는 (1) 텍스트 하나를 골라 읽고 요약 + 생각 쓰기 (2) 다른 사람의 과제에 논평 댓글 달기 였는데 자유도도 높고 어렵지 않은 과제라 오래 걸리지는 않았고, 재미있었음. 정말 자유롭게 쓸 수 있기 때문에 철학을 아예 처음 접해보는 사람도 편하게 할 수 있는 과제인듯! 같은 텍스트를 읽어도 정말 다른 생각을 할 수 있기 때문에 다른 분들의 글을 읽어보는 거도 흥미로웠음
- 기말고사는 비대면 오픈북이었고 110분 동안 서술형 문제 3개에 답하는 형식. 내용 요약정리 + 생각 쓰기라서 중간과제랑 비슷함. 어렵지는 않았지만 공부를 안 했다면 시간이 부족할 수 있는 시험이었음.

[성적]
- 기말고사 점수는 etl 성적부에 공개되었고, 중간과제 점수는 모름. 본인은 기말고사 104/105점 + 결석 1회(녹강 기한 놓쳐서ㅠ)로 A+ 받음. 기말고사는 시간 부족으로 답안 분량을 적게 쓴 마지막 문제에서 깎였는데 역시 시험시간 분배가 중요한듯!
- 사실 의외로 비중이 정말 큰 게 출석이라서, 비대면으로 진행된다면 녹강 기한  꼭꼭 미리 체크해두는 걸 추천!"
서양철학의 이해,현영종,18,Spring,5.0,"21년 겨울수강. 비대면 꿀 감사합니다ㅎㅎ
녹강 잘 속기해두고, 그거 바탕으로 과제든 시험이든 잘 하면 됩니다! 철학자의 주장+텍스트 잘 요약하고 + 자기가 느낀점, 자기생각 잘 펼치면 점수 잘 주시는 듯! 어려운 학자들뿐인데도 설명 잘해주시고(비유를 많이 드시는 게 특징인데 호불호갈릴수도 있을듯) 질의응답도 완전 친절하게 받아주심! A+ 감사합니다 교수님 (큰절)"
서양철학의 이해,현영종,18,Spring,4.0,"21년 겨울학기 수강
교수님이 보셨을 때 시간에 쫓겨 휘리릭 쓴 답안이 그래도 아주 쓰레기같지는 않았나봅니다,,,  왜 에이플"
서양철학의 이해,현영종,18,Spring,5.0,21년 여름학기 수강생입니다 말이 필요없음. 들으세요 내가 왜 A..? 강의력도 좋으시고 학점 진짜 뿌리십니다
서양철학의 이해,현영종,17,Spring,5.0,갓영종... 과제도 큰 레포트 하나정도 있고 수업 진행도 재미있고 여러모로 혜자입니다 ㅠㅠ 철학에 대해 얕고 넓게 알고 싶으시면 꼭 들으세요!
서양철학의 이해,현영종,18,Spring,5.0,ㅠㅠ 철학 교양은 현영종 교수님입니다 ㅠㅠ 수업도 재밌어서 집중해서 듣고 하루정도 정리한것 쭉 암기하면 성적 잘 받을 수 있어요!
서양철학의 이해,현영종,18,Spring,4.0,"교수님 진짜 좋으심. 과목 특성상 독특하거나 학생들의 주관적인 질문이 나올때가 많은데 하나하나 열심히 답해주시는것 같음. 조교분이 따로 배정되지 않았는데도 신청자에 한해서 과제레포트 상담을 다해주심.
철학과목에 관심이 있던 필자는 전공보다 열심히 듣고 시간을 많이 투자했는데, ㅂㅅ같이 과제 제출을 써놓고 두번이나 늦게해서 감점을 좀 당함... 그래도 교수님이 비율은 채워주시는듯. 드랍자가 많다는 것도 이득
이렇게 쓰고 보니 꿀강같은데 사실 그건아님. 다른 과목들에 공부할 내용이 좀 많고 관심이 없으면 듣기 힘들듯... 철학에 관심이 있고 서양철학 입문강의 생각한다면 추천!"
서양철학의 이해,현영종,17,Spring,5.0,"영종쌤 정말 엔젤이십니다. 질문도 꼼꼼히 받아 주시고요, 그리고 로드도 거의 없어요. 레포트도 적당히 써서 내면 점수 잘 주시는 것 같구요, 열심히만 하면 무조건 a대 나올 수 있습니다!"
서양철학의 이해,이남인,22,Fall,5.0,"철학에 대해 전반적으로 훑을 수 있는 좋은 수업.
교수님이 말을 다소 두서없이 하시는 것 같아 처음에는 조금 힘들었지만 수업의 전반적인 내용을 이해한다는 마음가짐으로 듣는다면 괜찮아요.
보고서가 좀 힘들긴 한데, 지엽적인 질문은 없고 자신이 이해해서 잘 풀어썼냐가 모든 평가에서 중요합니다.
보고서 중간 점수 받아서 망했다 싶었는데 에쁠 받았네요.

두 쪽짜리 보고서 10점 만점, 8쪽짜리 보고서 B+, 출석 만점, 시험은 최대한 아는 걸 빠짐없이 논리적으로 쓰려고 노력했습니다.

결론은 철학에 대해 잘 모른다! 하면 들어보시길 추천합니다. 얼추 교양이 생긴 기분이에요"
서양철학의 이해,이남인,22,Fall,5.0,"교수님께서 철학 권위자여서 그러신지 통찰력이 느껴졌습니다
과제는 총 10쪽 정도로 중간 과제 2시간, 기말 과제 4시간 정도 걸렸네요 텍스트를 읽어야 해서 일반적인 글쓰기보다 조금 더 걸렸습니다
시험은 수업 시간에 졸지 않고 잘 들으면 잘 쓸 수 있도록 쉽게 나왔습니다 시험 시작전에 주제를 쓰셔서 놀랐었네요ㅋㅋ
출결은 엄격하진 않습니다 저는 지각1회 결석3회 했는데 성적에는 큰 반영이 없던 것 같습니다
성적은 과제 둘 다 만점, a+입니다"
서양철학의 이해,이남인,22,Fall,5.0,"수업: 교수님 말씀이 나긋하셔서 좀 졸립긴 하지만 저는 의외로 집중하다 보면 시간이 꽤 빨리 지나갔던 것 같습니다. 강의 내용은 굉장히 알차고 서양철학에 대한 전반적인 지식 쌓기에 매우 좋습니다.

과제: 이번 학기에는 2~3p짜리 짧은 과제랑 8p짜리 보고서가 있었는데 짧은 과제는 적당히 요약 후 의견만 쓰면 되므로 뷰담감이 적습니다. 그러나 보고서는 좀 빡세고 채점도 제법 깐깐하게 이루어져서 신경을 쓰는 편이 좋습니다. 글을 잘 쓸 필요는 없지만 대학와서 글쓰기를 안 해본 분들은 조금 더 경험을 쌓고 오는 것도 추천합니다.

시험: 기말 한 방으로 4개 주제 중에 3개를 골라 시간 내에 분량제한 없이 쓰는 형식으로 완전한 논술형입니다. 시험 대비는, 수업을 잘 듣고 교재나 프린트에 필기 조금 해두면서 시험 기간에 큰 주제별로 한 번씩 정리해두면 충분합니다. 세세한 것까지 다 쓰면 물론 좋겠지만 그럴 필요는 낮고 핵심적인 내용을 논리적으로 쓰면 좋은 점수를 주시는 것 같습니다. 물론 너무 짧세 쓰면 중요한 무언가를 빼고 안 쓴 것이므로 시험 전에 한 번 써보는 연습은 분명 도움될 것입니다.

교수님이 학생들에게 굉장히 친절하시고 인생에 관한 조언도 많이 해주시려고 합니다. 학점도 잘 주신 것 같지만 이번에 드랍자가 별로 없어서 기대 이하의 성적 받으신 분들도 있으니 이 점도 참고하시기 바랍니다."
서양철학의 이해,이남인,22,Fall,5.0,"재수강으로 들은 강의인데 A0 받아갑니다 ..🤍
솔직히 교수님 강의력이 좋은 편은 아니세요
근데 집중해서 듣다 보면 얻어 갈 게 많은 수업입니다!
중간고사 없고 기말고사 한 방인데, 솔직히 평소에 수업만 잘 듣고 이해만 다 되어 있으면 공부 별로 안 해도 돼요 4시간...? 도 안 보고 시험본 것 같아요 근데 보고서가 좀 빡셉니당ㅠ"
서양철학의 이해,이남인,22,Fall,5.0,"식곤증이 몰려와 꾸벅꾸벅 존 순간이 꽤 많았지만… 강의를 들을 때마다 교수님의 해석과 인사이트에 감탄하며 들었습니다. 출석도 다 채우고 과제 시험 모두 열심히 수행했기에 학점을 어느정도 기대하기는 했으나, 에제 이상이면 만족이다 싶었는데 에쁠이라니! 교수님 정말 감사합니다. 철학에 관심있는 학생이라면 적극 추천합니다. 한 학기 동안 배워가는 것도 많았고, 즐겁게 학습할 수 있었습니다."
서양철학의 이해,이남인,22,Fall,1.0,"학점 그렇게 후하시지는 않은 것 같습니다.
하라는 것 다 하고, 출석 꼬박꼬박하고 시험공부도 했는데 C+주셨네요.
뭐 다른 분들이 더 성실하셨다면 상평 상 어쩔 수 없는 점수니 받아들여야지만서도, 꿀강인지는 잘 모르겠습니다.

보강에 굉장히 열정 넘치셔서 12월 21일까지 강의하십니다.
보고서 2펀 써야했고, 5장~8장으로 분량도 꽤 됩니다.

강의에 성실히 참여하시고 공부 열심히 하시는 것만으로 좋은 학점이 보장되는 강의는 아닙니다.
하지만 교수님이 철학계 권위자이신 만큼 강의수강에 의의는 충분히 있을 듯 하나, 강의력이 좋으시냐면 사실 그건 아닙니다."
서양철학의 이해,이남인,22,Fall,5.0,교수님 정말 좋으신 분이시고 얻어가는 게 정말 ~~ 많은 철학 수업입니다. 그리고 교수님이 철학에 대한 열정이 많으시고 학생들의 의견을 묻고 같이 이야기하는 것을 좋아하십니다. 보고서 8장과 2장 정도의 과제가 있지만 기말 한방의 시험이고 무엇보다 학점 레전드입니다……… 중간 과제 중간 점수였는데 에쁠 나왔네요 허허 모두들 들으셨으면 좋겠습니다!!!! 한 학기가 끝나니 철학에 촉촉히 스며든 저를 발견할 수 있었습니다 ㅎㅎ
서양철학의 이해,이남인,18,Fall,5.0,"아주 오래전에 수강했지만(!) 더 많은 새내기들이 이 강의에 관심을 가지기 바라며 써보는 강의평!

새내기 때 이 강의를 수강하고 B가 가득한 내 성적표에 한 줄기 빛과 같은 A+를 주신 빛남인 교수님! 그야말로 선의 이데아!

철학의 ㅊ도 모르지만 서양철학에 관심있고, 철학원전도 가볍게 읽어보고 싶은 새내기들에게 이 수업을 강추함! (솔직히 서양철학 베이스가 있으면 이 강의가 쉬울 수 있음...쌩노베 대상이라)

말그대로 철학의 ㅊ도 모른채 이 강의를 수강했는데 정말 많은 것을 얻고 갔다! 사실 수강신청 할 때는 몰랐는데 나중에 검색해보니까 이남인 교수님은 현상학의 세계적인 권위자셨음...ㄷㄷ 이런 분에게 철학을 배웠다니 영광입니다...

수업은 철학이란 무엇인가부터 시작해서 다양한 학문분야의 철학을 배우고 플라톤 이전의 고대희랍철학부터 포스트모더니즘까지 서양철학의 방대한 역사를 훑어보는 방식으로 전개됨. 그중에서도 플라톤, 아리스토텔레스, 중세철학, 데카르트, 칸트 철학까지는 중요하게 다루고 다른 철학가들과 철학사조들은 훑고 지나가는 느낌이지만 서양철학이 고대부터 현대까지 어떻게 전개됐는지 중요한 흐름을 다룰 수 있어서 좋았다! 

대면시절에는 교수님이 강의안을 프린트해서 나눠주면서 수업을 하셨고 강의안에 손필기하면 충분함!(속기 칠 필요 없음!) 시험은 중간, 기말 둘 다 큰 주제를 3개 내주시고 그 중에 두개를 논술하라... 아는거 다 쓰는 느낌..?이었는데 난 적당히 썼음... 중세의 보편논쟁 실재론vs유명론, 근대의 합리론vs경험론 이런식이었는데 밑에 강의평 보니까 비대면 시절에는 더 자세하게 출제하셨다네요... 근데 다시 대면하면 굵직굵직하게 내실듯? 솔직히 하루 전날부터 공부해도 됨ㅋㅋㅋ

노교수님이시고 요즘 젊은 강사님들처럼 피피티를 따로 안쓰셔서 모든 게 잘 정리된 피피티 강의에 익숙한 새내기들은 처음 듣다보면 적응 안될 수도 있는데 절대 드랍하지 말고! 유심히 듣다보면 교수님의 엄청난 혜안과 철학적 내공을 느낄 수 있다...! 이런게 바로 대학 강의이구나를 느끼게 해준 수업!

철학을 정말 1도 모르는 상태에서 수강해서 수업 끝나고 개인적으로 질문하러 많이 갔는데 내 바보같은 질문도 정말 친절하게 잘 받아주신다...! 질문이 길어지다보니 교수님이 커피도 사주심 헝헝 사랑해요 ㅠㅠ

과제는 중간보고서 5p, 기말보고서 10p가 있었는데 수업내용정리+자기생각 적는거라서 크게 부담되지는 않았음..! 중간은 쫌 열심히 썼고 기말은 귀찮아서 대충 분량만 채워서 냈는데도 학점을 잘주셨다... 이남인 그는 신인가...!"
서양철학의 이해,이남인,21,Spring,5.0,"[서양철학의 이해/ 이남인/ 교양/ 4점]
모 학우에 의하면, 이 수업은 정말로 연로하신 할아버지가 장잣불 앞에서 흔들 의자 타면서 손자/손녀에게 철학이란 이러한 것이다라고 이야기하는 느낌의 강의.
교수님 굉장히 목소리만으로도 고령이신게 느껴집니다. (우리 할아버지 같아요) 
그래서 답답할 수도 있고, 철학이다보니 졸리기도 하는데, 듣다보면 또 나름의 혜안.. 그의 엄청난 지적 후광을 느낄 수 있습니다. 
철학이 무엇인지에서부터 고대 철학에서 현대 철학까지 철학에서의 중요한 영역들을 역사적 흐름으로 쭉 공부합니다. 엄청 deep하게 하시진 않아서 따라갈만 했어요. 다만 어려운 부분들은 진짜 여러번 되감아서 들은 것 같아요. (이건 걍 제가 빡대가리일수도)
원문 읽는 것도 쉽지 않고 (교재는 정말 hell..진짜 다 원문이에요...설명도 없음 ㅜㅜ) 수업 내용도 어떤 것은 정말 어렵지만, 철학이 뭔지 대충은 감을 잡고 가는 수업입니다. + 내가 철학이랑 잘 맞는지도.. (저는 완전 대박 엄청나게 안 맞더라고요 ㅎ)
가장 좋은 것은 중간/기말 문제를 3개를 주시면 2개 골라서 서술하는건데 그게 그냥 수업에서 배운 내용 속기만 잘하면 쉽게 풀 수 있는 유형이고 (예를들어, 플라톤의 이데아에 대한 비유 중 동굴의 비유를 서술하라) 보고서는 조금 점수가 짰지만 (이건 조교에 따라 케바케) 결국 총합 학점은 굉장히 잘 나와서, 잘 공부하다 갑니다!
시험 공부 진짜 전날 강의 몰아서 다 듣고 보기도 했습니다...

요약: 재미는 케바케 + 철학에 대한 갈피는 잡는다 + 학점 잘 주심"
서양철학의 이해,이남인,21,Spring,5.0,"철학이랑은 담 쌓고 지내서 걱정했는데, 교수님이 요점을 잘 짚어주셔서 편했어요. 깊이가 어느 정도 있긴 하지만 그래도 수업 ppt만 잘 읽고 수업 내용 조금만 들어도 이해 가능합니다! 시험은 세 문제 주시고 그 중 두 문제 논술형으로 40줄 이내 작성하기로 나오는데, 주제들이 지엽적이진 않아서 충분히 쓸 수 있어요"
서양철학의 이해,이남인,20,Spring,5.0,"아래 강평에 있는 '과제 겁나 늦게 냈는데 에제 받은 공대 친구'입니다...
비대면 수업이라 PPT 수업자료로 진행하신 녹강을 듣는 식으로 수업이 진행되었습니다. 교수님 강의력이 좋지는 않았습니다. 비대면이라 전달이 더욱 안됐을 수도 있을 것 같다는 생각이 드네요. 내용은 그렇게까지 어려운 내용을 다루지는 않습니다. 말 그대로 서양 철학의 간략한 흐름을 이해시켜주는 정도로, 주로 근대 이전까지의 철학을 위주로 수업이 진행됩니다. 첫 두 주동안에는 수리철학, 경제철학 등과 같은 다양한 학문분야와 철학에 대해 다룹니다.
과제는 4차례 보고서(각 2페이지)와 1차례 기말보고서(5-6페이지)로 이루어져 있습니다. 보고서에 대한 점수는 웬만하면 90/100점 이상으로 주시는 듯합니다. 기말보고서는 기말고사 끝난 다음에 제출하는 것인데, 양이 조금 부담스럽긴 하지만 수업 내용을 잘 요약해서 적어내면 됩니다. 기말고사는 비대면 오픈북으로 진행되었습니다. 공지된 6문제 중 5문제를 풀어서 1시간 15분 안에 etl에 제출하는 방식이었습니다. 대면강의일 때의 시험은 오픈북이 아니어서 굵직굵직한 것만 물어봤다고 하는데, 시험이 오픈북이어서 그런지 조금 자잘한 것을 물어보는 경향이 있었습니다. 그래도 수업 잘 듣고 필기만 잘 해두었다면 무난하게 답할 수 있는 난이도였습니다.
비대면 강의로 인해서 학생들의 수업참여도가 떨어졌는지, 강의를 제때 수강하지 않았어도 지연수강도 출석의 60%를 인정해주고, 지연보고서 제출도 받았습니다. 어떻게든 학점을 잘 주려고 노력하시는 것 같았습니다. 지연수강도 몇 번 하고, 보고서도 한 번 늦었고, 보고서와 기말고사를 그렇게 잘 보지 못하였음에도 불구하고 A0를 받았습니다. 코로나로 인한 절평버프일 수도 있겠지만 수업 잘 듣고 시키는 것만 제때제때 잘 하면 좋은 학점을 받아가실 수 있지 않을까 싶습니다."
서양철학의 이해,이남인,20,Fall,5.0,"He is the legend.
딱히 체계적이지 않다고 느껴질 수 있지만 귀기울여보면 교수님의 철학관이 담겨있습니다
과제도 난해하게 느껴지지만 쓰고 나면 감회가 새로울 거에요
열심히만 한다면 학점은 그대의 것일 겁니다
교수님 감사합니다"
서양철학의 이해,이남인,20,Fall,5.0,"어려운 텍스트의 원전을 토대로 진행하는 강의인데다가 녹강이 대부분이라 수업을 따라가는 게 쉽진 않았습니다. 공부에 필요한 ppt 나 자료도 따로 없고, 사실 교수님께서 전달력이 엄청 좋으신 것도 아니라고 봅니다. 그치만 철학 개론 수업으로 아주 좋은 수업인 건 확실합니다. 교수님께서 서양 철학사 흐름을 핵심 위주로 차근차근 설명해주시고, 그 내용만으로도 교양 수준에서 꽤 깊이 있는 이해가 가능하다고 생각합니다. 저는 개인적으로 얻어가는 것들과 생각할 거리들이 많아 흥미로운 수업이었습니다. 
과제는 플라톤, 데카르트 관련 2장짜리 에세이와 합리론과 경험론 관련 5-6페이지 기말 보고서였습니다. 기말고사 따로 있고요. 조교님께서 과제글 읽어보시고 피드백 달아주시는 것도 좋았습니다. 그렇게 부담 되는 양은 아니었습니다. 저는 개인적으로 기말 보고서 내용이 주제랑 많이 벗어나 점수가 평균보다 심각하게 낮았는데, 그럼에도 불구하고 감사하게도 에이쁠 주셨습니다."
서양철학의 이해,이남인,20,Fall,5.0,정말 철학에 대해 아무것도 몰랐었는데 이 수업을 통해서 철학에 대한 기초적인 교양을 쌓을 수 있었습니다! 이번 학기는 녹강 + 간간히 실강으로 이루어졌고 과제나 영상이나 부담되는 양은 아니었습니다. 수업이 막 엄청 흥미롭다거나 교수님 강의력이 뛰어나다거나 하는건 아니지만 그래도 철학 입문용으로는 아주 좋을 것 같습니다. 보고서 2장짜리 두번 + 기말보고서 5-6장짜리가 과제로 나왔고 기말은 오픈북으로 진행되었습니다. 보고서 그냥 평균만큼 쓰고 기말은 성적을 알려주시지 않아서 잘 모르겠지만 학점은 에이쁠 받았습니다.
서양철학의 이해,이남인,20,Fall,5.0,성적 너무 막 뿌리는거 맞음.  교수님 감사합니다!!!!!
서양철학의 이해,이남인,20,Spring,1.0,성적 너무 뿌리는 거 아님? 교수님이 반성 좀 해보셔야 할듯
서양철학의 이해,이남인,20,Spring,5.0,희대의 쁠몰.. 그치만 강의력은 그냥 그렇습니다. 학생들 편의를 많이 봐주시는 교수님이신 것 같아요.
서양철학의 이해,이남인,20,Spring,1.0,중간 없고 기말 서술형 시험 봤는데 지협적인 문제가 정말 많았음. 강의력도 그닥 좋은 편이 아닌듯 강의평 보고 들은 수업인데 초반부터 너무 지루하고 집중하기 힘들었음 피피티를 따로 올려주시지 않아서 강의 듣기도 더 힘들었음
서양철학의 이해,이남인,20,Spring,5.0,"공대 친구랑 겹강했는데 과제 겁나 늦게낸 친구도 에제받음
성적 맛집 빨리 오세요. 먹여드리니까 입만 벌리면 됩니다

속기할 필요도 없이
조금씩만 필기하면서 수업만 들으면 시험 당일에 필기 한 번 읽고 시험봐도 에쁠입니다"
서양철학의 이해,이남인,20,Spring,1.0,우선 교수님이 너무 좋으셨어요 과제는 보고서 총 4번 제출하는거라 조금 부담은 있었는데 그냥 수업 내용이랑 책 내용 잘 요약하면 좋은 점수 주십니다 시험은 코로나시국이라 기말 한 번 봤는데 6문제 중에 5문제 골라서 답 작성하는 문제였어요! 작년 기출문제와는 다르게 문제 난이도가 꽤 높아진 것 같았지만 그래도 필기해놓은대로 썼더니 무난하게 에이쁠 받은 것 같네요
서양철학의 이해,이남인,20,Spring,5.0,"교수님 너무 좋으셨고 과제 점수도 후하고 성적도 잘나왔어요
그리고 강의 듣다보면 교수님의 깊이가 느껴져서 매 수업마다 깨닫는게 있는 수업이었던 것 같네요!"
서양철학의 이해,이남인,20,Spring,5.0,"이남인 교수님 친절하시지만, 과제가 너무 많았고, 수업하실  때 그닥 와닿은 강의력은 아니라고  생각합니다. 다루는 것은 무난했지만 초반의 플라톤이랑 아리스토텔레스 때문에 근현대 철학에 대해서 잘 듣지 못해 아쉬움이 많이 남는 수업입니다."
서양철학의 이해,이남인,20,Spring,4.0,"초반에 희랍철학 들을 때 굉장히 힘들어서 자드할 뻔했지만
과제 4개 부담없이 적당히 해서 내고
가말고사도 복습 안하고 오픈북으로 순간에 최선을 다했기 때문에
에제 받았지만 무척 만족합니다. 
교수님이 훌륭하신 분인 것 같고 초반에 너무 함빼서 듣지 않아도 될 것 같네요"
서양철학의 이해,이남인,20,Spring,5.0,"비대면 녹강 ----- 교수님이 따로 피피티를 안올려주셔서 캡쳐뜨고 그 위에 교수님 말씀 필기, 속기는 안함
중간대체 과제 -- 2-3쪽 짜리 보고서 (플라톤 아리스토 데카르트 칸트) 서양철학의 이해 책 원전 텍스트 읽고 요약정리& 자기생각 쓰기 --- 저는 하나만 99 맞고 나머지 100 (원래 잘 주시는듯해요)
기말 (비대면 오픈북) -- 원래 경향은 되게 중요한 문제만 논술형으로 내신다고 아는데 비대면 녹강이라 그런지 굉장히 지엽적으로 나옴 (속기하는 게 좋을듯 ㅠ ㅠ) 저는 이틀 딱 잡고 공부했어요
기말 보고서 -- 합리론과 경험론 5-6페이지로 기억해요 ,, 기말 끝나고 쓰는 거라 심리적으로 너무 힘들었지만 그래도 이틀만 잡으면 금방 씁니다 

= 에이쁠 ,,, 그저 빛 남인 ,,, 학점 느님입니다 ,,,,,,,,

강의력이 그렇게 좋은 편이 아니지만 교수님 성품이 너무 좋다는 게 느껴지고 그래도 전반적인 철학사를 다뤄주셔서 좋았어요! (근데 너무 깊은 내용은 기대하지마세요! 초반 플라톤 아리스토텔레스 고전철학만 깊고 오래 다루시는 듯) 과제도 이틀전에만 준비하면 후딱 끝낼만한 분량이고 점수도 잘 주셔서 그렇게 부담은 없는듯 ^,,,,^ 다만 초반에 조오오오금 지루할 수 있고 , 무슨 말을 하는지 못 알아들을때가 가끔 있어서 저는 큐엔에이를 활용했어요 ㅎㅎ.. 암튼 추천추천"
서양철학의 이해,이남인,20,Spring,5.0,"비대면 강의 - 녹화 강의 올려주심
과제 - 수시 과제로 두쪽짜리 레포트 4번 씀 —> 중간고사 대체로 보임
기말 레포트 5~6쪽짜리 하나 더 있음 ( 기말고사 끝나고 )
시험 - 비대면이라 그런지 기출보다 디테일하게 나옴 더 지엽적으로 변하고 수업 시간에 말씀하신 게 나옴 
새내기고 시험공부 한 이틀? 하루에 네시간 정도? 하고 에이쁠 맞음"
서양철학의 이해,이남인,20,Spring,5.0,"말그대로 철학 입문용으로 적당한 난이도와 적당한 로드입니다! 교수님 직접 못뵈어서 너무 아쉽지만 수업만 들어도 되게 따뜻하신 분 같았어요ㅠㅠ 학점도 잘 주시고, 철학에 대해 아무것도 몰라도 충분히 수업 열심히 들으면 내용 이해나 시험에 있어서 어려움 없을겁니다!"
서양철학의 이해,이남인,20,Spring,5.0,수업 들으면서 철학 상식이 쌓이는 기분!! 수업을 통해 얻어가는 내용이 많아서 정말 좋았어요 초반에 조금 어렵고 지루한 부분도 있었지만 교수님께서 자세하게 풀어서 이해하기 쉽게 설명 잘 해주십니다 학점도 잘 주십니다ㅜㅜ  학기 특성상 비대면으로 진행됐던 점이 너무 아쉽습니다 꼭 실제로 뵙고싶어요 다들 철학 입문 수업 고민말고 서철이 ~!!~!
서양철학의 이해,이남인,19,Fall,5.0,진짜 최고의 수업입니다. 철학에 대해 아무것도 모르는 상태로 수업 들었는데 에이쁠 받았어요.  수업은 조금 지루한 감이 있지만 수업만 열심히 듣고 시험 일주일 공부하면 에이쁠 받을 수 있어요!! 저는 교수님이 나눠주신 프린트물에다가 필기했는데 필기한 내용 시험 기간에 정리해서 외워서 했더니 쉽게 시험 봤어요. 기말 보고서가 8페이지여서 조금 힘들지만 하루 빡세게 하면 쓸 수 있습니다. 진짜 추천합니다
서양철학의 이해,이남인,19,Fall,5.0,교수님 사랑합니다. 모두 이남인 교수님의 서철이를 들으십시오.. 수업도 재밌고 교수님도 귀여우신데 시험도 굵직하게 나와서 진짜 철학수업같은 느낌임. 완벽한 삼위일체입니다 서철이 들으실거면 이남인 교수님 추천. 교수님 강의력도 나쁘지 않습니다.
서양철학의 이해,이남인,19,Fall,5.0,"서양 철학 입문 수업으로는 가장 적합한 것 같습니다. 강의력이 탁월하시진 않으나 요점은 분명히 전달해주시고, 이해하기도 쉽게 설명해주십니다. 로드도 그렇게 빡세지 않은 것 같고요. 시험은 굉장히 브로드하고 굵직한 것들 위주로 나옵니다. 대충 나올 것 같다 싶은 주제들이 나올거에요. 결론은 철학 입문 수업으로는 매우 추천하는 강의입니다."
서양철학의 이해,이남인,20,Spring,4.0,"교수님이 정말 좋으십니다. 세계적으로도 저명한 분이세요.
로드는 이번학기에 8p 보고서였는데 한번이긴하지만 기말기간과 겹쳐서 정말정말 힘들긴합니다.
대신 시험문제는 전혀 지엽적이지 않고 어렵지 않아서 수업만 열심히 들으셨다면 이틀컷 정말 가능한과목이에요.
강의력도 꽤 좋으시구요. (대신 내용의 깊이가 상당해서 쉽지는않습니다) 학점은 a0받아서 살짝아쉽긴하지만 열심히 하면 기본이상점수는 주시는것같아요"
서양철학의 이해,이남인,19,Fall,5.0,초반에 플라톤 아리스토텔레스 등 고전철학에 시간을 많이 할애하시는데 여기가 지루해서 좀 힘들수도 있어요. 갠적으로 수업 들으면서 잘 이해가 안된 부분도 있었는데 교수님 스타일을 알고 나니까 적응할 수 있었어요. 8쪽짜리 에세이를 쓰는 과제가 힘들긴 했지만... 학점 최대한 잘주시는것 같습니다.
서양철학의 이해,이남인,19,Fall,5.0,수업 진짜 거의 안 듣고 일주일 전에 공부해서 에쁠 받았어요..
서양철학의 이해,이남인,19,Fall,5.0,수업 거의 안듣고 교양 때우기로 다녔지만 (당연히 성적 안좋음ㅋㅋ) 그치만 선생님 훌륭하신건 알겠다..! 초반부터 플라톤이 재미없었을뿐..
서양철학의 이해,이남인,19,Fall,5.0,수업만 들었으면 중간 기말 다 전날 공부해서 a+ 받을 수 있음
서양철학의 이해,강진호,19,Fall,4.0,"시험 공부는 미리 문제를 알려주셔서 잘 대비할 수 있었는데, 소논문 2회 쓰기 과제는 아무래도 창의성을 다소 요하다 보니 형편없는 성적을 받았네요ㅠㅠㅠ 제가 생각해도 수업을 열심히 듣지는 않아서 할 말은 없습니다.. 교수님은 정말 재밌으시고 좋은 거 같아요.. 성적은 드랍자가 많아서 내심 기대했는데, 기대한만큼은 아니었지만 그래도 납득할 만한 학점이었습니다"
서양철학의 이해,강진호,19,Fall,5.0,"갓진호 교수님입니다. 대중적으로 알려진 철학이 아니라, 실제로 철학자들이 무슨 일을 하는지 알고 싶으시다면 아주 추천드리는 강의입니다. 철학이 논리학을 기반으로 근본적이고 보편적인 문제에 대해서 얼마나 섬세한 논의를 하고 있는지 알 수 있습니다. 교수님 강의력도 좋으시고, 재미도 있습니다. 다만 철학에 관심이 없거나, 실존적인 이유로 이 강의를 수강하시는 분들에게는 안 맞을 수 있습니다."
서양철학의 이해,강진호,19,Fall,4.0,"철학과에서 유명하신 강진호 교수님의 교양과목입니다. 자세한 건 아래에 적어두었습니다.
강의: 우선 역시 소문대로 강의력이 상당히 좋으십니다. 목소리도 깔끔하시고 마이크를 사용 안하시는 편인데 뒤에서 들어도 상당히 잘 들립니다. 또한, 주제 자체가 상당히 어렵고 까다로운 편이라 학생들이 피로할 만한데 나름의 유머를 통해서 긴장을 풀어주시기도 하는 것 같슴니다. 수업 시간에는 교수님과 학생들 간의 열띤 토론 및 질의응답이 이루어지는데 이것도 나름 볼 만합니다. 물론 모든 질문이 탁월한 것은 아니고 또 질문자의 의도를 가끔씩 교수님이 진지하게 보시거나  확대해석하여 의미 있는 질문으로 받아들이시는 경우가 있긴 합니다. 그럼에도 불구하고 다른 학생들의 질문을 통해서 여러 생각들을 전개해볼 수 있으며 이번 수업에서는 1명 정도가 아주 유의미한 통찰 거리를 제공해주곤 하는 것 같았습니다.
교재: 별도의 교재는 없었습니다. 교수님이 자료를 이티엘이 아닌 당신께서 개설하신 카페에 올려주십니다. 핸드아웃과 강독자료가 주인데 분량이 상당합니다. 우선, 핸드아웃의 경우 수업에서의 내용을 다루기에 핵심적이기에 필요하지만 주변 학우들을 보면 강독자료는 그리 많이 보지는 않는 것 같습니다. 그러나, 강독자료는 읽는 것을 추천드립니다. 강독자료를 읽으면서 정말 사상가들이 어떻게 생각했는가를 뿌리깊게 탐구할 수 있고 핸드아웃도 좋지만은 철학 강좌의 묘미는 아무래도 강독자료인 만큼 양이 많아도 읽을 만한 충분한 가치가 있다는 생각입니다.(또 다른 이유가 있는데 그것은 과제와 중간 기말에 대해 이야기할 때 상술하겠습니다.)
내용: 철학사적 학습 방법이 아닌 형이상학, 인식론, 윤리학(특히 메타윤리)에 대해 다룹니다. 아무래도 분석철학 계통의 학자이시다 보니 분석철학적 내용을 주로 다루시는 편이고 엄밀한 논증을 통해 철학적 견해들을 분석 및 설명해주십니다. 더불어, 콰인과 크립키를 배우는데(개인적으로 콰인과 크립키를 배웠다는 사실만으로, 다는 아니였지만, 충분히 의미있었습니다.) 이 부분은 일반인으로서 평소에 상당히 어렵고 내용 자체도 심오합니다. 그만큼 스키마를 갖고 있으신 분들이 없을테고 따라서 상당히 어려울 것이라는 이야기죠. 그러나, 강의를 들으시고 복습 철저히 하시면서 riss나 도서관에서 관련 논문 및 책 좀 살펴보신다면 충분히 따라가실 수 있을 겁니다.
과제 및 시험: 소논문 2번, 중간, 기말이 있습니다. 중간, 기말은 미리 10문제를 나눠주시고 그 중에서 4문제를 출제하십니다. 문제는 쉽지 않습니다. 그러나 그만큼 여유기간을 주시기에 준비만 한다면 큰 어려움은 없는 듯합니다. 그리고 소논문은 미리 공지를 해주시고 이것을 2주 가량 준비해서 제출하는 형식입니다(사실 과제죠.) 그런데 과제를 하기 위해서는 철학적 논의를 자세히 알아야 하고 그의 표본은 수업부분에 해당하는 강독자료일 수 밖에 없기에  어찌되었든 핸드아웃뿐만 아니라 강독자료를 보시긴 보셔야 할 겁니다.
총평: 상당히 유익한 수업입니다. 사실 이 수업때문에 이번 학기가 상당히 수고스럽긴 했고, 이래저래 스트레스 받았던 건 사실입니다. 그러나 끝나고 보니 분석철학에 대해서 조금이나마 알 수 있었고 학점도 예상한 것보다는 꽤 잘 나온 듯 합니다. 다만, 분석철학쪽이 아닌 현상학을 좋아하시거나 분석철학의 문제의식에 그리 동의하시지 못하신다면 수강을 재고하시기 바랍니다.(제가 그랬어요...)"
서양철학의 이해,강진호,19,Fall,5.0,학점은 조졌습니다...하지만 교수님이 정말 여러모로 완벽하셔서 많은 것을 얻어갈 수 있는 수업이었습니다. 인생강의가 될 것 같네요.
서양철학의 이해,한성일,23,Spring,5.0,"일단 저는 최종학점 에마로 그다지 좋은 성적을 받진 못한 학생입니다..! 다만 철학적 사고를 해 볼 수 있어 만족스러운 수업이었고, 교수님이 정말 좋으십니다.. 학생들 입장에서 생각해 주시는 게 느껴지세요. 과제나 출석 인정 관련해서도 사정 문의드리면 웬만하면 배려해 주십니다. 핸드아웃 한 장으로 3시간 통강 듣는 게 조금 어렵긴 했지만 반복해서 설명해 주셔서 알아듣기는 어렵지 않은 편이에요. 다만 시험 공부하려면 3시간 내내 속기 쳐야 합니다 이게 조금 힘들어요ㅠㅠ 제가 들은 교양 중에서 유일하게 배워가는 게 있다는 생각이 든 강의였고 이게 진짜 대학교 강의지!라는 생각이 들었어요. 퀴즈 3번 + 중간 과제 + 기말 과제 + 기말시험으로 로드는 매우 많은 편이라 꿀강 찾으시는 분들한테는 비추입니다.. 성적도 10퍼씩 끊어서 주시는 것 같아요. 수강생 60명이었던 수업이 마지막엔 36명이 됐지만 드포여서 C는 없다는 게 장점이라면 장점인.. 버티기만 하시면 B0 이상은 무조건 받으실 수 있을 것 같아요. 철학에 관심 있으시고 명강 찾으시는 분, 논증과 토론에 관심 있으신 분들에게 추천합니다!"
서양철학의 이해,한성일,23,Spring,5.0,"이번 학기 최고의 강의였습니다.

 고등학교 때의 윤리와 사상과는 느낌이 많이 다릅니다. 철학 전체를 쭉 훑고 상식을 쌓는다는 느낌보다는 직접 철학을 해보며 논리력과 사고력을 쌓기에 적합한 강의입니다. 추상적인 주제에 대해 스스로 생각해보는 것을 싫어하시는 분이라면 수강하지 않으시는 게 좋을 것 같습니다. 

 강의에서는 신존재, 외적 세계의 실재성, 자유의지 등 크게 12가지의 주제를 매주 하나씩 다룹니다. 간단한 프린트를 바탕으로 교수님의 질문과 토론 진행을 따라 스스로 생각해보고 자유롭게 발표하는 방식으로 수업이 이루어집니다. 수업의 마지막 30분은 교수님이 정해주신 조에서 토론하는 시간으로 주어집니다. 수업 전에 각 주제별로 읽어야 할 리딩 자료가 있는데, 읽고 가지 않아도 수업을 듣는 데 큰 무리는 없지만 읽으면 제대로 이해하는 데 도움이 됩니다. 그리고 기말 시험을 보기 위해서는 리딩 자료를 한 번은 훑고 가는 게 큰 도움이 되므로 미리미리 읽어두시는 걸 추천드립니다. 

 평가는 출석과 퀴즈 3번, 중간에세이, 기말에세이, 기말고사로 이루어졌는데, 절대 만만한 편은 아니지만, 퀴즈 3번의 범위를 합한 것이 기말고사 범위이기에 기말 공부를 미리 나눠서 하는 효과가 있어서 저는 오히려 편했습니다. 퀴즈와 기말고사는 수업을 들으면서 내용을 잘 정리하고, 프린트에 있는 토론거리나 수업 중 교수님께서 던지시는 질문에 스스로 답을 해보는 연습을 하면 좋은 점수 받으실 수 있을 것 같습니다. 

 매 수업마다 교수님의 질문과 토론 진행을 따라가며 사고를 확장해 나가고, 미숙하게나마 직접 철학을 해 보는 경험을 하면서 이런 게 정말 대학 수업 아닐까 하는 생각을 했습니다. 무엇보다도 교수님의 강의력과 인품이 정말 훌륭하십니다. 매 수업마다 학생들의 의견 하나하나를 존중하고 경청해주시면서 토론을 진행해 나가는 능력이 정말 대단하십니다. 또, 항상 학생들에게 존댓말을 사용하시면서 젠틀하게 대해주시고 학생들의 이름을 대부분 기억하시는 것을 보고 정말 감동받았습니다. 

 물론 절대 만만한 강의는 아니지만, 노력한다면 꽤 좋은 성적을 받을 수 있는 것 같습니다. 성적을 잘라서 주신다는 평을 보고 걱정했는데, 첫번째 퀴즈 점수는 평균이었는데도 나머지 퀴즈와 기말고사를 열심히 공부해서 최고점 언저리를 받았더니 A+을 주셨습니다. 그런데 만약 낮은 성적을 받았다 하더라도 저는 5점 강의평을 작성했을 것이고, 수강신청 때로 돌아가도 다시 수강할 것 같습니다. 그만큼 얻어간 게 정말 많고 좋았던 수업이었습니다. 대학에서 정말 의미 있는 강의를 들어보고 싶으신 분이라면 수강 적극적으로 추천해드립니다."
서양철학의 이해,한성일,23,Spring,5.0,"철학에 대해서 많이 배우기보다는 논리, 사고력을 극대화하는 강의입니다. 처음 강의를 들었을 때는 머리가 터질 것 같았지만 이후로 조금 주차별로 연결되는 느낌도 들고 조금씩은 내용을 이해하며 사고하게 되는 게 확실히 느껴졌습니다. 
 기말고사가 논술형으로 40%, 중간/기말 시즌에 있는 작문 과제와 3번의 퀴즈, 출석이 각 10%로 평가되었습니다. 과제(로드)나 수업 자체의 난이도가 상당히 높은 수준의 강의입니다. 그렇지만 이를 감안하고도 들을 가치가 있는 수업이라고 생각하며 수강신청 때로 다시 돌아가도 수업을 신청할 것 같습니다. 하면서는 정말 고생하고 힘들었지만 남는 게 많은 강의입니다. 명강러들한테 강력히 추천드립니다."
서양철학의 이해,한성일,23,Spring,5.0,"명강입니다. 교수님이 너무 좋으십니다. 강의력은 말할 필요도 없고 수업 구성부터 반례까지 완벽해서 논리력을 기를 수 있는 수업입니다.
중간고사가 퀴즈 3번으로 나뉘고, 중간 과제, 기말 고사, 기말 과제가 다 있어서 로드는 빡센 편입니다.
그럼에도 수업 내용이 매우 흥미롭고 수업만 잘 들어서 논리과정의 흐름만 익히고 있어도 퀴즈나 기말고사는 외울게 많지 않습니다.
과제는 두번 모두 레포트인데 논점을 어떻게 정리할지 글 전반에 대한 아이디어를 내는데 시간을 많이 투자하시는 걸 추천합니다. 글의 구성하는 아이디어에 신경을 많이 썼는데 둘 다 만점받았습니다.
시험 좀 망쳐도 과제로 회생할 수 있으니 빨리 포기 안하시면 생각보다 좋은 결과 나올 것 같습니다. (본인 중간 퀴즈 평균 언저리인데도 A+받음)"
서양철학의 이해,한성일,23,Spring,5.0,"강평에 앞서, 전 성적이 잘 나온 케이스라는 점을 감안하고 읽어주시면 좋을 것 같습니다. 정확히는 퀴즈 3회/기말과제/기말고사 모두 q4 받았고 최종학점은 A+ 나왔습니다. 어떤 분들에게는 아니꼽게 들릴 수도 있겠지만, 다른 사람들과 의견이 다른 점도 있고 이후 수강하실 때 참고하시면 좋을 것 같은 내용이 많아 강의평 작성합니다.
1. 저같은 경우 수업에서 논의하는 내용 자체는 흥미롭다고 생각하나, 수업을 듣는 과정에서 ‘철학 지식을 많이 배웠다’는 느낌은 크게 받지 못한 것 같습니다. 지식을 배워간다기보다는, ‘논리적/철학적으로 생각하는 능력’의 측면에서 정말 많이 배울 수 있었다고 생각합니다.
2. 교수님의 내용 전달 능력과 인품, 인사이트는 매우 훌륭하시다고 생각하며, 다루는 내용 또한 흥미롭기에 강의 자체만 보자면 흠이 없을 정도로 좋은 강의인 듯 합니다.
3. 다들 아쉬워하시는 성적과 평가 관련된 측면에서도 말을 하고 싶습니다. 사실 퀴즈/시험의 경우 수업 시간에 배운 개념들 위주로 스스로 생각해서 답을 적으면 되는 문제들이 출제되기 때문에, 난이도가 높은 것은 아니라고 생각합니다. 저 또한 수업을 들은 것과 시험 전날 약간의 복습 이외에 따로 열심히 공부한 건 없었고, 다만 시험을 준비하는 과정에서는 수업에서 다룬 논의를 handout의 ‘토론거리’와 관련하여 어떻게 발전시킬 수 있을지에 대해서 조금 깊게 고민해 봤습니다. 수업 내용에 대한 자세한 암기보다는 큰 흐름을 기준으로 본인 생각을 논리적으로 전개할 수 있는지가 평가 기준인 것 같습니다.
4. 확실한 건 원래 철학을 좋아하거나, 철학을 잘 알아야만 들을 수 있는 강의는 절대 아니라는 겁니다. 저 또한 철학에 큰 관심이 없었고 당연히 베이스도 없었던 이과생이었는데, 강계 보고 논의 주제가 재밌어 보여서 수강신청한 case입니다. 앞서 언급했듯이 문제가 전부 스스로 생각해 적는 방식이기 때문에 평가 내용이나 지표가 강의 내용 이상의 것을 요구한다고 생각하지는 않습니다. 다만 ”평가 기준이 모호한 것 아닌가“라는 의문을 가질 순 있다고 생각합니다.
5. 그러나 생각보다 기준이 잘 짜여져 있다고 생각한 부분이, 성적 claim을 걸면 명확한 감점 이유와 채점 기준을 알려주신다고 합니다. 아마 이거 잘 활용하셔서 점점 자신의 답안 style을 채점 기준에 맞추어가는 것도 성적을 잘 받을 수 있는 방법 중 하나가 아닐까 싶습니다.
6. 결론: 명강이라는 사실은 확실합니다. 성적도 위에 써놓은 점 고려하면 본인 노력 여하에 따라 충분히 잘 받을 수 있다고 생각합니다. 다만, 여타 다른 일반교양처럼 설렁설렁 하고 A 받아가고 싶다 하시면 안 듣는 게 맞는 것 같기도 합니다. 
그런데 말입니다… 솔직히 여러분, 고작 교양 3학점짜리 점수에 쫄아서 이런 좋은 강의를 포기할건가요? 편한 고득점만 바라느라 도전을 포기한다면 성취해가는 과정이 재미가 있을까요? 우리가 근본적으로 대학을 다니는 이유는 무엇인가요? 에쁠 받아가고 이런 말 하는 것도 웃기지만, 전 B 나왔다고 했어도 이 강의 수강한 걸 후회하지는 않았을 것 같습니다. 잘 생각해 보고 수강 여부 결정하시길 바라는 마음입니다."
서양철학의 이해,한성일,23,Spring,3.0,"철학에 관심이 있었기에 재밌게 들었고 배운 것도 많지만 그렇지 않다면 상당히 버티기 힘들 것이니 참고하세요ㅜㅠ
생소하지만 유의미한 여러 철학 논의를 다룹니다. 수업자료는 수업의 흐름에 따른 질문, 키워드 등이 쓰인 프린트 한 장 혹은 두 장입니다. 매주 특정 주제에 관한 논의를 쭉 훑되, 중간중간 학생들의 질문 혹은 교수님의 질문에 대한 답을 함께 고민합니다.
리딩은 영어 리딩도 꽤 나오고 한글 리딩도 있습니다. 수업을 들어보면 교수님께서 리딩 내용을 수업하시니 읽을 필요가 없는 것 같다가도, 중간중간 보는 3차례의 퀴즈에서 수업에선 자세히 알려주시지 않았으나 리딩엔 포함된 질문이 나왔던 것으로 기억하기에 읽어야 할 듯합니다.
퀴즈의 채점기준은 잘 모르겠으나, 개인적으론 수업 속기를 치고 수업 논의를 잘 이해하고 제기됐던 혹은 프린트에 제시된 질문들에 대한 답을 생각해놓아야 퀴즈에 답할 수 있습니다. 암기해서 보아야 하는 것 같다고 판단해 암기해서 봤는데, 최고점을 받아보진 못했습니다.
중간/기말 과제는 채점기준을 제시해 주시며, 이에 따라 쓰니 중간 과제는 좋은 점수 받았습니다.
종합적으로 보았을 때 도움은 되지만 성적을 잘 받긴 어렵고 공부하는 과정이 쉽지 않으니 수업을 듣는 건 고려해보시길 바랍니다."
서양철학의 이해,한성일,23,Spring,1.0,"수업 진행은 아래 강의평과 같이 미리 올려주신 자료를 읽어가면 그것을 바탕으로 논의하는 방식입니다..
그런데 이 강의는 생각보다 주의해서 들어야하는게..
우선 철학을 맛보기로 듣고싶다면 절대로!!!!! 추천하지 않습니다 맛보기 수준이 아니라 철학에 진심으로 흥미를 느끼고 좋아하는 학생들이 모여서, 철학적 토론과 사고로 채워나가는 수업이에요.. 애초에 철학 경험해보고 싶다 정도의 생각이면 너무 힘드실겁니다.. 이번학기 강의 정원 60명에 정원외까지 다채워서 시작했는데 종강 기준 수강생이 36명입니다.. 이정도면 대충 짐작이 가시리라 생각합니다
또 채점기준이나 가이드라인이 거의 없습니다.. 토론 시간에 들었던 이야기로 볼 때 내부적인 기준은 꽤나 자세하게 있고, 모범 답안도 존재하는 듯 하지만 개인적으로 문의하지 않으면 제공해주시지 않습니다 이게 생각보다.. 번거로워요..ㅠㅠ
여기에 더해.. 강의 자료 자체가 매주 제공되는 한장 정도의 매우매우 간략한 프린트이고.. PPT 이런건 없습니다.. 통강이라면 3시간동안 종이 하나로 수업 들으셔야하는거에요.. 개인적으로 이게 제일 힘들었습니다
여기까지가 느낀 단점이고.. 장점은 교수님께서 친절하시고 철학적 사고력을 길러주시는 수업을 하신다는 점, 그리고 훌륭하신 인품이 느껴진다는 점 등이 있을듯 싶습니다
확실히 철학을 좋아하시는 분들께는 명강으로 느껴질것 같습니다 그러나 개인적으로는.. 너무 힘든 경험이었습니다 철학에 애정이 없다면 별로 추천드리지 못할것 같아요.."
서양철학의 이해,한성일,22,Fall,5.0,"한성일 교수님 최고...ㅠㅠㅠㅠ
다정하시고 상냥하시고, 몸이 안 좋았는데 정말 많이 배려해 주시고 걱정해 주시고... 수업도 최선을 다하시는 게 느껴져서 존경스러운 교수님이셨습니다.
교과서적으로 철학 사조를 하나하나 훑는 게 아니라 정말 자연스러운 의문에서 싹트는 철학적 논제들을 탐구하는 느낌이었고 저는 이 편이 훨씬 좋았어요. 그렇다고 유명하지 않거나 지엽적인 주제를 다루는 것도 아니구요. 철학이 아니라 ""철학하기""의 수업이라는 말씀이 이제야 이해가 갑니다. 철학 베이스가 없는데, 들어는 보고 싶은데, 실력자들(?)이 많을까 걱정되었던 제게 딱 맞는 수업이었어요.
손에 꼽을 만큼 좋은 교양 수업이었어요. 덕분에 행복한 마지막 학기를 보내고 졸업합니다...!"
서양철학의 이해,한성일,22,Fall,5.0,"수업이나 교수님의 훌륭함은 이미 다른 강의평에서 잘 나타난 것 같습니다. 강의 전체적으로 스스로 생각해보는 것이 중요합니다. 생각해보는 것을 즐기지 않는다면 토론 위주의 수업에서 길을 잃어버릴 수 있습니다. 교수님 말씀이 느린 편이라서 수업을 따라가는 동시에 스스로 독특한 방향으로 생각해볼 수 있어 좋았습니다. 시험도 단순히 프린트와 수업 내용을 외우는 식으로 임한다면 성적이 잘 나올 수 없는 구조입니다. 점수대가 엄청 몰려있어서 더더욱. 시험은 내용을 수업에서 다룬 내용보다 약간 더 깊게 이해하고 있는 것이 중요합니다. 어떤 논리를 수업에서 배웠다면 그것의 비판이 어떤 식으로 이루어질 수 있는지도 알아 둬야 하는 정도의 깊이로요. 전 이것을 위해 리딩 자료보다는 차라리 영문 위키나 스탠퍼드 철학 사전 등을 참고하는 것이 좋다고 느꼈습니다.

성적은 중간 q4 기말 q3 과제 만점으로 A+ 받았습니다."
서양철학의 이해,한성일,22,Fall,5.0,"학점을 너그러이 주시지 않는다는 강의평을 보고 명강일 것을 알면서도 수강신청을 머뭇거렸습니다. 하지만 정말 바보같은 짓이었어요… 한 학기 동안 교수님 수업을 들으면서 세상에서 제일 행복했습니다.
로드는 중간에세이(3쪽)+중간고사+기말발표(7-8분)+기말고사 였고, 많지도 적지도 않은 로드였던 것 같습니다. (수업 전에 리딩 자료 읽어가시면 좋은데, 사실 안 읽어가도 이해는 됩니다ㅎㅎ 다만 읽어가면 수업을 더 신나게 들을 수 있어요!) 그리고 개인적으로는 중간고사가 기말고사보다 더 어려웠던 것 같습니다. (교수님께서 중간고사 성적이 나온 이후 기말시험 난도를 좀 낮춰주신 것 같기도.?.?)
과거 강의평들 말대로 이 수업은 학점을 떠먹여주길 기대해서는 안 되는 강의입니다. 수업을 열심히 듣고 + 이런저런 생각해보기 까지 해야 에세이와 발표가 한층 수월해지고, 시험에서 수업 이상의 것을 요구해도 당황하지 않을 수 있습니다. 따라서 그냥 배운 것 공부만 하면 되는 교양들보다는 요구되는 것이 좀 더 많습니다. 하지만 정 말 정 말 명 강 입 니 다.
강의계획서에 나와있는 주제들을 이야기해주듯이+문답하듯이+약간의 토론(이건 이번 학기가 소수의 수강생으로 이뤄져서 특별히 가능했던 것 같기도 하네요)으로 수업이 이뤄지는데, 정말 시간이 순 삭 됩니다. 신기했어요. 교수님께서 정말 따듯하시고 학생 의견 하나 하나 소중히 해주십니다. 그 와중에 그 의견들이 하나 하나 논의의 쟁점과 엮일 수 있도록 수업을 전개하십니다. 정말 그저 빛이었습니다.
제게는 대학 생활 내내 두고 두고 기억에 남을 정말 좋은 수업이었습니다. 진심으로 한 학기 동안 교수님께 감사했어요. 더 많은 분들이 이 수업을 접하시게 되면 좋겠습니다…!
참고로 성적은 제가 투자한 만큼 나온 것 같아요:) 개인적으로 이런 저런 생각하는 것을 좋아하는 성향이지만 철학에는 문외한인 사람이었음에도 수업 행복하게 들었습니다. 철학에 대한 배경지식 유무는 너무 걱정하지 않으셔도 될 것 같아요.(다만 추상적 논의를 안 좋아하는 분들은 쪼금 힘들수도.?.?) 정말 후회없는 수강신청이었어요. 한성일 교수님 세젤짱✨"
서양철학의 이해,한성일,22,Fall,5.0,"분석철학과 형이상학을 전공하신 교수님이십니다. 다정하고 젠틀하십니다. 수업에선 철학의 흥미롭고 중요한 주제들을 바탕으로 해서 논리적으로 사고하고 말하고 글 쓰는 법을 익히게 됩니다. 논의의 대상은 신 존재 증명에 관한 논의에서 출발해 심신 문제와 개인의 동일성 및 자유의지에 이릅니다. 직관적으로 흥미로울 뿐 아니라 그 자체로 매우 중요한 주제를 다루는 점이 좋았습니다.

토론이 정말 활발하게 이뤄졌습니다. 초반에는 다른 학우가 무슨 말을 하는지 중간에 놓치기 일쑤였는데 점점 잘 들리더군요. 교수님께서 중간중간 정리를 하면서 토론을 이끄시는 노하우가 대단하십니다. 기말 과제로는 개인 발표가 이뤄졌는데 이번 학기 수강생이 적어서 처음 시도해 보는 거라 하셨습니다. 저희도 시간이 부족했기 때문에 수강생이 많은 학기에는 하지 않으실 듯합니다.

성적 부여는 출석과 중간고사, 중간과제, 기말고사, 기말과제발표 점수의 합산으로 이루어집니다. 시험을 잘 보려면 주어진 리딩을 적어도 한번은 읽어야 합니다. 그리고 수업 중 토론에서 어떤 것이 논제가 되었고 쟁점이 뭐였는지 잘 기억해 두시면 좋습니다. 토론이 자연스럽게 여러 주제로 흘러가다 보니 놓치기 쉬우니까요. 

저에게는 개인적으로 커다란 의미를 준 수업이었습니다. 덕분에 화요일과 목요일에는 학교를 오는 일이 괜찮게 느껴질 정도였습니다. 개념에 대한 분명한 이해와 사용이 얼마나 중요하며 논증과 비판은 도대체 어떻게 수행하는 것인지 제대로 알아가는 시간이었습니다."
서양철학의 이해,한성일,21,Spring,4.0,"강의랑 교수님은 좋지만 학점 주시는 건 정말 열심히 해야 좋은 성적 받을 수 있을 겁니다,,"
서양철학의 이해,한성일,21,Spring,2.0,철학 지식 1도 없지만 이 수업으로 시작해보고싶다? 절대안됨 기초쌓고오세요
서양철학의 이해,한성일,21,Spring,5.0,강의력 너무 좋으심 철학에 관심있다면 꼭 들으세요. 사랑합니다 교수님
서양철학의 이해,한성일,21,Spring,4.0,꿀강은 아닌 것 같지만 명강은 확실합니다. 교수님 강의 들으면서 1학기 동안 행복했어요!
서양철학의 이해,한성일,19,Spring,5.0,"진정한 ‘철학하기’를 알려주는 수업입니다.
어디서 아는 척 하기 좋은 철학사를 배우고 싶은 분은 다른 수업을 듣는 것을 추천합니다.
제가 대학와서 들었던 가장 유익했던 강의입니다.
물론 하는만큼 얻어가고, 학점은 마이너스까지 주셨어요"
서양철학의 이해,한성일,20,Spring,5.0,"리딩이 조금 부담되기는 하지만, 교수님께서 토론을 잘 이끌어주십니다.
특히 인식적 회의주의를 다루는 학기 초반부의 논의가 굉장히 재밌어요"
서양철학의 이해,한성일,21,Spring,4.0,"철학에 관심있는 애가 들으면 쉽고 재미없을수있다
철학에 관심없는 애가 들으면 정말 재밌고 유익할것이다
ㅇ생각했던 주제들이 아니라 조금 실망했지만
그래도 예시잘들어주시면서 잘 설명해주신다"
서양철학의 이해,한성일,19,Spring,5.0,"새내기 첫 학기 때 들으면서 이런 수업이 진짜 대학 수업이지 않을까라고 생각했습니다. 교수님이 너무 스윗하시고, 일방적인 강의가 아닌 학생들과의 적극적인 소통과 토론을 통해 수업을 진행하십니다. 수업 후에도 학생들 질문을 받아주십니다. 만약 본인이 수업 내용에 관심이 있고 적극적으로 참여한다면 참 많은 것을 얻어갈 수 있다고 생각합니다.
다만 명강인 것은 확실하지만 꿀강은 아닙니다."
서양철학의 이해,한성일,20,Spring,5.0,"음 저는 일단 철학에 대해 아무것도 모르는 이과생입니다. 정말 관련 지식이 전무해서 걱정이 많았는데 수업이 너무 재밌어서 전공수업도 안듣는 제가 서철이만 마지막까지 열심히 들었습니다^_^
철학적 사고를 전혀 못하믄 전 열심히 교수님 말씀을 받아적었습니다. 시험 문제도 사실 교수님이 하신 말씀 내에서 나온다고 보시면 됩니다. 중간때는 뭐 제가 새로운 거 하나 적어보려고 시간썻는데 그것보단 그냥 교수님 했던말 정리해서 적은 기말 성적이 더 좋았습니다.
무작정 받아적고 정리하면 성적 잘 나옵니다. 뭐 노력대비 꿀강이라고는 못하겠지만 정말정말 흥미롭고 재밌었습니다!!! 교수님 귀요밍"
서양철학의 이해,한성일,20,Spring,4.0,"학생들이 '서양철학의 이해'를 넘어서 철학을 시도하게끔 만드는 강의였습니다. 마치 학생들의 사고를 이끌어 내는 것이 메인이고 서양철학이 그 소재가 될 뿐인 것 같았습니다.
강의 교재 중 어려운 글들도 많았지만 교수님께서 수업 시간에 당신의 언어로 풀어 설명하셔서, 수업을 들으면 이해가 대폭 쉬워졌습니다. 그리고 수업 중간중간에 학생들과 질의응답하는 과정에서 질문하는 학생과 듣는 학생 모두 사고를 증진시킬 수 있는 일종의 문답법을 자주 시전하셨습니다. 학문으로서의 철학에 발을 들이기보다는, 생각하는 힘을 기르고자 하시는 분들께 추천드립니다."
서양철학의 이해,한성일,20,Spring,4.0,"대한민국에서 태어나 속도경쟁에 시달린, 그리고 그 중에서도 특히나 시달렸을 서울대 입학생들이
'신존재', '우리의 인식', '지식' 등에 대해 조금이라도 깊게 고민했던 적이 있겠는가?
이런  철학적인 주제들에 대해, 주요 학자들의 견해 흐름을 접하게 해 주며 고민할 수 있게 해 주는 강좌였다.
서울대생 Must 들어야 하는 강좌
.
.
.
...그러나, 내용자체가 상당히 어려운 데다가
교수님이 매주 읽어오라고 하시는 리딩자료들은 철학 논문들, 그 중 영어논문도 상당수이다.
너무 유익했지만, 너무 힘들었습니다.
꿀강을 찾는 사람들은 피해주세요"
서양철학의 이해,한성일,19,Spring,3.0,"갓성일,, 교수님이 쏘 스윗하시고, 귀여우시고, 멋있으시다..
학생들이 스스로 생각할 수 있도록 유도하시고, 질문도 많이 받는다. 하지만 강의가 피피티나 교재 없이 교수님의 말 만으로 진행되기 때문에 나는 집중하기 힘들었다.  안 졸고 제대로 수업을 들은 적이 많이 없었다 ^^ 

서양 철학자들의  주장을 배우고 암기하는 강의일거라고 생각했지만, 그보다는 정말 '철학'을 해보는 강의였다.
평소에 논리적으로 생각하는 걸 좋아한다면 추. 그렇지 않다면 비추 ㅜㅜ  + 몇몇 주제는 공부하면서 현타가 오곤 했다.  ( 신, 종교 등에 관한 주제) 

리딩이 매우 많다.  원서 난이도가 높고, 읽는데 시간도 오래 걸린다.  물론 리딩 안해가도 수업은 잘 따라갈 수 있으나, 시험을 보고 에세이를 쓰려면 어차피 읽어야 할 것이다.. 

학점은 ,, 한만큼 받을 수 있을 듯 하다"
서양철학의 이해,한성일,19,Spring,4.0,수업은 정말 명강입니다. 교수님 정말 친절하시고 똑똑하시고 학생들 배려해주시려고 노력하시는 모습이 보여요. 다만 절대 꿀강은 아닙니다 ㅎㅎ 자드하는 사람들이 많은거엔 다 이유가 있죠.. 개인적으로 본인이 수동적이고 평소에 철학적 사고를 많이하는 편이 아니다 싶으면 이 강의 듣고 좋은학점 기대하기는 힘들거예요. 하지만 평소에 철학쪽에 관심이 있고 여러가지 생각을 해보면서 내 의견을 정립할 수 있다는 분께는 굉장히 좋은 강의일겁니다!
서양철학의 이해,한성일,19,Spring,5.0,교수님 강의력이 대단합니다. 학기 내내 정말 흥미롭게 들었던 수업이었어요. 로드도 에세이 한번이 끝이고 시험 공부 부담도 크지 않습니다. 형이상학의 여러 주제들을 훑어보기에 아주 좋은 수업입니다.
서양철학의 이해,한성일,19,Spring,5.0,"자드를 하려고 기말 던진 수업인데 다른 학생들도 자드를 많이 한 건지 비마가 나왔네요...
그래도 교수님의 따뜻한 인품과 좋은 강의력 덕분에  만족스러운 수업이었던 것 같습니다.
시험은 수업 시간에 충실했으면 반은 갈 수 있게 나옵니다. 
서울대에 다니면서 꼭 한 번 쯤은 들어볼만 한 수업입니다."
서양철학의 이해,한성일,18,Fall,5.0,"한성일 교수님 진짜 최고에요ㅠㅠㅠ 철학에 대해서 하나도 몰랐는데 친절하게 설명해주시고 예시도 재미있게 들어주시려고 노력하시는 교수님이세요! 철학자들을 달달 외우는게 아니라 한 주제, 예를 들면 '신의 존재'나 '인간의 동일성' 같은 주제에 대해 한 견해를 알려주시고 그 견해를 반박하는 견해를 다시 제시하고 다시 그 견해의 한계를 이야기하는 방식으로 진행되는데 그 흐름 따라가다보면 시간 가는 줄 몰랐어요! 월요일 아침 수업임에도 수업 가는게 즐거울 정도였습니당 학생들 의견도 많이 들어주시고 본인과 견해가 달라도 그렇게도 생각할 수 있겠군요~ 하면서 이해해주십니다!  로드는 중간 기말 에세이 하나씩 있는데 2주쯤 전에 주제 가르쳐주시고 본인 생각 위주로 작성하는 형식입니다 피드백도 친절하게 해주셔서 정말 좋았어요:)  분량도 워드 3~4페이지 정도라 크게 부담되는 건 아니고 그 외에는 중간 기말 시험만 치면 됩니다!  시험은 전부 서술형인데 수업 시간에 논의했던 주제 위주로 물어보고 엄청난 암기를 하기보다는 큰 흐름만 이해하면 쉽게 쓸 수 있을 정도에요 사실 다른걸 다 떠나서 그냥 교수님과 수업이 너무 좋아서 추천하고 싶은 강의입니다ㅠㅠ  저는 개인적으로 과장 조금 보태서 데카르트 배우다가 ""나는 생각한다. 고로 존재한다.""라는 결론에 도달했을 때 전율을 느낄 정도로 의미있는 수업이었어요!"
서양철학의 이해,김상환,19,Fall,4.0,"로드 : 중간대체 리포트 5p, 기말대체 리포트 5p
출석 : 부르다 말다하는데 크게 반영은 안하는듯
수업 : 사실 수업 거의 안 들음. 리포트는 교수님이 쓰신 책 보고 서평쓰는 느낌으로 쓰면 되는데 점수는 무난하게 주심. 성적은 어떻게 나올지 가늠 안되지만 대충 때우기 좋은 수업. 서양 철학 특히 칸트에게 관심많으면 재미있을 듯. 나름 교수님이 쓰신 책이 워낙 잘 써서 읽으면서 철학 노베이스인데도 흥미롭게 읽었음"
서양철학의 이해,김상환,19,Spring,4.0,전달력은 별론데 듣다보면 적응함. 그래도 잘 듣다보면 내용은 좋음. 로드도 거의 없고 시험범위도 적어서 꿀빨긴 좋음.
서양철학의 이해,김상환,19,Spring,3.0,로드가 정말 적음. 시험은 수업 꼬박꼬박 듣고 정리해서 외우면 됨 교수님이 강의력이 별로 좋지못하신데 그래도 자주 같은 내용 반복해줘서 잘따라가면 무리없이 들을 수 있음
서양철학의 이해,김상환,19,Spring,4.0,"말씀을 뚝뚝 끊어 하셔서 전달이 잘 안 되지만, 그 내용은 어려운 철학(특히 칸트)을 쉽고 도식적으로 가르쳐주셔서 배워가는 것이 많은 수업이었습니다. 출석도, 과제도, 시험도 부담없었습니다."
서양철학의 이해,김상환,19,Spring,3.0,강의전달력이 크흡...... 저라면 그냥 더 재밋는 철학교수님 수업 듣겠어요... 근데 출석도 잘 안하시고 로드도 적어서 꿀빨기 좋긴 합니다.....
서양철학의 이해,김상환,19,Spring,3.0,왜 열심히듣고 열심히썼는데 왜 성적을 안줘...
서양철학의 이해,김상환,19,Spring,4.0,"중간 대체 레포트, 기말시험으로 로드는 아주아주 적었고요. 교수님 강의력은...
 ""이런 다양한 학문체계... 이거의 기초가 이때 .. 확립이 돼요 어떤 학문분화의 체계가 왕성하게 확립이 되고.. 그게 오늘날까지도... 어떤.. 기초가 되고 있다.""
보통 이렇게 말씀하십니다. 그래도 학생들 지루하지 않게 중간중간 썰렁한 농담도 하시고 설명도 여러 번 해주셔서 철학에 문외한인데도 어렵지 않고 재미있었습니다."
서양철학의 이해,김상환,19,Spring,1.0,수업을 알아듣기가 힘듭니다. 교수님이 말을 잘 못하시는 듯? 학점도 잘 주지는 않아요 그냥 딱딱 맞춰서 주시고 그나마 좋은 점은 로드가 적었다는 것 뿐....
서양철학의 이해,김상환,19,Spring,4.0,"철학교양들어보고싶어서 신청했습니다. 판서가 좋은것도, 귀에 팍팍꽂히며 이해되는 것도 없었지만 수업내용 잘 필기하고, 인터넷이나 책으로 이해안가는거 찾아보며 공부했습니다.  교수님께서 전수업 복습을 많이해주시고 다른얘기로 빠지기도 하십니다. 그래도 데카르트와 칸트철학에 대해 말씀해주신것은 재밌게들었습니다. 원래 중간고사도 있는데 진도가 안나가서 중간대체 레포트 겸 서평이있었습니다. 기말은 논술형 시험이었습니다. 드랍자가 많아서 그런지 기말을 열심히 써서 그런지 성적은 잘나왔습니다!"
서양철학의 이해,김상환,19,Spring,4.0,"로드 부담이 적은 권장교양을 찾다가 강의계획서에 로드가
서평과제 1번, 중간, 기말만 있는 걸 보고 선택했습니다..
이번 학기에는 강의계획서에 나와있는 교재가 출판이 늦어지는 덕분에 과제도 없이 중간고사 대체 레포트와 기말고사로 평가가 이루어졌습니다. 출석은 랜덤한 날에 조교님이나 교수님께서 직접호명하십니다.  강의력은 좋게 느껴지진 않았습니다. 말씀하시다 중간 음... 어... 이렇게 끊는 경우가 있어서 집중하기가 개인적으로 힘들었어요 ㅠㅜ
그래도 과제 부담 전혀 안 느껴지고 권장교양 채운 걸로 만족합니다!!"
