한국음악의 이해,김유석,23,Fall,5.0,"강의 중 재밌어보이는 부분만 듣고 거의 자고 시험 전날 대충 공부 슬쩍 하고 봤는데 A0 나옴 꽤나 꿀강인듯 
조금 귀찮은 과제가 자주있긴 한데 부담은 딱히 없음"
한국음악의 이해,김유석,23,Fall,4.0,"솔직히 마음 편하게 들을 수 있는 꿀강은 아닙니다. 
아침 9시 수업인데 출석 점수가 매우 중요해서 학기중에 많이 힘들어지긴합니다.. 또 중간고사 시험은 생각보다 어려웠습니다. 교수님이 흐름만 잘 이해하면 된다 하셔서 말 그대로 흐름만 이해하고 갔더니 망했습니다. 삼현육각의 악기, 현대에 사용되고 있지 않은 피리의 이름, 등등 자세한 부분도 외워가야 잘 볼 수 있습니다. 대신 기말고사는 쉽게 나와서 그나마 다행이었습니다."
한국음악의 이해,김유석,23,Fall,4.0,출석이 정말 중요합니다. 중간 출석을 부를 때 다른 곳 가시지 말고 꼭 앉아계시길..ㅠㅠ 출결 때문에 성적 박살났습니다..
한국음악의 이해,김유석,23,Fall,5.0,"중간중간에 실연 들을 수 있어서 재밌었습니다
실연 빼고는 수업 거의 안들었는데 학점도 잘 받았습니다
대체로 꿀강인 것 같습니다"
한국음악의 이해,김유석,23,Fall,5.0,"과제가 좀 있는 편인데, 하나하나 하는데 시간이 많이 걸리진 않고 마감도 긴 편.
강의전달력도 좋으시고, 전반적으로 폭넓게 배운다는 게 좋았음. 솔직히 교양에서 이 정도 깊이만 배워도 좋다고 생각..
6번 정도 악기 시연과 2번 특강이 있는데 직접 악기나 탈춤 등을 봐서 재밌었다.
+ 과제랑 출석 좀 까여도 학점은 잘 주심.
+공결도 출석점수 일부분 깜."
한국음악의 이해,김유석,23,Fall,4.0,"학기 초로 돌아간다면 다른 강의를 들을 것 같아요
열심히 참여했고 출석도 안 빠졌고 시험도 잘 봤는데  점수가 좀 의아하네요... (특히 과제… 무슨 기준인지 모르겠어요) 그리고 딱히 머리에 남은 내용이 없어요
아주 표면적인 정보 정도.."
한국음악의 이해,김유석,23,Fall,5.0,"15분 늦게 시작하고 30분 일찍 끝납니다.
그 중에서도 수업은 2시간을 넘지 않고, 실연 시간이 있어 수업에 부담은 없습니다.
자잘한 과제가 귀찮긴 하지만 부담스러운 수준은 아닙니다.
시험은 간단하게 나오는 편입니다."
한국음악의 이해,김유석,23,Fall,5.0,"중간중간 국악이나 판소리 실연시간도 있어서 재미있었습니다. 시험이 간단하게 나오고 수업이 크게 어렵지 않아서 부담없이 들을 수 있는 강의였습니다. 
그리고 30분일찍 끝내주십니다."
한국음악의 이해,김유석,22,Fall,5.0,시험 문제도 많이 어렵지 않고 과제도 쉬운걸로만 내주셔서 성실하게 수업참여하고 공부 어느정도 하면 성적 잘 주시는 것 같아영 완전 꿀교양👍👍
한국음악의 이해,김유석,23,Spring,5.0,"🍯🍯🍯🍯🍯
출석 만점, 과제 총 0.3점 까임, 
중간고사 평균, 기말고사 평균 +3 맞고 A+ 나왔습니다.

참고로 듣기평가가 중간 3문제, 기말 2문제 있었는데
제가 엄청난 막귀여서 공부하고도 다 틀렸습니다. 
그래도 나머지 잘 맞추고 출석, 과제 성실히 하면 됩니다.
다른 시험문제는 수업만 잘 들으면 어렵지 않습니다.
국악에 ㄱ자도 모르는 사람이라 처음에는 어렵고 졸렸는데
계속 듣다보면 익숙해져서 나름 흥미로웠습니다.
후반부로 갈수록 교수님의 노래(?)를 많이 들을 수 있습니다.

출석을 조금 깐깐히 부르시긴 합니다. 
9시 수업인데 9시 15분 수업 시작으로 조정해주셨고 
1차 출석, 2차 출석 모두 부르십니다.
과제가 쉽고 간단하고 시험문제도 쉬워서 
사실상 출석이 제일 중요한 것 같습니다.
아침잠 별로 없으시거나 성실하신 분! 들으세요.
수업을 매번  11시 30분 정도에 끝내주시고 
끝나기 30분 전에는 실연이라 힐링이라는 점도 좋았습니다."
한국음악의 이해,김유석,23,Spring,5.0,"꿀이 뚝뚝.. 흘러넘칩니다🍯
이번 학기는 과제도 정말 간단한 거 뿐이었어요.
장단 구음 읽기, 판소리 한 대목 불러보기, 정간보 읽기는 수업 한 날로부터 2주 안에 이티엘에 업로드하면 되고, 국악 공연 관람과 바로 옆에 있는 국악 박물관 관람기는 둘을 합쳐서 1페이지 안에 작성하면 다입니다. 과제 점수는 소수점 정도로 깎으시는 듯 해요.
시험도 문제 수가 적은 데다가 어렵지 않고 비중이 낮아서 부담 1도 없어요. 중간 평균보다 못한 그 언저리, 기말은 평균 이상 봤는데 에제입니다. 어떻게 이런 개꿀이??
다만 아침 수업인 만큼 출석을 굉장히 중요하게 생각하셔서 지각 없이 잘 다닐 수만 있으시다면 안 들을 이유가 없다고 생각합니다. 수업 시작은 15분 늦게 하시고, 종료는 11시 30분 정도면 해주신다는 점도 아주 좋았습니다."
한국음악의 이해,김유석,23,Spring,5.0,편하게 들을 수 있어서 좋았어요!! 기말에 장단 듣기평가는..당황스러웠지만 성적은 잘 주시는 듯! 그리고 이번에는 과제가 적은편?인 것 같아서 더 좋았어요
한국음악의 이해,김유석,23,Spring,5.0,"과제도 그냥 제출만 하면 되고 부담없이 들을 수 있어요
실연도 항상 잇어서 좋아요"
한국음악의 이해,김유석,22,Fall,5.0,교수님이 좋으시고 실제 국악 감상에 도움이 되는 내용들이 많으며 실연도 있습니다. 과제는 모두 부담이 거의 없는 간단한 것들이고 시험도 어렵지 않습니다. 내용도 좋고 성적도 잘 주셔서 추천하는 강의입니다.
한국음악의 이해,김유석,22,Fall,5.0,교수님도 매우 착하시고 수업에서도 국악 관련 내용에 대해서 자세히 배울 수 있습니다 국악에 관심 있는 분들이 들으시면 정말 좋을 것 같은 강의입니다
한국음악의 이해,김유석,22,Spring,4.0,시연 덕분에 수업 듣는게 기대가 됐었음. 시험은 쉽게 나옴. 그래서 즐기면서 수업을 들을 수가 있음. 출결 중요.
한국음악의 이해,김유석,22,Spring,5.0,"시험이랑 과제 모두 크게 부담되지 않는 힐링 강의입니다.
학기 말까지 출석과 필기만 열심히 해도 교수님께서 학점 넉넉히 주십니다!"
한국음악의 이해,김유석,22,Spring,5.0,국악에 대해서 배울 수 있어 좋았고 시연이 있어서 정말 즐거웠습니다. 과제는 많지만 어렵지 않고 시험도 쉽게 내세요!
한국음악의 이해,김유석,22,Spring,5.0,감사합니다 교수님 ..!!! 국악에 대해 거의 몰랐는데 덕분에 많이 배웠어요. 깊은 지식보다는 정말 공연을 보러 갔을 때 도움이 되는 것들 위주로 알려주셔서 실용적입니다. 과제도 큰 부담 없고 시험도 정말 쉬워요! 다만 매 수업 노트필기 착실히 해야 하고 출석 중요하니 본인이 성실하다 싶으시면 무조건 들으세요ㅎㅁㅎ 완전 추천
한국음악의 이해,김유석,22,Spring,5.0,"시험 쉽고 배우는거 많은 꿀강명강!!
킹유석 교수님!! 꼭 듣는거 추천합니다!
금요일 9시수업이라 출결 꽤 중요하게 보시고 드랍도 많이들 하십니다. 버티시면 돼요! 한국음악에 대해 어느정도 알고계신다하면 두배로 꿀강이구요!! 문화와 예술 꿀강은 한음이!!"
한국음악의 이해,김유석,22,Spring,5.0,"과제 거의없고 원래 3시간수업인데 2시간만 하고 나머지30분 시험반영 안되는 특강이라 꿀임
시험도 막 외워야되는거 없음 
꿀강!"
한국음악의 이해,김유석,22,Spring,4.0,"과제 많아요 조금 귀찮고 소수점으로 점수 깎이는데 절대평가라 나중에 모아보면 큰 영향을 미칩니다 
또한 출석을 아주 강조하시고 그만큼 점수가 많이 깎여요
에이쁠 받는건 까다로울 수 있고 에제는 아주 쉽게 받아갈 거 같아요 
한국음악에 대한 관심이 없으면 그냥 안 듣는게 나아요"
한국음악의 이해,김유석,21,Fall,5.0,"갓유석!!! 그냥 꼭 들으세요 ... 안들으면 손해입니다....
실시간 줌+녹화강의 형식으로 진행됐는데 1교시 수업이라 조금 부담이 있었지만 교수님께서 10분정도 여유 주셨고 재밌게 잘 들었습니다 !! 시험은 중간 기말 두 번 있었는데 진짜 쉽습니다 .. 그냥 수업 열심히 들었으면 다 풀 수 있어요 !! 자잘한 과제가 있지만 다 부담없이  할 수 있는 것들입니다 ! 교수님께서 하는 것 자체에 의미를 두셔서 진짜 부담없었고 점수도 잘 주세요 .. 중간중간 직접 연주자분들을 초청해서 질의응답시간도 갖고 정말 한국음악에 대해 재밌게 배울 수 있었던 시간이였습니다 ! 이런 꿀강을 수강신청도 안하고 주워서 들었는데 더 알려지기 전에 꼭 들어보세요 !!"
한국음악의 이해,김유석,21,Fall,5.0,"다른 거 수강신청 실패해서 줍줍하고 듣게 된 수업인데 이번 학기 레전드 수업 등극.. 이런 교수님이 존재한다는게 너무 놀랍습니다.. 비록 중간에 대면으로 전환해서 아침 9시까지 학교에 갈 뻔 했지만 학생들의 의견을 반영해주셔서 수업도 기말도 다 비대면으로 진행됐습니다. 실강+녹강 형태인데 실강 때는 주로 전문가분들 초청해서 간단한 설명, 시연, 질의응답 시간을 가지기 때문에 부담이 전혀 없고, 녹강도 길이가 매우 짧습니다.. 초반에 역사 내용 배울 때는 양이 좀 많았는데 뒤로 갈수록 양이 절대적으로 적어집니다. 이 수업의 취지가 애초에 즐기는 것이기 때문에 내용도 정말 가볍게 한국음악을 알아간다는 느낌이어서 흥미롭습니다! 교수님이 너무 좋으신 것도 한 몫 하고요.. 이 수업 아니었으면 전혀 보지 못했을 것 같은 전문가분들을 만날 수 있는 기회가 있다는 것도 좋았어요! 
시험은 중간은 대면 노오픈북, 기말은 비대면 오픈북이었습니다. 중간 때 노오픈북이라 꽤 꼼꼼하게 공부하고 갔는데 문제가 쉽고 넓게 나와서 조금 허무할 정도였습니다 과제가 없는 편은 아닌데 노래부르기 같이 재밌게 할 수 있는 과제라 부담은 없습니다. 
마지막 성적까지 A+이라는 선물을 주시고 떠나신 갓유석.. 아마 절평 컷은 97점인 것 같은데 정확히는 모르겠어요
(다만 지각, 출석은 성적에 치명적입니다)
최고…"
한국음악의 이해,김유석,21,Fall,5.0,"아래 분들이 다 말해줘서 할 말이 없음...
그냥 하라는 것만 잘 하세요.
과제를 소수점 단위로 감점하시긴 하는데, 전혀 문제 없습니다. 출석만 잘 챙기시고요.
수업도 국악 감상 부분으로 들어가면 재밌어집니다.
걍 들으세요 걍!"
한국음악의 이해,김유석,21,Fall,5.0,"4년동안 들은 강의 중 제일 꿀강이고 성적도 제일 잘 줌
교수님 목표가 공연팜플렛보고 공연내용 이해하기 정도임
과제는 조금 자잘하나 노래부르기 이런거라 개쉬움 그냥 못해도 괜찮음ㅋㅋㅋㅋ 하는 것에 의의를 두시는 편
앞에 역사파트는 재미없지만 뒤에는 재밌고 어차피 중간기말은 7문제 정도에 넘 쉽게 내줘서 개이득임
젭알 들으세요..!!!"
한국음악의 이해,김유석,21,Fall,5.0,"We trust in Yusuk...
진짜 갓갓. 허니 수저가 내 입 앞까지 와있음
노래부르기 장단 부르기 등등 자잘한 과제가 꽤 있으나 부담될 정도는 절대 아님. 시험도 개쉬움!!!
비대면 풀리기 전에 얼른 들으세요"
한국음악의 이해,김유석,21,Spring,5.0,"짱짱… 진짜 무조건 들으세요 그저 빛임 무조건 들어요 
과제도 적고 시험도 쉽고 그냥 하라는대로만 하면 됩니다."
한국음악의 이해,김유석,21,Spring,5.0,시험문제는 어렵지 않고 채점도 널널하게 하십니다. 출석이랑 과제만 잘 하셔도 성적이 어느정도 보장됩니다.
한국음악의 이해,김유석,21,Spring,2.0,글쎄요... 강의평 만큼 꿀강은 아니었어요......한국음악에 관심없으신 분들에겐 비추...
한국음악의 이해,김유석,21,Spring,5.0,"출석, 참여도 중요하게 생각하시는거 같구 과제 양이나 시험 난이도는 정말 부담 없습니다! 무엇보다 너무 친절하시고 학생들 배려해주시는게 보입니다 비대면인데도 불구하고 강연자 초청해서 최대한 재밌게 진행해주셨습니다."
한국음악의 이해,김유석,21,Spring,5.0,"열심히 수업 및 과제, 출석 따라가면 학점 잘 나오는 것 같습니다. 개인적으로 중간, 기말의 ppt 양 자체는 꽤 된다고 생각하는데, 시험문제는 어렵지 않게 나와서 거의 안깎이고 A+ 받았습니다. 성실도를 제일 많이 본다고 생각합니다. 
교수님이 친절하시고 콘텐츠도 다양합니다. (실시간 강의, 녹화 강의, 꼼꼼한 ppt 자료, 다양한 국악인들 소개 등)"
한국음악의 이해,김유석,21,Spring,5.0,"한국음악에 대한 전반적인 내용을 배울 수 있는 수업.
자잘한 과제는 있지만 크게 부담되지 않음.
시험 두 번 있었으나 수업만 열심히 들었으면 푸는데 전혀 문제 없음.
열심히만 하면 성적은 잘 나옴."
한국음악의 이해,김유석,21,Spring,5.0,"이렇게 성적을 잘 주셔도 되나 싶을 정도로
학생들 부담 안주고, 한국음악 흥미 갖게 해주려
하시는게 느껴져서 좋았음
과제도 재밌었음
꼭 성적 때문이 아니더라도, 듣는거 추천드림!"
한국음악의 이해,김유석,21,Spring,5.0,"출석 , 과제 성실히 하면 에이쁠 솔직히 쉽다고 생각합니당 시험 당일에 처음 속기 보고 허용하신 커닝페이퍼? 가져갔는데 시험은 그것마저 사용할 필요없이 나옴"
한국음악의 이해,김유석,21,Spring,5.0,교수님 정말 좋으신 분이시고 되게 열정적으로 가르쳐주세요 시험도 전혀 어렵지 않고 부담 없이 듣는 교양으로 추천드려요 과제도 노래부르기나 감상문 하나 정도 적는 것 밖에 없어여 모두모두 들으세요!!!!!
한국음악의 이해,김유석,21,Spring,5.0,부담없고 좋음. 근데 출석 매번 부르는게 왜 빡센거임?
한국음악의 이해,김유석,21,Spring,5.0,출석을 매번 부르셔서 좀 빡세다고 느낄 수 있는데 그것 외엔 다 좋아요 과제는 내기만 하면 만점 주시는 것 같고 민요나 판소리 부르는 거 있고 쓰는건 음악소리 감상문밖에 없었어요 이것도 한페이지였습니다 시험은 오픈북이었고 암기보단 수업 제대로 들었는지 확인하는 문제 위주였습니다 교수님이 학생들 부담 안주시려고 노력하는게 눈에 보여요!
한국음악의 이해,김유석,21,Spring,3.0,교수님 갓갓입니다.ㅠㅠ 앞으로 하루에 한번씩 교수님 있는 곳으로 절하면서 살겠습니다. 진짜 과제는 정말 없는 수준이고 시험도 ppt 한번 읽고 가서 드럽게 못본거 같은데 버러지 같은 저에게 a+을 주셨습니다. 학점 날먹하고 싶으신 분은 꼭 수강 바랍니다. 근데 비대면때 들은 거라서 대면은 또 모르겠네요
한국음악의 이해,김유석,21,Spring,5.0,"그저,, 빛유석,, 교수님이 너무너무너무 좋으세요,,,ㅜㅜ
국악에 관심 없었는데 처음으로 관심을 가지게 된 것 같아요!
과제양도 진짜 적고 중간은 비대면 오픈북, 기말은 대면 오프라인 시험이었는데 둘 다 난이도는 쉬웠어요! 중간기말 둘 다 시험 망친 것 같아서 학점은 정말 기대 1도 안했는데 에이쁠 받았습니다ㅜㅜ,,, 꼭 들으세요!!♡"
한국음악의 이해,김유석,20,Fall,4.0,교수님이 하라는 거 하면 에제는 보장. 에쁠은 열심히 해야함
한국음악의 이해,김유석,20,Fall,4.0,"나름 재미있게 들은 강의이긴 했으나, 자잘한 과제가 생각보다 빡셈. A+를 노리는 분들은 전체점수 1점 차이로 A0를 받을 수 있으니, 비대면 강의 기준 전체점수에서 1점을 까 버리는 지각과 2점을 까는 결석은 절대 하면 안 됨. 과제는 분량 많이 쓰면 점수 잘 주는 경향이 있는 듯."
한국음악의 이해,김유석,20,Fall,4.0,"하라는 거 적당히 다 함 -> a0
매주 과제 정성을 다해 한 장 채우기 + 악기소리 맞추기(매우 중요) -> a+

비대면 학기인 점 참고하시고요 이번 학기는 절대평가로 a+(97-100), a0(93-97), a-(90-93) 이렇게 주신 것 같습니다.
출석 매우 중요합니다. a+ 받으시려면 출석을 아주 신경 쓰셔야 합니다.
교수님은 매우 스윗하십니다. 다만 수업이 흐름을 따라가기 힘들 수 있습니다. 비대면 학기 기준 출석 다 하고 하라는 것만 하면 a0는 그냥 받으실 수 있다는 점에서는 엄청한 꿀강이지만, a+ 받으시려면 많이 노력하셔야 될 거예요. 0.1점들이 쌓여 나중에 큰 차이를 만듭니다. 악기소리 맞추기 퀴즈 외의 퀴즈와 기말고사는 매우 쉽습니다."
한국음악의 이해,김유석,20,Fall,5.0,"국악에 흥미를 느끼게 해준 명강이라고 생각합니다ㅎㅎ 교수님께서 워낙 학생들을 많이 배려해주시고, 비대면이라서 부담 없이 즐겼던 수업이었네요! 과제도 매주 있고 결석하면 치명적이긴 하지만, 본인이 열심히 할 자신이 있으면 에제는 기본으로 받는다고 생각하시면 됩니다~!(절대평가 기준)"
한국음악의 이해,김유석,20,Fall,5.0,그냥 교수님 하라는 것만 열심히 하면 에제는 무조건 보장! 짜잘한 과제가 많지만 30분도 안걸리는 과제고요 기말 시험도 쉽습니다 공부 한 번도 안하고 에이쁠 받았습니다
한국음악의 이해,김유석,20,Fall,5.0,"에제는 매우 쉬운듯. 매주 반페이지 정도의 글쓰기가 있으나 빈도에 귀찮을 뿐 매우 쉬움. 수업내용도 알차지만 비대면 교양 특성상 안듣는 경우도 많을텐데 수업 따라가지 않아도 성적에 큰 지장 없음. 
그래도 에쁠은 노력을 해야할텐데 1순위가 1교시 출석이고 그다음은 솔직히 악기소리 구별퀴즈였던듯... 막귀라 그런지 여기서 두개나갔는데 이게 제일 컸음. 
수업 내용을 따라가지 않아도 꿀교양이고, 수업 내용을 따라가면 더더욱 알찬 수업이면서도 학점을 챙길 수 있는 어마어마한 꿀교양임"
한국음악의 이해,김유석,20,Fall,5.0,이것저것 할 게 많습니당 자잘자잘한 과제 까먹고 제출 8일이나 늦게 하고.. 챙길 게 많다보니 이런 일이 생길 수도 있습니당 수업도 다 좋고 시험도 개쉽습니다. 진짜 잘 듣기만 하면 됩니당. 대면으로 할 때에는 노래도 직접 불러야되고 춤도춰야하니 그런거 싫으시면 듣지 마세욤~ 비대면 절평 한정 개꿀입니다
한국음악의 이해,김유석,20,Fall,5.0,그냥 하라고 하는거 다 하고 수업만 들으면 에쁠나옴.
한국음악의 이해,김유석,20,Fall,5.0,"다 들은 후에 진심으로 국악이 즐거워졌습니다. 특강들 너무 재밌었고 학점은 ㅎㅎㅎㅎ 말 안해도 아실 것 같네요!
아 과제 점수 잘 받는 팁은 분량 조금 넘기고 상세하게 쓰는 것 같아요! 저는 논문도 참고하고 그랬습니다(근데 이건 열정 과다)"
한국음악의 이해,김유석,20,Fall,5.0,"내용은 다른 분들이 많이 써주셔서 생략하겠습니다.
과제, 퀴즈, 시험 다 중요하지만 출석이 제일 타격이 크니 1교시 출석 무조건 다 채울 자신 있다 하시면 들으시고, 아니면 에쁠 포기하고 들으시면 됩니다. 하루 수업이 줌강+녹강(여러 개)으로 이루어져 있는데 정신없는 학기에 다 챙겨들으려니 은근히 벅차서 예상치도 못했던 출결 부분에서 많이 깎였네요. 아쉽지만 수업에서 얻어가는 게 많기에 만족합니다."
한국음악의 이해,김유석,20,Fall,5.0,“국악을 즐겨주세요” 이 한 마디만 믿고 수업에 임하면 성적은 알아서 따라옵니다
한국음악의 이해,김유석,20,Fall,5.0,출결이 엄격하나 수업 재밌고 매주 국악과 학우 분이나 국악계에서 유명하신 분!! 초빙해서 연주/특강 들음. 대면 때 들으면 다 직접 해본다는데 대면 때 들을걸... 꿀 빨려고 신청하고 실제로 A+ 점수 떴는데도 대면으로 못 들은 것 때문에 아쉬운 강의
한국음악의 이해,김유석,20,Fall,4.0,"과제 0.2점 깎이는 거 신경쓰지 말라고 했는데 .. 신경 쓰셔야 합니다.. 그게 총점으로 쌓이면 타격이 좀 큽니다.. 과제 양만 채우면 되는 줄 알고 대충했더니 50프로로 비율도 가장 많이 반영돼요.. 과제 할 때 수업영상 적용해서 조금 더 성의 있게 쓰는 거 추천합니다.. 나중에 1,2점으로 피말리고 싶지 않으면 ㅠ
그리고 출석 진짜 깐깐해요,,, 유계결석계랑 병결도 안됨 .. 
학점은 잘 주셨지만 이런 점들이 스트레스 받아서 다시 들을만한 정돈 아닌 거 같아요.. 딱 절대평가 때 들을만함"
한국음악의 이해,김유석,20,Fall,4.0,"0. 총평
절대평가라면 강추, 상대평가라면 비추

1. 과제
매주 과제가 있지만 부담은 없음 (항상 만점에서 0.2~0점 정도 감점하시는데 신경쓰지 않아도 됨)

2. 퀴즈
퀴즈... 은근 만점 받기 힘듦. 1차 퀴즈에서는 수강생의 절반이 만점, 그리고 1개 틀린 사람이 나머지 대부분. 2차 퀴즈는 거의 다 만점 받게 출제 해주셨음. (한 문제 틀리면 -1점)

3. 시험
객관식 8문제(한 문제 틀리면 -0.5점), 서술형 1문제인데 객관식은 공부 조금이라도 했으면 전반적으로 쉽게 출제. 하지만 한두문제는 까다로운 편. 실제로 1~2개 틀린 사람이 많았음. 서술형은 한 학기 동안 배운 것과 느낀 점 적기. 퀴즈와 마찬가지로 0.2~0점 정도의 감점 있었음.

4. 출석
매주 9시 30분 줌강의 + 영상 강의 여러 개인데 줌 ,영상 모두 출석점수에 들어감. 은근 챙길 게 많아서 출석 만점받기 좀 힘들 수도 있음. 나는 영상 하나 깜빡하고 못들었음.. (지각하면 -1점 결석하면 -2점)

절대평가 기준 97점 이상 a+ 93점 이상 a0 이기 때문에 에제받기는 매우매우 쉬움. 절대평가 기준 에제가 보장되어 있다는 점에서 꿀강이라고 볼 수 있음. 하지만 출석, 퀴즈 등 하나라도 실수가 있다면 에쁠받기는 까다로운 강의임. 참고로 상대평가라면 절대 추천하지 않음. 매 주 퀴즈 감점되는 거 보고 스트레스 받을 것이기 때문."
한국음악의 이해,김유석,20,Fall,4.0,매주 과제가 있어서 번거롭긴 하지만 학점은 꽤 후하게 주시는 것 샅습니다 글고 출석 되게 깐깐하게 보세요
한국음악의 이해,김유석,20,Fall,5.0,"한 학기 내내 힐링 강의였습니다!
교수님께서 국악을 정말 알리고 싶어하시는 마음이 크시다는 것을 느낄 수 있는 강의였어요. 아침 수업이기는 했지만 시연자분들과 전문가분들의 연주, 강연을 들을 수 있어서 좋았어요. 학점도 후하게 주시는 것 같습니다! 아침에 출첵 잘하실 자신 있으시면 들으시길 추천드려요~"
한국음악의 이해,김유석,20,Fall,5.0,"꿀강+명강입니다
이미 수강신청 성공하셨다고요?
그럼 더 이상 학점은 의심하지 마세요"
한국음악의 이해,김유석,20,Fall,5.0,"그저 빛유석..학생들이 한국 음악에 관심가져주길 바라는 마음만 가득히 담은 수업이었습니다. 과제도 2~30분 정도 투자하면 해결할 수 있는 간단한거고, 두 번의 퀴즈와 기말고사 모두 크게 어렵지 않은 문제들로 구성되어 있었습니다. A+컷이 97점이라서 간혹 불만이신 분들이 계셨지만.. 대부분이 A대 학점을 받았으니 꿀강+명강 인정합니다. 아 교수님한테 클레임걸지 마세요ㅠㅠㅠ알아서 잘 주실거에요ㅜ 유석 교수님 강의 후반부에 문의 메일로 힘들어하신거 같아서 맴찢..."
한국음악의 이해,김유석,20,Fall,5.0,역대급입니다.. 고민 말고 들으세요 그저 빛유석
한국음악의 이해,김유석,20,Fall,5.0,몇번 말해도 부족하지만 교수님 정말 좋으신 분이세요 수업은 개개인의 국악 흥미도에 따라 재미가 있을수도 없을수도 있지만 분명한건 크게 부담되지 않을 수업이라는 겁니다! 기말고사 한번 봤는데 객관식 8문제에 주관식 1문제 있습니다. 근데 문제형식은 매학기 달라지는것 같기도 해요  과제는 매주 있지만 전혀 부담되는 수준이 아닙니다! 매주 특강도 재밌었고 힐링이었습니다! 학점도 매우매우 잘주십니다~(이번학기는 절대평가였네요!)
한국음악의 이해,김유석,20,Fall,5.0,"과제가 매주 있긴 하지만 간단하거 금방끝낼수 있는 과제들이라 부담이 적음. 국악 전공하는 학생들을 초대해서 연주를 듣고 질문을 하고 답변을 갖는 시간을 가지는 것이
인상깊음."
한국음악의 이해,김유석,20,Spring,5.0,"비대면 관악 최고 꿀강 
초반 강의와 자잘한 과제에 드랍한 사람들이 안타까울 뿐.."
한국음악의 이해,김유석,20,Fall,5.0,"대면강의 시절에도 숨은 꿀강이었으나 싸강 때 진짜 최강꿀강이 되어버린 빛과 같은 강의입니다..
과제 매주~격주에 1페이지(사실상 반페이지만 해도 거의 만점주심) 있는데 뭘 적어도.. 거의 만점주시고 과제 진짜 30분도 안걸립니다..ㅠㅠ 
그리고 기말고사가 이번 학기 전체적 수업흐름을 바탕으로 배운 점 등을 서술하는 거 (심지어 오픈북) 였어요 줄간격 2.0 11포인트로 1페이지.... 진짜 교수님은 학생들에게 한국 음악을 알리고 싶은 마음 그뿐이시고 학점을 깎고 싶으신 마음이 하나도 없으십니다... 천사 그자체.... 사랑합니다 교수님.."
한국음악의 이해,김유석,20,Spring,5.0,"교수님이 학생 편의를 엄청 봐주시고 스윗하십니다
매우 편안하게 국악에 대한 흥미를 가지며 들을 수 있었던 수업"
한국음악의 이해,김유석,20,Spring,5.0,"그냥 빛...
교수님 진짜 좋으신 분이고 학생배려가 진짜 탑이신듯
국악에 관심가질 수 있게 해주시고 비대면이라 진짜 아쉬운 강의...."
한국음악의 이해,김유석,20,Spring,5.0,이번 학기 특성상 과제들이 좀 많긴했지만 다 매우매우 가벼운 과제들이었구 내기만하먄 점수 잘주심  기말몰빵이었는데 걍...개꿀시험 .. 과제 항상 30분이내로 끝나고 시험도 공부 1분도 안했는데 에제 나왓네요.. 온라인강의라 더 개꿀인점이 잇엇으나 교수님이 천사신건 분명하네요
한국음악의 이해,김유석,20,Spring,5.0,이거 5점 이상은 못드리나요??? 진짜 성적 잘주십니다ㅠㅠ 과제 제출만하면 거의다 점수 잘주세요 이번 기말은 진짜 밑 평처럼 레전드입니다 교수님 감사합니다ㅠㅠㅠㅠㅠㅠ
한국음악의 이해,김유석,20,Spring,5.0,"이번 학기 특성상 실습이 불가해 영상으로 대체해서 수업 진도 나갔습니다!! 학생들 부담 주기 싫다고 하시면서 과제도 마음 편히 할 수 있는 것들로 내주시고 성적도 엄청 잘 주셨습니당!! 그리고 이번 기말 시험이 진짜 레전드,,, 이번 학기 관악의 제일 꿀강이라고 자부할 수 있습니다!!"
한국음악의 이해,김유석,20,Spring,5.0,사실 강의 자체는 지루했는데 그래도 국악 다양하게 들어보는 건 좋았어요. 그리고 역시 소문의 A 폭격기.....과제는 다 하고 기말 공부 하루도 안하고 강의 이틀치 늦게 들었는데 에제 나왔습니다. 과제 안빡세요. 학점 필요하신 분들 꼭 들으십쇼
한국음악의 이해,김유석,19,Fall,5.0,수업만 잘 들으시고 잘 참여하시면 에이플 바로 나와요 실습도 재밌습니다
한국음악의 이해,김유석,19,Spring,5.0,"국악에 대해 관심을 느낄 수 있는 계기였습니다. 공연 과제를 보러 가는 게 힘드시다고 느낄 수 있는데, 저는 개인적으로 보러 간 공연들 좋았어서 상관 없었습니다. 교수님도 아는 것이 많으시고, 국악에 대해 정말 교양을 쌓을 수 있습니다. 다만 출석이 빡세고 과제, 시험을 잘 해야합니다!"
한국음악의 이해,김유석,19,Spring,5.0,"중간 기말 합쳐서 한 두개 틀린 것 같았는데 A+ 나왔습니다! 점수를 제대로 안알려주시는게 단점이지만 시험은 다 맞아야 A+이 나오지않을까 싶을 정도로 쉬웟어요
장구,판소리,민요 실습도 하고 사물놀이, 탈춤 특강도 있는 즐거운 수업이었습니다! 국악에 대한 관심도 높아졌어요"
한국음악의 이해,김유석,19,Spring,5.0,"사랑해요 교수님
제 마음을 어떻게 표현해야할지 모르겠네요
시험은 2번인데 엄청 쉬워요...즉 한두개 차이로 성적이 갈린다는 말이죠
과제는 공연 보고 감상문 2개 적는건데 기간도 넉넉하게 주시고 1장짜리라 전혀 어렵지 않아서 공연 즐기고 온다고 생각하면 돼요
수업시간은 길지만 반은 수업하고 반은 판소리,장구,민요 등 실습을 해서 수업하는 양은 많지 않고 수업도 지루하지 않아요
수업말고 무용이나 연희집단, 탈춤 특강을 했는데 가장 기억에 남네요
버들골에 가서 탈춤 추는 경험도 할 수 있어요 ㅎㅎ
국악에 큰 관심이 없었는데 수업 들으면서 흥미가 생기고 교수님이 원하시는 돈을 주고 국악공연을 보러 다니는 사람이 되어서 정말 좋았어요 
4년동안 학교를 다니며 한번쯤은 들어볼만한 수업이라고 생각해요"
한국음악의 이해,김유석,19,Spring,2.0,"교양인데
기말시험 누적범위
점수관련 통계 안알려줌
유계결석인정x
에쁠은 누구줌?
솔직히 답답함
수변기간에 주웠는데 첫 주수업 안간것도 결석처리하셨을듯ㅋㅋ
그거 아니면 중간2개틀리고 기말조진거같은 저 밑에 강의평이 에쁠인데 내가 에제인게 납득안감 
난 중간1개틀리고 기말괜찮게본거같은데"
한국음악의 이해,김유석,19,Spring,5.0,진짜 이런 꿀강도 없어요 중간고사 2개틀리고 기말은 모르는 문제 좀 나와서 성적 잘 안나오겠구나 싶었는데 에쁠떴어요 ㅠㅠ 출석 한번도 안빠지고 과제 열심히 냈어요!
한국음악의 이해,김유석,19,Spring,4.0,나머지 전부 잘하고 인정결석(3점깎으심)한번 하면 에제 나옴
한국음악의 이해,김유석,19,Spring,3.0,"하...진짜...교수님한테 찍혔나봐여
중간기말 잘 치고 수업 열심히 듣고
성적 왜 이러나 모르겠네"
한국음악의 이해,김승근,18,Spring,5.0,"3시간짜리 통강이었는데 수업(1.5시간)+연주 감상(0.5시간)+실습(1시간)으로 구성되어있습니다. 거기다가 수업시간엔 교수님께서 영상 자료를 많이 보여주시기 때문에 실제로 수업시간에 배우는 분량은 1~2페이지를 넘지 않습니다. 그래서 중간, 기말 모두 하루 전에 공부하고도 좋은 성적을 받았습니다. 과제로 중간 기말에 하나씩 공연감상레포트 2장짜리를 쓰는게 있는데 그렇게 로드가 많게 느껴지진 않습니다.
국악과는 거리가 먼 전공생이었지만 어렵지 않게 수업듣고 레폿쓰고 좋은 학점 받았습니다."
